date,close,热轧不锈钢：产能：中国（月）,冷轧不锈钢：产能：中国（月）,不锈钢粗钢：产能：中国（月）,不锈钢粗钢：产量：中国（月）,不锈钢粗钢：200：产量：中国（月）,不锈钢粗钢：300：产量：中国（月）,不锈钢粗钢：400：产量：中国（月）,不锈方坯：产量：中国（月）,冷轧不锈钢：产量：中国（月）,冷轧不锈钢：200：产量：中国（月）,冷轧不锈钢：300：产量：中国（月）,冷轧不锈钢：400：产量：中国（月）,不锈钢：表观消费量：中国（月）,不锈钢：库存：佛山（周）
"2015-09-30","","","","","","","","","","28.61","5.24","17.43","5.94","",""
"2015-10-02","","","","","","","","","","","","","","","109014"
"2015-10-16","","","","","","","","","","","","","","","109727"
"2015-10-30","","","","","","","","","","","","","","","108983"
"2015-10-31","","","","","","","","","","29.74","5.13","18.22","6.39","",""
"2015-11-13","","","","","","","","","","","","","","","110380"
"2015-11-30","","","","","","","","","","45.58","7.9","26.46","11.22","",""
"2015-12-04","","","","","","","","","","","","","","","103905"
"2015-12-18","","","","","","","","","","","","","","","99190"
"2015-12-31","","","","","","","","","","46.29","6.8","28","11.49","",""
"2016-01-01","","","","","","","","","","","","","","","96396"
"2016-01-15","","","","","","","","","","","","","","","90889"
"2016-01-29","","","","","","","","","","","","","","","88573"
"2016-01-31","","","","261.1","173.66","52.6","87.88","33.18","","44.01","5.3","27.74","10.97","",""
"2016-02-19","","","","","","","","","","","","","","","88228"
"2016-02-29","","","","261.1","127.81","26.4","70.11","31.3","","43.05","5.06","27.43","10.56","",""
"2016-03-04","","","","","","","","","","","","","","","103434"
"2016-03-18","","","","","","","","","","","","","","","100714"
"2016-03-31","","","","261.1","196.54","59.27","98.48","38.79","","46.398","4.87","29.395","12.133","",""
"2016-04-01","","","","","","","","","","","","","","","104823"
"2016-04-15","","","","","","","","","","","","","","","110357"
"2016-04-29","","","","","","","","","","","","","","","116482"
"2016-04-30","","","","261.1","202.43","69.02","97.03","36.38","","43.08","4.57","27.37","11.14","",""
"2016-05-13","","","","","","","","","","","","","","","132862"
"2016-05-31","","","","261.1","216","70.92","109.18","35.9","","43.97","3.84","29.54","10.59","",""
"2016-06-03","","","","","","","","","","","","","","","135101"
"2016-06-17","","","","","","","","","","","","","","","124386"
"2016-06-30","","","","261.1","199.16","62.22","103.69","33.25","","46.73","3.76","32.8","10.17","",""
"2016-07-01","","","","","","","","","","","","","","","128638"
"2016-07-15","","","","","","","","","","","","","","","124096"
"2016-07-29","","","","","","","","","","","","","","","124714"
"2016-07-31","","","","261.1","194.64","66.86","93.84","33.94","","45.14","4.67","30.05","10.42","",""
"2016-08-19","","","","","","","","","","","","","","","125928"
"2016-08-31","","","","261.1","199.27","72.83","92.99","33.45","","44.32","6.33","26.79","11.2","",""
"2016-09-02","","","","","","","","","","","","","","","130141"
"2016-09-16","","","","","","","","","","","","","","","129367"
"2016-09-30","","","","261.1","204.58","72.02","94.02","38.54","","40.51","6.5","20.94","13.07","","125955"
"2016-10-07","","","","","","","","","","","","","","","121921"
"2016-10-14","","","","","","","","","","","","","","","118079"
"2016-10-21","","","","","","","","","","","","","","","108110"
"2016-10-28","","","","","","","","","","","","","","","110677"
"2016-10-31","","","","261.1","213.97","70.84","103.87","39.26","","40.6","5.08","20.89","14.63","",""
"2016-11-04","","","","","","","","","","","","","","","112259"
"2016-11-11","","","","","","","","","","","","","","","110236"
"2016-11-18","","","","","","","","","","","","","","","109452"
"2016-11-25","","","","","","","","","","","","","","","111828"
"2016-11-30","","","","261.1","217.845","74.615","101.97","41.26","","44.27","4.25","27.57","12.45","",""
"2016-12-02","","","","","","","","","","","","","","","111454"
"2016-12-09","","","","","","","","","","","","","","","106799"
"2016-12-16","","","","","","","","","","","","","","","106540"
"2016-12-23","","","","","","","","","","","","","","","113698"
"2016-12-30","","","","","","","","","","","","","","","113275"
"2016-12-31","","","","261.1","216.03","71.32","102.07","42.64","","46.98","3.89","28.65","14.44","",""
"2017-01-06","","","","","","","","","","","","","","","113556"
"2017-01-13","","","","","","","","","","","","","","","111076"
"2017-01-20","","","","","","","","","","","","","","","110701"
"2017-01-31","","","","261.1","189.88","55.21","91.6","43.07","","40.88","3.25","24.44","13.19","",""
"2017-02-03","","","","","","","","","","","","","","","109728"
"2017-02-10","","","","","","","","","","","","","","","165176"
"2017-02-17","","","","","","","","","","","","","","","144617"
"2017-02-24","","","","","","","","","","","","","","","151991"
"2017-02-28","","","","261.1","191.04","66.36","91.31","33.37","","48.35","3.01","29.85","15.49","",""
"2017-03-03","","","","","","","","","","","","","","","154811"
"2017-03-10","","","","","","","","","","","","","","","160681"
"2017-03-17","","","","","","","","","","","","","","","178252"
"2017-03-24","","","","","","","","","","","","","","","189299"
"2017-03-31","","","","261.1","217.4","77.95","103.09","36.36","","45.12","4.69","27.21","13.22","","166887"
"2017-04-07","","","","","","","","","","","","","","","154311"
"2017-04-14","","","","","","","","","","","","","","","163374"
"2017-04-21","","","","","","","","","","","","","","","161534"
"2017-04-28","","","","","","","","","","","","","","","168189"
"2017-04-30","","","","261.1","192.97","66.05","95.42","31.5","","40.83","3.66","25.37","11.8","",""
"2017-05-05","","","","","","","","","","","","","","","158529"
"2017-05-12","","","","","","","","","","","","","","","155179"
"2017-05-19","","","","","","","","","","","","","","","146046"
"2017-05-26","","","","","","","","","","","","","","","146800"
"2017-05-31","","","","261.1","182.37","56.26","96.04","30.07","","35.195","3.354","22.11","9.731","",""
"2017-06-02","","","","","","","","","","","","","","","140877"
"2017-06-09","","","","","","","","","","","","","","","137911"
"2017-06-16","","","","","","","","","","","","","","","127864"
"2017-06-23","","","","","","","","","","","","","","","135110"
"2017-06-30","","","","291.1","206.44","61.22","111.24","33.98","","39.41","4.5","24.71","10.2","","139310"
"2017-07-07","","","","","","","","","","","","","","","134035"
"2017-07-14","","","","","","","","","","","","","","","135651"
"2017-07-21","","","","","","","","","","","","","","","115395"
"2017-07-28","","","","","","","","","","","","","","","119518"
"2017-07-31","","","","291.1","216.8","66.24","109.92","40.64","","42.852","5.01","27.34","10.502","",""
"2017-08-04","","","","","","","","","","","","","","","119452"
"2017-08-11","","","","","","","","","","","","","","","110992"
"2017-08-18","","","","","","","","","","","","","","","99037"
"2017-08-25","","","","","","","","","","","","","","","104030"
"2017-08-31","","","","291.1","222.87","66.05","116.35","40.47","","43.87","5.17","26.4","12.3","",""
"2017-09-01","","","","","","","","","","","","","","","101142"
"2017-09-08","","","","","","","","","","","","","","","101367"
"2017-09-15","","","","","","","","","","","","","","","107125"
"2017-09-22","","","","","","","","","","","","","","","109107"
"2017-09-29","","","","","","","","","","","","","","","108905"
"2017-09-30","","","","291.1","222.46","68.73","112.22","41.51","","44.08","8.03","24.38","11.67","",""
"2017-10-13","","","","","","","","","","","","","","","111673"
"2017-10-20","","","","","","","","","","","","","","","111007"
"2017-10-27","","","","","","","","","","","","","","","109682"
"2017-10-31","","","","291.1","227.96","74.58","110.45","42.93","","45.23","8.67","22.13","14.43","",""
"2017-11-03","","","","","","","","","","","","","","","110203"
"2017-11-10","","","","","","","","","","","","","","","115907"
"2017-11-17","","","","","","","","","","","","","","","113805"
"2017-11-24","","","","","","","","","","","","","","","113628"
"2017-11-30","","","","291.1","221.52","69.74","109.07","42.71","","41.7","8.31","21.52","11.87","",""
"2017-12-01","","","","","","","","","","","","","","","110255"
"2017-12-08","","","","","","","","","","","","","","","105400"
"2017-12-15","","","","","","","","","","","","","","","98269"
"2017-12-22","","","","","","","","","","","","","","","99361"
"2017-12-29","","","","","","","","","","","","","","","95422"
"2017-12-31","","","","291.1","223.33","71.42","108.18","43.73","","45.96","8.08","24.66","13.22","",""
"2018-01-05","","","","","","","","","","","","","","","93807"
"2018-01-12","","","","","","","","","","","","","","","98897"
"2018-01-19","","","","","","","","","","","","","","","97504"
"2018-01-26","","","","","","","","","","","","","","","93352"
"2018-01-31","","280","156.9","291.1","229.2","79.78","105.88","43.54","","46.04","8.48","25.89","11.67","191.5",""
"2018-02-02","","","","","","","","","","","","","","","88759"
"2018-02-09","","","","","","","","","","","","","","","90319"
"2018-02-23","","","","","","","","","","","","","","","100059"
"2018-02-28","","280","156.9","291.1","173.917","55.46","83.33","35.127","","38.31","6.38","20.42","11.51","137.6",""
"2018-03-02","","","","","","","","","","","","","","","113117"
"2018-03-09","","","","","","","","","","","","","","","114015"
"2018-03-16","","","","","","","","","","","","","","","146019"
"2018-03-23","","","","","","","","","","","","","","","151844"
"2018-03-30","","","","","","","","","","","","","","","148968"
"2018-03-31","","280","156.9","291.1","210.553","71","98.71","40.843","","43.35","4.69","27.67","10.99","167.4",""
"2018-04-06","","","","","","","","","","","","","","","154627"
"2018-04-13","","","","","","","","","","","","","","","150882"
"2018-04-20","","","","","","","","","","","","","","","147698"
"2018-04-27","","","","","","","","","","","","","","","142393"
"2018-04-30","","280","161.9","291.1","217.74","72.99","106.17","38.58","","40.86","7.99","20.82","12.05","174.3",""
"2018-05-04","","","","","","","","","","","","","","","132328"
"2018-05-11","","","","","","","","","","","","","","","129866"
"2018-05-18","","","","","","","","","","","","","","","123029"
"2018-05-25","","","","","","","","","","","","","","","118775"
"2018-05-31","","280","156.9","291.1","214.55","71.09","103.7","39.76","","46.62","9.63","23.81","13.18","174.7",""
"2018-06-01","","","","","","","","","","","","","","","111607"
"2018-06-08","","","","","","","","","","","","","","","105519"
"2018-06-15","","","","","","","","","","","","","","","108963"
"2018-06-22","","","","","","","","","","","","","","","112732"
"2018-06-29","","","","","","","","","","","","","","","116303"
"2018-06-30","","267.5","156.9","282","204.58","71.02","96.93","36.63","","42.77","9.93","21.35","11.49","167.5",""
"2018-07-06","","","","","","","","","","","","","","","120585"
"2018-07-13","","","","","","","","","","","","","","","124123"
"2018-07-20","","","","","","","","","","","","","","","129287"
"2018-07-27","","","","","","","","","","","","","","","128312"
"2018-07-31","","267.5","159.4","282","211.88","66.62","105.63","39.63","","43.95","8.72","23","12.23","171.7",""
"2018-08-03","","","","","","","","","","","","","","","123617"
"2018-08-10","","","","","","","","","","","","","","","129623"
"2018-08-17","","","","","","","","","","","","","","","132951"
"2018-08-24","","","","","","","","","","","","","","","130210"
"2018-08-31","","267.5","159.4","289.5","221.843","71.65","106.5","43.693","","45.13","9.36","21.88","13.89","185","127782"
"2018-09-07","","","","","","","","","","","","","","","124434"
"2018-09-14","","","","","","","","","","","","","","","122822"
"2018-09-21","","","","","","","","","","","","","","","129119"
"2018-09-28","","","","","","","","","","","","","","","130645"
"2018-09-30","","267.5","159.4","289.5","222.427","71.8","107.78","42.847","","","","","","186.9",""
"2018-10-12","","","","","","","","","","","","","","","144175"
"2018-10-19","","","","","","","","","","","","","","","136335"
"2018-10-26","","","","","","","","","","","","","","","126754"
"2018-10-31","","267.5","159.4","289.5","237.484","69.4","123.17","44.914","","","","","","198.2",""
"2018-11-02","","","","","","","","","","","","","","","123360"
"2018-11-09","","","","","","","","","","","","","","","113540"
"2018-11-16","","","","","","","","","","","","","","","115050"
"2018-11-23","","","","","","","","","","","","","","","125400"
"2018-11-30","","267.5","159.4","289.5","223.637","64.35","117.91","41.377","","","","","","183.9","131290"
"2018-12-07","","","","","","","","","","","","","","","141330"
"2018-12-14","","","","","","","","","","","","","","","127560"
"2018-12-28","","","","","","","","","","","","","","","112770"
"2018-12-31","","267.5","159.4","289.5","221.996","69.62","115.55","36.826","","","","","","187.1",""
"2019-01-04","","","","","","","","","","","","","","","110510"
"2019-01-11","","","","","","","","","","","","","","","111910"
"2019-01-25","","","","","","","","","","","","","","","131300"
"2019-01-31","","267.5","159.4","289.5","204.3","63.02","98.37","42.91","","","","","","168.2",""
"2019-02-15","","","","","","","","","","","","","","","167671"
"2019-02-22","","","","","","","","","","","","","","","160762"
"2019-02-28","","284.2","159.4","289.5","183.15","55","92.69","35.46","","","","","","151.5",""
"2019-03-08","","","","","","","","","","","","","","","164771"
"2019-03-15","","","","","","","","","","","","","","","154044"
"2019-03-22","","","","","","","","","","","","","","","164660"
"2019-03-29","","","","","","","","","","","","","","","154806"
"2019-03-31","","284.2","159.4","289.5","246.43","82.16","125.51","38.76","","","","","","213.8",""
"2019-04-05","","","","","","","","","","","","","","","154068"
"2019-04-12","","","","","","","","","","","","","","","160269"
"2019-04-19","","","","","","","","","","","","","","","165205"
"2019-04-26","","","","","","","","","","","","","","","176750"
"2019-04-30","","284.2","159.4","289.5","242.04","83.54","118.87","39.63","26.37","","","","","193.1",""
"2019-05-10","","","","","","","","","","","","","","","191010"
"2019-05-17","","","","","","","","","","","","","","","197680"
"2019-05-24","","","","","","","","","","","","","","","203640"
"2019-05-31","","284.2","159.4","289.5","247.34","89.8","114.71","42.83","25.96","","","","","194.9","198252"
"2019-06-07","","","","","","","","","","","","","","","199590"
"2019-06-14","","","","","","","","","","","","","","","194380"
"2019-06-21","","","","","","","","","","","","","","","177430"
"2019-06-28","","","","","","","","","","","","","","","182380"
"2019-06-30","","284.2","159.4","289.5","247.48","93.14","111.78","42.56","26.54","","","","","200.8",""
"2019-07-05","","","","","","","","","","","","","","","185500"
"2019-07-12","","","","","","","","","","","","","","","180490"
"2019-07-19","","","","","","","","","","","","","","","182060"
"2019-07-26","","","","","","","","","","","","","","","204110"
"2019-07-31","","284.2","159.4","289.5","265.89","101.89","123.48","40.52","27.23","","","","","214.8",""
"2019-08-02","","","","","","","","","","","","","","","205750"
"2019-08-09","","","","","","","","","","","","","","","220210"
"2019-08-16","","","","","","","","","","","","","","","243800"
"2019-08-23","","","","","","","","","","","","","","","246713"
"2019-08-31","","284.2","159.4","289.5","270.36","99.5","127.53","43.33","25.85","","","","","213",""
"2019-09-06","","","","","","","","","","","","","","","239690"
"2019-09-13","","","","","","","","","","","","","","","255790"
"2019-09-20","","","","","","","","","","","","","","","258830"
"2019-09-25","15575","","","","","","","","","","","","","",""
"2019-09-26","15705","","","","","","","","","","","","","",""
"2019-09-27","15725","","","","","","","","","","","","","",""
"2019-09-30","15700","284.2","159.4","289.5","251.74","87.76","119.66","44.32","25.28","","","","","205",""
"2019-10-08","15675","","","","","","","","","","","","","",""
"2019-10-09","15675","","","","","","","","","","","","","",""
"2019-10-10","15765","","","","","","","","","","","","","",""
"2019-10-11","15745","","","","","","","","","","","","","","258012"
"2019-10-14","15765","","","","","","","","","","","","","",""
"2019-10-15","15440","","","","","","","","","","","","","",""
"2019-10-16","15490","","","","","","","","","","","","","",""
"2019-10-17","15180","","","","","","","","","","","","","",""
"2019-10-18","15020","","","","","","","","","","","","","","244735"
"2019-10-21","14850","","","","","","","","","","","","","",""
"2019-10-22","14895","","","","","","","","","","","","","",""
"2019-10-23","14975","","","","","","","","","","","","","",""
"2019-10-24","15005","","","","","","","","","","","","","",""
"2019-10-25","14960","","","","","","","","","","","","","","252152"
"2019-10-28","15005","","","","","","","","","","","","","",""
"2019-10-29","15025","","","","","","","","","","","","","",""
"2019-10-30","15065","","","","","","","","","","","","","",""
"2019-10-31","14985","284.2","165.2","289.5","249.47","79.38","122.19","47.9","24.75","","","","","202.4",""
"2019-11-01","15000","","","","","","","","","","","","","","251591"
"2019-11-04","14975","","","","","","","","","","","","","",""
"2019-11-05","14910","","","","","","","","","","","","","",""
"2019-11-06","14930","","","","","","","","","","","","","",""
"2019-11-07","14920","","","","","","","","","","","","","",""
"2019-11-08","14780","","","","","","","","","","","","","","244034"
"2019-11-11","14210","","","","","","","","","","","","","",""
"2019-11-12","14385","","","","","","","","","","","","","",""
"2019-11-13","14360","","","","","","","","","","","","","",""
"2019-11-14","14370","","","","","","","","","","","","","",""
"2019-11-15","14375","","","","","","","","","","","","","","225791"
"2019-11-18","14300","","","","","","","","","","","","","",""
"2019-11-19","14380","","","","","","","","","","","","","",""
"2019-11-20","14415","","","","","","","","","","","","","",""
"2019-11-21","14375","","","","","","","","","","","","","",""
"2019-11-22","14530","","","","","","","","","","","","","","221164"
"2019-11-25","14525","","","","","","","","","","","","","",""
"2019-11-26","14370","","","","","","","","","","","","","",""
"2019-11-27","14220","","","","","","","","","","","","","",""
"2019-11-28","14110","","","","","","","","","","","","","",""
"2019-11-29","14005","","","","","","","","","","","","","","219304"
"2019-11-30","","284.2","171.5","289.5","247.38","80.5","117.59","49.29","23.6","","","","","200.6",""
"2019-12-02","13930","","","","","","","","","","","","","",""
"2019-12-03","14020","","","","","","","","","","","","","",""
"2019-12-04","13850","","","","","","","","","","","","","",""
"2019-12-05","13880","","","","","","","","","","","","","",""
"2019-12-06","13950","","","","","","","","","","","","","","197387"
"2019-12-09","13935","","","","","","","","","","","","","",""
"2019-12-10","13985","","","","","","","","","","","","","",""
"2019-12-11","14200","","","","","","","","","","","","","",""
"2019-12-12","14235","","","","","","","","","","","","","",""
"2019-12-13","14275","","","","","","","","","","","","","","175503"
"2019-12-16","14255","","","","","","","","","","","","","",""
"2019-12-17","14300","","","","","","","","","","","","","",""
"2019-12-18","14295","","","","","","","","","","","","","",""
"2019-12-19","14395","","","","","","","","","","","","","",""
"2019-12-20","14340","","","","","","","","","","","","","","158995"
"2019-12-23","14440","","","","","","","","","","","","","",""
"2019-12-24","14310","","","","","","","","","","","","","",""
"2019-12-25","14240","","","","","","","","","","","","","",""
"2019-12-26","14270","","","","","","","","","","","","","",""
"2019-12-27","14240","","","","","","","","","","","","","","151569"
"2019-12-30","14345","","","","","","","","","","","","","",""
"2019-12-31","14410","284.2","171.5","289.5","242.1","79.11","112.72","50.27","23.54","","","","","205.3",""
"2020-01-02","13805","","","","","","","","","","","","","",""
"2020-01-03","13750","","","","","","","","","","","","","","155553"
"2020-01-06","13895","","","","","","","","","","","","","",""
"2020-01-07","13930","","","","","","","","","","","","","",""
"2020-01-08","13965","","","","","","","","","","","","","",""
"2020-01-09","13950","","","","","","","","","","","","","",""
"2020-01-10","14065","","","","","","","","","","","","","","157596"
"2020-01-13","14030","","","","","","","","","","","","","",""
"2020-01-14","13840","","","","","","","","","","","","","",""
"2020-01-15","13830","","","","","","","","","","","","","",""
"2020-01-16","13935","","","","","","","","","","","","","",""
"2020-01-17","13840","","","","","","","","","","","","","","188960"
"2020-01-20","13860","","","","","","","","","","","","","",""
"2020-01-21","13865","","","","","","","","","","","","","",""
"2020-01-22","13850","","","","","","","","","","","","","",""
"2020-01-23","13705","","","","","","","","","","","","","",""
"2020-01-31","","284.2","177.3","289.5","204.06","67.96","92.85","43.25","21.83","89.86","19.29","52.92","17.65","163.5","203880"
"2020-02-03","13030","","","","","","","","","","","","","",""
"2020-02-04","13245","","","","","","","","","","","","","",""
"2020-02-05","13235","","","","","","","","","","","","","",""
"2020-02-06","13265","","","","","","","","","","","","","",""
"2020-02-07","13270","","","","","","","","","","","","","","212970"
"2020-02-10","13290","","","","","","","","","","","","","",""
"2020-02-11","13395","","","","","","","","","","","","","",""
"2020-02-12","13500","","","","","","","","","","","","","",""
"2020-02-13","13465","","","","","","","","","","","","","",""
"2020-02-14","13295","","","","","","","","","","","","","","226570"
"2020-02-17","13345","","","","","","","","","","","","","",""
"2020-02-18","13250","","","","","","","","","","","","","",""
"2020-02-19","13175","","","","","","","","","","","","","",""
"2020-02-20","13250","","","","","","","","","","","","","",""
"2020-02-21","13200","","","","","","","","","","","","","","323119"
"2020-02-24","13085","","","","","","","","","","","","","",""
"2020-02-25","12980","","","","","","","","","","","","","",""
"2020-02-26","12660","","","","","","","","","","","","","",""
"2020-02-27","12690","","","","","","","","","","","","","",""
"2020-02-28","12470","","","","","","","","","","","","","","351358"
"2020-02-29","","284.2","177.3","289.5","184.35","51.81","96.3","36.24","16.27","80.97","18.435","45.771","16.764","121.6",""
"2020-03-02","12650","","","","","","","","","","","","","",""
"2020-03-03","12675","","","","","","","","","","","","","",""
"2020-03-04","12580","","","","","","","","","","","","","",""
"2020-03-05","12645","","","","","","","","","","","","","",""
"2020-03-06","12595","","","","","","","","","","","","","","391240"
"2020-03-09","12200","","","","","","","","","","","","","",""
"2020-03-10","12445","","","","","","","","","","","","","",""
"2020-03-11","12370","","","","","","","","","","","","","",""
"2020-03-12","12260","","","","","","","","","","","","","",""
"2020-03-13","12180","","","","","","","","","","","","","","388988"
"2020-03-16","12215","","","","","","","","","","","","","",""
"2020-03-17","12200","","","","","","","","","","","","","",""
"2020-03-18","12045","","","","","","","","","","","","","",""
"2020-03-19","11945","","","","","","","","","","","","","",""
"2020-03-20","11985","","","","","","","","","","","","","","367750"
"2020-03-23","11800","","","","","","","","","","","","","",""
"2020-03-24","11800","","","","","","","","","","","","","",""
"2020-03-25","11980","","","","","","","","","","","","","",""
"2020-03-26","11950","","","","","","","","","","","","","",""
"2020-03-27","12070","","","","","","","","","","","","","","355358"
"2020-03-30","11880","","","","","","","","","","","","","",""
"2020-03-31","11980","284.2","179.6","289.5","214.52","70.7","106.58","37.24","23.5","106.2","31.475","57.005","17.72","148.3",""
"2020-04-01","11985","","","","","","","","","","","","","",""
"2020-04-02","11955","","","","","","","","","","","","","",""
"2020-04-03","11915","","","","","","","","","","","","","","332530"
"2020-04-07","12050","","","","","","","","","","","","","",""
"2020-04-08","12205","","","","","","","","","","","","","",""
"2020-04-09","12295","","","","","","","","","","","","","",""
"2020-04-10","12455","","","","","","","","","","","","","","318635"
"2020-04-13","12510","","","","","","","","","","","","","",""
"2020-04-14","12805","","","","","","","","","","","","","",""
"2020-04-15","12860","","","","","","","","","","","","","",""
"2020-04-16","12695","","","","","","","","","","","","","",""
"2020-04-17","12945","","","","","","","","","","","","","","301866"
"2020-04-20","13320","","","","","","","","","","","","","",""
"2020-04-21","13030","","","","","","","","","","","","","",""
"2020-04-22","12950","","","","","","","","","","","","","",""
"2020-04-23","13035","","","","","","","","","","","","","",""
"2020-04-24","12940","","","","","","","","","","","","","","288407"
"2020-04-27","12915","","","","","","","","","","","","","",""
"2020-04-28","12885","","","","","","","","","","","","","",""
"2020-04-29","12820","","","","","","","","","","","","","",""
"2020-04-30","12860","284.2","179.6","289.5","223.91","75.46","115.22","33.23","32.56","108.21","33.25","57.04","17.92","230.2",""
"2020-05-01","","","","","","","","","","","","","","","264546"
"2020-05-06","13215","","","","","","","","","","","","","",""
"2020-05-07","13115","","","","","","","","","","","","","",""
"2020-05-08","13190","","","","","","","","","","","","","","260122"
"2020-05-11","13675","","","","","","","","","","","","","",""
"2020-05-12","13435","","","","","","","","","","","","","",""
"2020-05-13","13505","","","","","","","","","","","","","",""
"2020-05-14","13420","","","","","","","","","","","","","",""
"2020-05-15","13340","","","","","","","","","","","","","","247087"
"2020-05-18","13425","","","","","","","","","","","","","",""
"2020-05-19","13455","","","","","","","","","","","","","",""
"2020-05-20","13380","","","","","","","","","","","","","",""
"2020-05-21","13635","","","","","","","","","","","","","",""
"2020-05-22","13120","","","","","","","","","","","","","","240475"
"2020-05-25","13255","","","","","","","","","","","","","",""
"2020-05-26","13250","","","","","","","","","","","","","",""
"2020-05-27","13140","","","","","","","","","","","","","",""
"2020-05-28","13060","","","","","","","","","","","","","",""
"2020-05-29","12955","","","","","","","","","","","","","","237540"
"2020-05-31","","284.2","179.6","289.5","236.37","81.69","119.25","35.43","39.02","109.933","37.073","53.1","19.76","241.9",""
"2020-06-01","13095","","","","","","","","","","","","","",""
"2020-06-02","13045","","","","","","","","","","","","","",""
"2020-06-03","13030","","","","","","","","","","","","","",""
"2020-06-04","12840","","","","","","","","","","","","","",""
"2020-06-05","12950","","","","","","","","","","","","","","242878"
"2020-06-08","12990","","","","","","","","","","","","","",""
"2020-06-09","12945","","","","","","","","","","","","","",""
"2020-06-10","12910","","","","","","","","","","","","","",""
"2020-06-11","12820","","","","","","","","","","","","","",""
"2020-06-12","12765","","","","","","","","","","","","","","228030"
"2020-06-15","12585","","","","","","","","","","","","","",""
"2020-06-16","12745","","","","","","","","","","","","","",""
"2020-06-17","12720","","","","","","","","","","","","","",""
"2020-06-18","12745","","","","","","","","","","","","","",""
"2020-06-19","13250","","","","","","","","","","","","","","229122"
"2020-06-22","13205","","","","","","","","","","","","","",""
"2020-06-23","13190","","","","","","","","","","","","","",""
"2020-06-24","13150","","","","","","","","","","","","","",""
"2020-06-26","","","","","","","","","","","","","","","237439"
"2020-06-29","13160","","","","","","","","","","","","","",""
"2020-06-30","13105","284.2","179.6","289.5","253.87","84.7","126.2","42.97","38.26","103.89","32.32","54.59","16.98","234.6",""
"2020-07-01","13155","","","","","","","","","","","","","",""
"2020-07-02","13355","","","","","","","","","","","","","",""
"2020-07-03","13380","","","","","","","","","","","","","","249847"
"2020-07-06","13325","","","","","","","","","","","","","",""
"2020-07-07","13415","","","","","","","","","","","","","",""
"2020-07-08","13520","","","","","","","","","","","","","",""
"2020-07-09","13545","","","","","","","","","","","","","",""
"2020-07-10","13405","","","","","","","","","","","","","","242209"
"2020-07-13","13665","","","","","","","","","","","","","",""
"2020-07-14","13590","","","","","","","","","","","","","",""
"2020-07-15","13555","","","","","","","","","","","","","",""
"2020-07-16","13405","","","","","","","","","","","","","",""
"2020-07-17","13450","","","","","","","","","","","","","","243499"
"2020-07-20","13420","","","","","","","","","","","","","",""
"2020-07-21","13505","","","","","","","","","","","","","",""
"2020-07-22","13580","","","","","","","","","","","","","",""
"2020-07-23","13470","","","","","","","","","","","","","",""
"2020-07-24","13690","","","","","","","","","","","","","","244619"
"2020-07-27","13720","","","","","","","","","","","","","",""
"2020-07-28","13785","","","","","","","","","","","","","",""
"2020-07-29","13760","","","","","","","","","","","","","",""
"2020-07-30","13905","","","","","","","","","","","","","",""
"2020-07-31","14075","284.2","179.6","289.5","272.72","85.75","141.65","45.32","37.68","120.14","36.81","64.53","18.8","258.2","226197"
"2020-08-03","13995","","","","","","","","","","","","","",""
"2020-08-04","14155","","","","","","","","","","","","","",""
"2020-08-05","14460","","","","","","","","","","","","","",""
"2020-08-06","14430","","","","","","","","","","","","","",""
"2020-08-07","14385","","","","","","","","","","","","","","227380"
"2020-08-10","14175","","","","","","","","","","","","","",""
"2020-08-11","13975","","","","","","","","","","","","","",""
"2020-08-12","14060","","","","","","","","","","","","","",""
"2020-08-13","14135","","","","","","","","","","","","","",""
"2020-08-14","14380","","","","","","","","","","","","","","212349"
"2020-08-17","14905","","","","","","","","","","","","","",""
"2020-08-18","15015","","","","","","","","","","","","","",""
"2020-08-19","14755","","","","","","","","","","","","","",""
"2020-08-20","14890","","","","","","","","","","","","","",""
"2020-08-21","14705","","","","","","","","","","","","","","199297"
"2020-08-24","14970","","","","","","","","","","","","","",""
"2020-08-25","14955","","","","","","","","","","","","","",""
"2020-08-26","15165","","","","","","","","","","","","","",""
"2020-08-27","15090","","","","","","","","","","","","","",""
"2020-08-28","15195","","","","","","","","","","","","","","202982"
"2020-08-31","15320","284.2","181.3","289.5","277.46","85.49","143.91","48.06","37.87","124.79","39.52","66.43","18.84","243.76",""
"2020-09-01","15275","","","","","","","","","","","","","",""
"2020-09-02","15235","","","","","","","","","","","","","",""
"2020-09-03","14935","","","","","","","","","","","","","",""
"2020-09-04","14775","","","","","","","","","","","","","","210767"
"2020-09-07","14805","","","","","","","","","","","","","",""
"2020-09-08","14880","","","","","","","","","","","","","",""
"2020-09-09","14190","","","","","","","","","","","","","",""
"2020-09-10","14125","","","","","","","","","","","","","",""
"2020-09-11","14215","","","","","","","","","","","","","","212204"
"2020-09-14","14450","","","","","","","","","","","","","",""
"2020-09-15","14400","","","","","","","","","","","","","",""
"2020-09-16","14110","","","","","","","","","","","","","",""
"2020-09-17","14005","","","","","","","","","","","","","",""
"2020-09-18","14125","","","","","","","","","","","","","","224414"
"2020-09-21","14000","","","","","","","","","","","","","",""
"2020-09-22","13925","","","","","","","","","","","","","",""
"2020-09-23","14000","","","","","","","","","","","","","",""
"2020-09-24","14260","","","","","","","","","","","","","",""
"2020-09-25","14330","","","","","","","","","","","","","","216396"
"2020-09-28","14380","","","","","","","","","","","","","",""
"2020-09-29","14330","","","","","","","","","","","","","",""
"2020-09-30","14180","284.2","181.3","289.5","277.51","82.45","146.48","48.58","34.73","122.82","38.48","62.35","21.99","233.76",""
"2020-10-09","14690","","","","","","","","","","","","","","236703"
"2020-10-12","14515","","","","","","","","","","","","","",""
"2020-10-13","14375","","","","","","","","","","","","","",""
"2020-10-14","14380","","","","","","","","","","","","","",""
"2020-10-15","14340","","","","","","","","","","","","","",""
"2020-10-16","14460","","","","","","","","","","","","","","216651"
"2020-10-19","14495","","","","","","","","","","","","","",""
"2020-10-20","14505","","","","","","","","","","","","","",""
"2020-10-21","14695","","","","","","","","","","","","","",""
"2020-10-22","14515","","","","","","","","","","","","","",""
"2020-10-23","14535","","","","","","","","","","","","","","209229"
"2020-10-26","14250","","","","","","","","","","","","","",""
"2020-10-27","14210","","","","","","","","","","","","","",""
"2020-10-28","14775","","","","","","","","","","","","","",""
"2020-10-29","14345","","","","","","","","","","","","","",""
"2020-10-30","14115","","","","","","","","","","","","","","193599"
"2020-10-31","","300.9","181.3","289.5","279.77","88.29","135.08","56.4","31.4","127.51","39.09","64.84","23.58","268.23",""
"2020-11-02","13805","","","","","","","","","","","","","",""
"2020-11-03","13865","","","","","","","","","","","","","",""
"2020-11-04","13855","","","","","","","","","","","","","",""
"2020-11-05","13830","","","","","","","","","","","","","",""
"2020-11-06","13855","","","","","","","","","","","","","","197607"
"2020-11-09","13980","","","","","","","","","","","","","",""
"2020-11-10","13785","","","","","","","","","","","","","",""
"2020-11-11","13675","","","","","","","","","","","","","",""
"2020-11-12","13490","","","","","","","","","","","","","",""
"2020-11-13","13550","","","","","","","","","","","","","","199311"
"2020-11-16","13305","","","","","","","","","","","","","",""
"2020-11-17","12995","","","","","","","","","","","","","",""
"2020-11-18","13040","","","","","","","","","","","","","",""
"2020-11-19","13145","","","","","","","","","","","","","",""
"2020-11-20","13170","","","","","","","","","","","","","","211220"
"2020-11-23","13365","","","","","","","","","","","","","",""
"2020-11-24","13405","","","","","","","","","","","","","",""
"2020-11-25","13270","","","","","","","","","","","","","",""
"2020-11-26","13180","","","","","","","","","","","","","",""
"2020-11-27","13355","","","","","","","","","","","","","","194616"
"2020-11-30","13315","300.9","181.3","295.33","279.64","92.92","128.02","58.7","30.11","129.57","37.9","67.5","24.17","255.36",""
"2020-12-01","13265","","","","","","","","","","","","","",""
"2020-12-02","13375","","","","","","","","","","","","","",""
"2020-12-03","13330","","","","","","","","","","","","","",""
"2020-12-04","13320","","","","","","","","","","","","","","178705"
"2020-12-07","13505","","","","","","","","","","","","","",""
"2020-12-08","13460","","","","","","","","","","","","","",""
"2020-12-09","13525","","","","","","","","","","","","","",""
"2020-12-10","13460","","","","","","","","","","","","","",""
"2020-12-11","13930","","","","","","","","","","","","","","157800"
"2020-12-14","14135","","","","","","","","","","","","","",""
"2020-12-15","14055","","","","","","","","","","","","","",""
"2020-12-16","13785","","","","","","","","","","","","","",""
"2020-12-17","13885","","","","","","","","","","","","","",""
"2020-12-18","13965","","","","","","","","","","","","","","151994"
"2020-12-21","13995","","","","","","","","","","","","","",""
"2020-12-22","13300","","","","","","","","","","","","","",""
"2020-12-23","13305","","","","","","","","","","","","","",""
"2020-12-24","13385","","","","","","","","","","","","","",""
"2020-12-25","13690","","","","","","","","","","","","","","134461"
"2020-12-28","13595","","","","","","","","","","","","","",""
"2020-12-29","13295","","","","","","","","","","","","","",""
"2020-12-30","13385","","","","","","","","","","","","","",""
"2020-12-31","13440","300.9","181.3","295.33","279.6343","94.8443","123.32","61.47","29.43","132.62","37.33","69.67","25.62","264.63",""
"2021-01-01","","","","","","","","","","","","","","","122025"
"2021-01-04","13735","","","","","","","","","","","","","",""
"2021-01-05","13960","","","","","","","","","","","","","",""
"2021-01-06","14030","","","","","","","","","","","","","",""
"2021-01-07","14725","","","","","","","","","","","","","",""
"2021-01-08","14445","","","","","","","","","","","","","","126180"
"2021-01-11","13930","","","","","","","","","","","","","",""
"2021-01-12","13905","","","","","","","","","","","","","",""
"2021-01-13","13910","","","","","","","","","","","","","",""
"2021-01-14","13935","","","","","","","","","","","","","",""
"2021-01-15","13970","","","","","","","","","","","","","","126425"
"2021-01-18","14335","","","","","","","","","","","","","",""
"2021-01-19","14300","","","","","","","","","","","","","",""
"2021-01-20","14405","","","","","","","","","","","","","",""
"2021-01-21","14400","","","","","","","","","","","","","",""
"2021-01-22","14085","","","","","","","","","","","","","","139737"
"2021-01-25","14365","","","","","","","","","","","","","",""
"2021-01-26","14450","","","","","","","","","","","","","",""
"2021-01-27","14360","","","","","","","","","","","","","",""
"2021-01-28","14215","","","","","","","","","","","","","",""
"2021-01-29","14260","","","","","","","","","","","","","","147382"
"2021-01-31","","300.9","181.3","295.33","276.86","97.67","119.2","59.99","29.75","131.3","39.16","64.83","27.31","230.66",""
"2021-02-01","14450","","","","","","","","","","","","","",""
"2021-02-02","14230","","","","","","","","","","","","","",""
"2021-02-03","14185","","","","","","","","","","","","","",""
"2021-02-04","14285","","","","","","","","","","","","","",""
"2021-02-05","14380","","","","","","","","","","","","","","186410"
"2021-02-08","14460","","","","","","","","","","","","","",""
"2021-02-09","14460","","","","","","","","","","","","","",""
"2021-02-10","14490","","","","","","","","","","","","","",""
"2021-02-18","14860","","","","","","","","","","","","","",""
"2021-02-19","15330","","","","","","","","","","","","","","254780"
"2021-02-22","15280","","","","","","","","","","","","","",""
"2021-02-23","15330","","","","","","","","","","","","","",""
"2021-02-24","15195","","","","","","","","","","","","","",""
"2021-02-25","15500","","","","","","","","","","","","","",""
"2021-02-26","15005","","","","","","","","","","","","","","310150"
"2021-02-28","","300.9","181.3","295.33","257.78","87.04","113.22","57.52","25","112.13","35.2","52.41","24.52","183.72",""
"2021-03-01","15060","","","","","","","","","","","","","",""
"2021-03-02","14900","","","","","","","","","","","","","",""
"2021-03-03","14685","","","","","","","","","","","","","",""
"2021-03-04","13990","","","","","","","","","","","","","",""
"2021-03-05","14235","","","","","","","","","","","","","","336310"
"2021-03-08","14170","","","","","","","","","","","","","",""
"2021-03-09","13945","","","","","","","","","","","","","",""
"2021-03-10","13850","","","","","","","","","","","","","",""
"2021-03-11","14070","","","","","","","","","","","","","",""
"2021-03-12","13950","","","","","","","","","","","","","","313530"
"2021-03-15","14045","","","","","","","","","","","","","",""
"2021-03-16","13935","","","","","","","","","","","","","",""
"2021-03-17","13955","","","","","","","","","","","","","",""
"2021-03-18","14030","","","","","","","","","","","","","",""
"2021-03-19","13965","","","","","","","","","","","","","","289350"
"2021-03-22","14190","","","","","","","","","","","","","",""
"2021-03-23","14300","","","","","","","","","","","","","",""
"2021-03-24","14235","","","","","","","","","","","","","",""
"2021-03-25","14280","","","","","","","","","","","","","",""
"2021-03-26","14460","","","","","","","","","","","","","","265812.885"
"2021-03-29","14500","","","","","","","","","","","","","",""
"2021-03-30","14695","","","","","","","","","","","","","",""
"2021-03-31","14415","300.9","181.3","295.33","299.94","99.83","134.33","65.78","29.6","132.26","40.72","63.23","28.31","277.57",""
"2021-04-01","14285","","","","","","","","","","","","","",""
"2021-04-02","14275","","","","","","","","","","","","","","258020"
"2021-04-06","14310","","","","","","","","","","","","","",""
"2021-04-07","14470","","","","","","","","","","","","","",""
"2021-04-08","14475","","","","","","","","","","","","","",""
"2021-04-09","14400","","","","","","","","","","","","","","261904"
"2021-04-12","14060","","","","","","","","","","","","","",""
"2021-04-13","13965","","","","","","","","","","","","","",""
"2021-04-14","13845","","","","","","","","","","","","","",""
"2021-04-15","13845","","","","","","","","","","","","","",""
"2021-04-16","13925","","","","","","","","","","","","","","241558"
"2021-04-19","13950","","","","","","","","","","","","","",""
"2021-04-20","13955","","","","","","","","","","","","","",""
"2021-04-21","13915","","","","","","","","","","","","","",""
"2021-04-22","13840","","","","","","","","","","","","","",""
"2021-04-23","14005","","","","","","","","","","","","","","250633.918"
"2021-04-26","14190","","","","","","","","","","","","","",""
"2021-04-27","14520","","","","","","","","","","","","","",""
"2021-04-28","14660","","","","","","","","","","","","","",""
"2021-04-29","14510","","","","","","","","","","","","","",""
"2021-04-30","14495","300.9","181.3","295.33","289.27","87.04","141.91","60.32","31.13","132.56","39.05","67.47","26.04","260.05","215849.9"
"2021-05-06","15130","","","","","","","","","","","","","",""
"2021-05-07","14980","","","","","","","","","","","","","","249396.217"
"2021-05-10","15295","","","","","","","","","","","","","",""
"2021-05-11","15395","","","","","","","","","","","","","",""
"2021-05-12","15580","","","","","","","","","","","","","",""
"2021-05-13","15260","","","","","","","","","","","","","",""
"2021-05-14","15110","","","","","","","","","","","","","","233174.878"
"2021-05-17","15285","","","","","","","","","","","","","",""
"2021-05-18","15645","","","","","","","","","","","","","",""
"2021-05-19","15565","","","","","","","","","","","","","",""
"2021-05-20","15130","","","","","","","","","","","","","",""
"2021-05-21","15165","","","","","","","","","","","","","","211099.289"
"2021-05-24","15000","","","","","","","","","","","","","",""
"2021-05-25","14920","","","","","","","","","","","","","",""
"2021-05-26","14880","","","","","","","","","","","","","",""
"2021-05-27","15090","","","","","","","","","","","","","",""
"2021-05-28","15495","","","","","","","","","","","","","","195638"
"2021-05-31","15750","300.9","181.3","295.33","279.22","79.02","151.99","48.21","33.09","129.45","43.13","62.25","24.07","262.64",""
"2021-06-01","16165","","","","","","","","","","","","","",""
"2021-06-02","16125","","","","","","","","","","","","","",""
"2021-06-03","16090","","","","","","","","","","","","","",""
"2021-06-04","15535","","","","","","","","","","","","","","184511"
"2021-06-07","15530","","","","","","","","","","","","","",""
"2021-06-08","15460","","","","","","","","","","","","","",""
"2021-06-09","15810","","","","","","","","","","","","","",""
"2021-06-10","15905","","","","","","","","","","","","","",""
"2021-06-11","16585","","","","","","","","","","","","","","150210"
"2021-06-15","16390","","","","","","","","","","","","","",""
"2021-06-16","16075","","","","","","","","","","","","","",""
"2021-06-17","16160","","","","","","","","","","","","","",""
"2021-06-18","16155","","","","","","","","","","","","","","166915"
"2021-06-21","16080","","","","","","","","","","","","","",""
"2021-06-22","16435","","","","","","","","","","","","","",""
"2021-06-23","16365","","","","","","","","","","","","","",""
"2021-06-24","16615","","","","","","","","","","","","","",""
"2021-06-25","16750","","","","","","","","","","","","","","158489"
"2021-06-28","16645","","","","","","","","","","","","","",""
"2021-06-29","16555","","","","","","","","","","","","","",""
"2021-06-30","16830","300.9","181.3","310.3","287.07","83.93","153.14","50","35.62","124.84","36.23","67.9","20.71","249.53",""
"2021-07-01","16550","","","","","","","","","","","","","",""
"2021-07-02","16330","","","","","","","","","","","","","","152830"
"2021-07-05","16665","","","","","","","","","","","","","",""
"2021-07-06","16880","","","","","","","","","","","","","",""
"2021-07-07","16825","","","","","","","","","","","","","",""
"2021-07-08","17135","","","","","","","","","","","","","",""
"2021-07-09","17360","","","","","","","","","","","","","","164013"
"2021-07-12","17305","","","","","","","","","","","","","",""
"2021-07-13","17400","","","","","","","","","","","","","",""
"2021-07-14","17890","","","","","","","","","","","","","",""
"2021-07-15","18150","","","","","","","","","","","","","",""
"2021-07-16","18740","","","","","","","","","","","","","","156673"
"2021-07-19","18705","","","","","","","","","","","","","",""
"2021-07-20","18490","","","","","","","","","","","","","",""
"2021-07-21","18375","","","","","","","","","","","","","",""
"2021-07-22","18575","","","","","","","","","","","","","",""
"2021-07-23","19320","","","","","","","","","","","","","","165735"
"2021-07-26","19540","","","","","","","","","","","","","",""
"2021-07-27","19190","","","","","","","","","","","","","",""
"2021-07-28","19120","","","","","","","","","","","","","",""
"2021-07-29","19755","","","","","","","","","","","","","",""
"2021-07-30","19995","","","","","","","","","","","","","","161087"
"2021-07-31","","300.9","181.3","310.3","283.02","80.49","152.05","50.48","35.3","128.12","37.99","67.88","22.25","254.01",""
"2021-08-02","19390","","","","","","","","","","","","","",""
"2021-08-03","18715","","","","","","","","","","","","","",""
"2021-08-04","18900","","","","","","","","","","","","","",""
"2021-08-05","18785","","","","","","","","","","","","","",""
"2021-08-06","19015","","","","","","","","","","","","","","176001"
"2021-08-09","18160","","","","","","","","","","","","","",""
"2021-08-10","18405","","","","","","","","","","","","","",""
"2021-08-11","18220","","","","","","","","","","","","","",""
"2021-08-12","18535","","","","","","","","","","","","","",""
"2021-08-13","18240","","","","","","","","","","","","","","180344"
"2021-08-16","18105","","","","","","","","","","","","","",""
"2021-08-17","18380","","","","","","","","","","","","","",""
"2021-08-18","18120","","","","","","","","","","","","","",""
"2021-08-19","17625","","","","","","","","","","","","","",""
"2021-08-20","17640","","","","","","","","","","","","","","191122"
"2021-08-23","17720","","","","","","","","","","","","","",""
"2021-08-24","17765","","","","","","","","","","","","","",""
"2021-08-25","18000","","","","","","","","","","","","","",""
"2021-08-26","17565","","","","","","","","","","","","","",""
"2021-08-27","17545","","","","","","","","","","","","","","203953"
"2021-08-30","18125","","","","","","","","","","","","","",""
"2021-08-31","18455","300.9","181.3","310.3","281.24","82.33","148.83","50.08","33.38","123.19","31.55","66.26","25.38","253.19",""
"2021-09-01","17560","","","","","","","","","","","","","",""
"2021-09-02","17805","","","","","","","","","","","","","",""
"2021-09-03","18715","","","","","","","","","","","","","","207259"
"2021-09-06","19585","","","","","","","","","","","","","",""
"2021-09-07","19435","","","","","","","","","","","","","",""
"2021-09-08","19365","","","","","","","","","","","","","",""
"2021-09-09","19465","","","","","","","","","","","","","",""
"2021-09-10","19535","","","","","","","","","","","","","","207664"
"2021-09-13","19180","","","","","","","","","","","","","",""
"2021-09-14","19010","","","","","","","","","","","","","",""
"2021-09-15","19815","","","","","","","","","","","","","",""
"2021-09-16","20680","","","","","","","","","","","","","",""
"2021-09-17","21825","","","","","","","","","","","","","","193265"
"2021-09-22","21965","","","","","","","","","","","","","",""
"2021-09-23","21865","","","","","","","","","","","","","",""
"2021-09-24","20945","","","","","","","","","","","","","","203954"
"2021-09-27","20415","","","","","","","","","","","","","",""
"2021-09-28","20520","","","","","","","","","","","","","",""
"2021-09-29","19690","","","","","","","","","","","","","",""
"2021-09-30","19750","300.9","181.3","310.3","240.8","66.35","126.42","48.03","29.74","119.6","34.64","63.31","21.65","221.49",""
"2021-10-01","","","","","","","","","","","","","","","191894"
"2021-10-08","20540","","","","","","","","","","","","","","186933"
"2021-10-11","20070","","","","","","","","","","","","","",""
"2021-10-12","20050","","","","","","","","","","","","","",""
"2021-10-13","20130","","","","","","","","","","","","","",""
"2021-10-14","20130","","","","","","","","","","","","","",""
"2021-10-15","20780","","","","","","","","","","","","","","175653"
"2021-10-18","20680","","","","","","","","","","","","","",""
"2021-10-19","20400","","","","","","","","","","","","","",""
"2021-10-20","20075","","","","","","","","","","","","","",""
"2021-10-21","20470","","","","","","","","","","","","","",""
"2021-10-22","20260","","","","","","","","","","","","","","162638"
"2021-10-25","20025","","","","","","","","","","","","","",""
"2021-10-26","20270","","","","","","","","","","","","","",""
"2021-10-27","19630","","","","","","","","","","","","","",""
"2021-10-28","19295","","","","","","","","","","","","","",""
"2021-10-29","19080","","","","","","","","","","","","","","159985"
"2021-10-31","","300.9","181.3","310.3","225.65","61.19","123.55","40.91","27.4","114.46","25.62","69.44","19.4","207.98",""
"2021-11-01","18860","","","","","","","","","","","","","",""
"2021-11-02","18680","","","","","","","","","","","","","",""
"2021-11-03","18565","","","","","","","","","","","","","",""
"2021-11-04","18130","","","","","","","","","","","","","",""
"2021-11-05","18170","","","","","","","","","","","","","","156422"
"2021-11-08","18215","","","","","","","","","","","","","",""
"2021-11-09","18065","","","","","","","","","","","","","",""
"2021-11-10","18235","","","","","","","","","","","","","",""
"2021-11-11","17345","","","","","","","","","","","","","",""
"2021-11-12","17095","","","","","","","","","","","","","","142925"
"2021-11-15","17125","","","","","","","","","","","","","",""
"2021-11-16","17405","","","","","","","","","","","","","",""
"2021-11-17","17490","","","","","","","","","","","","","",""
"2021-11-18","16955","","","","","","","","","","","","","",""
"2021-11-19","17290","","","","","","","","","","","","","","149393"
"2021-11-22","17330","","","","","","","","","","","","","",""
"2021-11-23","17585","","","","","","","","","","","","","",""
"2021-11-24","18145","","","","","","","","","","","","","",""
"2021-11-25","17930","","","","","","","","","","","","","",""
"2021-11-26","17345","","","","","","","","","","","","","","164111.363"
"2021-11-29","17170","","","","","","","","","","","","","",""
"2021-11-30","16905","300.9","181.3","310.3","259.98","74.75","138.81","46.42","29.35","118.71","33.87","66.13","18.71","198.51",""
"2021-12-01","17055","","","","","","","","","","","","","",""
"2021-12-02","16820","","","","","","","","","","","","","",""
"2021-12-03","16860","","","","","","","","","","","","","","156971"
"2021-12-06","16635","","","","","","","","","","","","","",""
"2021-12-07","16660","","","","","","","","","","","","","",""
"2021-12-08","16085","","","","","","","","","","","","","",""
"2021-12-09","15865","","","","","","","","","","","","","",""
"2021-12-10","15810","","","","","","","","","","","","","","147948"
"2021-12-13","16160","","","","","","","","","","","","","",""
"2021-12-14","16025","","","","","","","","","","","","","",""
"2021-12-15","16185","","","","","","","","","","","","","",""
"2021-12-16","16115","","","","","","","","","","","","","",""
"2021-12-17","15995","","","","","","","","","","","","","","142548"
"2021-12-20","15985","","","","","","","","","","","","","",""
"2021-12-21","16095","","","","","","","","","","","","","",""
"2021-12-22","16250","","","","","","","","","","","","","",""
"2021-12-23","16625","","","","","","","","","","","","","",""
"2021-12-24","16880","","","","","","","","","","","","","","126901"
"2021-12-27","16720","","","","","","","","","","","","","",""
"2021-12-28","16905","","","","","","","","","","","","","",""
"2021-12-29","16890","","","","","","","","","","","","","",""
"2021-12-30","17205","","","","","","","","","","","","","",""
"2021-12-31","17125","300.9","181.3","310.3","263.33","79.98","133.21","50.14","28.31","119.95","36.88","63.22","19.85","240.55","112547"
"2022-01-04","17230","","","","","","","","","","","","","",""
"2022-01-05","17130","","","","","","","","","","","","","",""
"2022-01-06","16905","","","","","","","","","","","","","",""
"2022-01-07","16910","","","","","","","","","","","","","","101924"
"2022-01-10","17400","","","","","","","","","","","","","",""
"2022-01-11","17760","","","","","","","","","","","","","",""
"2022-01-12","18145","","","","","","","","","","","","","",""
"2022-01-13","17650","","","","","","","","","","","","","",""
"2022-01-14","17895","","","","","","","","","","","","","","95326"
"2022-01-17","17480","","","","","","","","","","","","","",""
"2022-01-18","17970","","","","","","","","","","","","","",""
"2022-01-19","17765","","","","","","","","","","","","","",""
"2022-01-20","18820","","","","","","","","","","","","","",""
"2022-01-21","18500","","","","","","","","","","","","","","112249"
"2022-01-24","17740","","","","","","","","","","","","","",""
"2022-01-25","17080","","","","","","","","","","","","","",""
"2022-01-26","17265","","","","","","","","","","","","","",""
"2022-01-27","17225","","","","","","","","","","","","","",""
"2022-01-28","17440","","","","","","","","","","","","","","126538"
"2022-01-31","","300.9","181.3","310.3","238.92","65.01","127.08","46.83","26.2","118.92","31.43","65.44","22.05","205.16",""
"2022-02-07","17875","","","","","","","","","","","","","",""
"2022-02-08","18105","","","","","","","","","","","","","",""
"2022-02-09","18210","","","","","","","","","","","","","",""
"2022-02-10","18385","","","","","","","","","","","","","",""
"2022-02-11","18300","","","","","","","","","","","","","","154985"
"2022-02-14","18790","","","","","","","","","","","","","",""
"2022-02-15","18795","","","","","","","","","","","","","",""
"2022-02-16","19295","","","","","","","","","","","","","",""
"2022-02-17","18720","","","","","","","","","","","","","",""
"2022-02-18","18740","","","","","","","","","","","","","","176579"
"2022-02-21","18760","","","","","","","","","","","","","",""
"2022-02-22","18785","","","","","","","","","","","","","",""
"2022-02-23","18245","","","","","","","","","","","","","",""
"2022-02-24","18370","","","","","","","","","","","","","",""
"2022-02-25","17850","","","","","","","","","","","","","","188991"
"2022-02-28","17515","300.9","181.3","333.3","241.28","71.01","122.49","47.78","26.81","113.43","28.57","64.41","20.45","214.31",""
"2022-03-01","17555","","","","","","","","","","","","","",""
"2022-03-02","17595","","","","","","","","","","","","","",""
"2022-03-03","18490","","","","","","","","","","","","","",""
"2022-03-04","18775","","","","","","","","","","","","","","177789"
"2022-03-07","20560","","","","","","","","","","","","","",""
"2022-03-08","22125","","","","","","","","","","","","","",""
"2022-03-09","21070","","","","","","","","","","","","","",""
"2022-03-10","19700","","","","","","","","","","","","","",""
"2022-03-11","19235","","","","","","","","","","","","","","164276"
"2022-03-14","19335","","","","","","","","","","","","","",""
"2022-03-15","19810","","","","","","","","","","","","","",""
"2022-03-16","20740","","","","","","","","","","","","","",""
"2022-03-17","19805","","","","","","","","","","","","","",""
"2022-03-18","20035","","","","","","","","","","","","","","152245"
"2022-03-21","19780","","","","","","","","","","","","","",""
"2022-03-22","19810","","","","","","","","","","","","","",""
"2022-03-23","20415","","","","","","","","","","","","","",""
"2022-03-24","21680","","","","","","","","","","","","","",""
"2022-03-25","21110","","","","","","","","","","","","","","147801"
"2022-03-28","20245","","","","","","","","","","","","","",""
"2022-03-29","20270","","","","","","","","","","","","","",""
"2022-03-30","20730","","","","","","","","","","","","","",""
"2022-03-31","20185","300.9","183.8","333.3","291.27","87.26","143.07","60.94","29.6","129.41","39.55","65.18","24.68","255",""
"2022-04-01","20280","","","","","","","","","","","","","","168646"
"2022-04-06","20830","","","","","","","","","","","","","",""
"2022-04-07","20365","","","","","","","","","","","","","",""
"2022-04-08","20025","","","","","","","","","","","","","","175438"
"2022-04-11","19330","","","","","","","","","","","","","",""
"2022-04-12","19555","","","","","","","","","","","","","",""
"2022-04-13","19805","","","","","","","","","","","","","",""
"2022-04-14","19830","","","","","","","","","","","","","",""
"2022-04-15","19835","","","","","","","","","","","","","","196779"
"2022-04-18","19505","","","","","","","","","","","","","",""
"2022-04-19","20265","","","","","","","","","","","","","",""
"2022-04-20","19890","","","","","","","","","","","","","",""
"2022-04-21","19965","","","","","","","","","","","","","",""
"2022-04-22","20040","","","","","","","","","","","","","","207559"
"2022-04-25","19060","","","","","","","","","","","","","",""
"2022-04-26","19225","","","","","","","","","","","","","",""
"2022-04-27","19550","","","","","","","","","","","","","",""
"2022-04-28","19450","","","","","","","","","","","","","",""
"2022-04-29","19360","","","","","","","","","","","","","","202204"
"2022-04-30","","350.9","186.8","333.3","285.5","90.3","137.49","57.71","26.6","134.84","42.71","67.98","24.15","237.54",""
"2022-05-05","19500","","","","","","","","","","","","","",""
"2022-05-06","18750","","","","","","","","","","","","","","187716"
"2022-05-09","19320","","","","","","","","","","","","","",""
"2022-05-10","18840","","","","","","","","","","","","","",""
"2022-05-11","19055","","","","","","","","","","","","","",""
"2022-05-12","18865","","","","","","","","","","","","","",""
"2022-05-13","18830","","","","","","","","","","","","","","181186"
"2022-05-16","19175","","","","","","","","","","","","","",""
"2022-05-17","18765","","","","","","","","","","","","","",""
"2022-05-18","18360","","","","","","","","","","","","","",""
"2022-05-19","18605","","","","","","","","","","","","","",""
"2022-05-20","19090","","","","","","","","","","","","","","177545"
"2022-05-23","18535","","","","","","","","","","","","","",""
"2022-05-24","18440","","","","","","","","","","","","","",""
"2022-05-25","18595","","","","","","","","","","","","","",""
"2022-05-26","18530","","","","","","","","","","","","","",""
"2022-05-27","18715","","","","","","","","","","","","","","177254"
"2022-05-30","18645","","","","","","","","","","","","","",""
"2022-05-31","18290","350.9","186.8","333.3","286.73","93.27","134.64","58.82","27.67","121.58","38.55","59.74","23.29","248.46",""
"2022-06-01","18330","","","","","","","","","","","","","",""
"2022-06-02","18495","","","","","","","","","","","","","",""
"2022-06-03","","","","","","","","","","","","","","","179762"
"2022-06-06","18500","","","","","","","","","","","","","",""
"2022-06-07","18460","","","","","","","","","","","","","",""
"2022-06-08","18880","","","","","","","","","","","","","",""
"2022-06-09","18630","","","","","","","","","","","","","",""
"2022-06-10","18770","","","","","","","","","","","","","","164549"
"2022-06-13","17995","","","","","","","","","","","","","",""
"2022-06-14","17850","","","","","","","","","","","","","",""
"2022-06-15","17640","","","","","","","","","","","","","",""
"2022-06-16","17755","","","","","","","","","","","","","",""
"2022-06-17","17565","","","","","","","","","","","","","","165449"
"2022-06-20","17850","","","","","","","","","","","","","",""
"2022-06-21","18130","","","","","","","","","","","","","",""
"2022-06-22","17955","","","","","","","","","","","","","",""
"2022-06-23","18315","","","","","","","","","","","","","",""
"2022-06-24","16810","","","","","","","","","","","","","","170885"
"2022-06-27","16635","","","","","","","","","","","","","",""
"2022-06-28","16810","","","","","","","","","","","","","",""
"2022-06-29","16620","","","","","","","","","","","","","",""
"2022-06-30","16865","350.9","186.8","333.3","262.19","84.69","127.31","50.19","25.39","109.98","31.44","59.55","18.99","233.19",""
"2022-07-01","16375","","","","","","","","","","","","","","159815"
"2022-07-04","16340","","","","","","","","","","","","","",""
"2022-07-05","16620","","","","","","","","","","","","","",""
"2022-07-06","16660","","","","","","","","","","","","","",""
"2022-07-07","16700","","","","","","","","","","","","","",""
"2022-07-08","16920","","","","","","","","","","","","","","159177"
"2022-07-11","16680","","","","","","","","","","","","","",""
"2022-07-12","16655","","","","","","","","","","","","","",""
"2022-07-13","16850","","","","","","","","","","","","","",""
"2022-07-14","16680","","","","","","","","","","","","","",""
"2022-07-15","16050","","","","","","","","","","","","","","171523"
"2022-07-18","16350","","","","","","","","","","","","","",""
"2022-07-19","16290","","","","","","","","","","","","","",""
"2022-07-20","16405","","","","","","","","","","","","","",""
"2022-07-21","16135","","","","","","","","","","","","","",""
"2022-07-22","16020","","","","","","","","","","","","","","184650"
"2022-07-25","16225","","","","","","","","","","","","","",""
"2022-07-26","16200","","","","","","","","","","","","","",""
"2022-07-27","15500","","","","","","","","","","","","","",""
"2022-07-28","15780","","","","","","","","","","","","","",""
"2022-07-29","15780","","","","","","","","","","","","","","177227"
"2022-07-31","","350.9","186.8","333.3","240.04","76.27","127.32","36.45","24.09","112.45","32.95","60.42","19.08","211.43",""
"2022-08-01","16270","","","","","","","","","","","","","",""
"2022-08-02","16315","","","","","","","","","","","","","",""
"2022-08-03","16225","","","","","","","","","","","","","",""
"2022-08-04","16265","","","","","","","","","","","","","",""
"2022-08-05","16280","","","","","","","","","","","","","","187232"
"2022-08-08","15770","","","","","","","","","","","","","",""
"2022-08-09","15580","","","","","","","","","","","","","",""
"2022-08-10","15400","","","","","","","","","","","","","",""
"2022-08-11","15650","","","","","","","","","","","","","",""
"2022-08-12","15685","","","","","","","","","","","","","","167745"
"2022-08-15","15630","","","","","","","","","","","","","",""
"2022-08-16","15575","","","","","","","","","","","","","",""
"2022-08-17","15560","","","","","","","","","","","","","",""
"2022-08-18","15185","","","","","","","","","","","","","",""
"2022-08-19","15260","","","","","","","","","","","","","","151862"
"2022-08-22","15315","","","","","","","","","","","","","",""
"2022-08-23","15425","","","","","","","","","","","","","",""
"2022-08-24","15465","","","","","","","","","","","","","",""
"2022-08-25","15590","","","","","","","","","","","","","",""
"2022-08-26","15455","","","","","","","","","","","","","","140644"
"2022-08-29","15340","","","","","","","","","","","","","",""
"2022-08-30","15190","","","","","","","","","","","","","",""
"2022-08-31","15610","350.9","186.8","333.3","225.29","72.53","123.52","29.24","25.19","109.31","32.53","58.72","18.06","194.49",""
"2022-09-01","15385","","","","","","","","","","","","","",""
"2022-09-02","15645","","","","","","","","","","","","","","136855"
"2022-09-05","15840","","","","","","","","","","","","","",""
"2022-09-06","16375","","","","","","","","","","","","","",""
"2022-09-07","16320","","","","","","","","","","","","","",""
"2022-09-08","16505","","","","","","","","","","","","","",""
"2022-09-09","17005","","","","","","","","","","","","","","127271"
"2022-09-13","17480","","","","","","","","","","","","","",""
"2022-09-14","17065","","","","","","","","","","","","","",""
"2022-09-15","17090","","","","","","","","","","","","","",""
"2022-09-16","16845","","","","","","","","","","","","","","122745"
"2022-09-19","16855","","","","","","","","","","","","","",""
"2022-09-20","17030","","","","","","","","","","","","","",""
"2022-09-21","17290","","","","","","","","","","","","","",""
"2022-09-22","17225","","","","","","","","","","","","","",""
"2022-09-23","16925","","","","","","","","","","","","","","117110"
"2022-09-26","16705","","","","","","","","","","","","","",""
"2022-09-27","16595","","","","","","","","","","","","","",""
"2022-09-28","16465","","","","","","","","","","","","","",""
"2022-09-29","16570","","","","","","","","","","","","","",""
"2022-09-30","","","","","","","","","","","","","","","118431"
