date,close,燃油：库存：新加坡（周）,燃油：表观消费量：中国（月）,燃油：产量：中国（月）,燃油：表观消费量同比：中国（月）,燃油：国产：开工率同比：山东：中国炼厂（周）,燃油：产量同比：中国（月）,燃油：销量：新加坡：船供（月）,燃油：商品量：中国（月）,燃油：成交量：新加坡（日）
"2015-09-30","","","277.02","208.1","","","","384.8","",""
"2015-10-02","","2810.6","","","","","","","",""
"2015-10-09","","3051.5","","","","","","","",""
"2015-10-16","","2797.9","","","","","","","",""
"2015-10-23","","2851.6","","","","","","","",""
"2015-10-30","","2773.9","","","","","","","",""
"2015-10-31","","","229.64","199.9","","","","375.6","",""
"2015-11-06","","2564.2","","","","","","","",""
"2015-11-13","","2630.3","","","","","","","",""
"2015-11-20","","2563.8","","","","","","","",""
"2015-11-27","","2688.6","","","","","","","",""
"2015-11-30","","","160.7","199.9","","","","360.5","",""
"2015-12-04","","2455.5","","","","","","","",""
"2015-12-11","","2757.4","","","","","","","",""
"2015-12-18","","2723.8","","","","","","","",""
"2015-12-25","","2705.8","","","","","","","",""
"2015-12-31","","","259.74","245.3","","","","355.7","",""
"2016-01-01","","2489.8","","","","","","","",""
"2016-01-04","2572","","","","","","","","",""
"2016-01-05","2571","","","","","","","","",""
"2016-01-06","2584","","","","","","","","",""
"2016-01-07","2559","","","","","","","","",""
"2016-01-08","2452","2211.9","","","","","","","",""
"2016-01-11","2565","","","","","","","","",""
"2016-01-12","2564","","","","","","","","",""
"2016-01-13","2504","","","","","","","","",""
"2016-01-14","2610","","","","","","","","",""
"2016-01-15","2483","2079.5","","","","","","","",""
"2016-01-18","2466","","","","","","","","",""
"2016-01-19","2499","","","","","","","","",""
"2016-01-20","2612","","","","","","","","",""
"2016-01-21","2512","","","","","","","","",""
"2016-01-22","2503","2078.2","","","","","","","",""
"2016-01-25","2600","","","","","","","","",""
"2016-01-26","2560","","","","","","","","",""
"2016-01-27","2550","","","","","","","","",""
"2016-01-28","2545","","","","","","","","",""
"2016-01-29","2599","2229.5","","","","","","","",""
"2016-01-31","","","258.28","195","","","","416.5","",""
"2016-02-01","2587","","","","","","","","",""
"2016-02-02","2580","","","","","","","","",""
"2016-02-03","2564","","","","","","","","",""
"2016-02-04","2564","","","","","","","","",""
"2016-02-05","2495","2483.9","","","","","","","",""
"2016-02-12","","2583.4","","","","","","","",""
"2016-02-15","2599","","","","","","","","",""
"2016-02-16","2597","","","","","","","","",""
"2016-02-17","2367","","","","","","","","",""
"2016-02-18","2596","","","","","","","","",""
"2016-02-19","2500","2583.4","","","","","","","",""
"2016-02-22","2379","","","","","","","","",""
"2016-02-23","2227","","","","","","","","",""
"2016-02-24","2280","","","","","","","","",""
"2016-02-25","2276","","","","","","","","",""
"2016-02-26","2374","2816.4","","","","","","","",""
"2016-02-29","2529","","229.67","190","","","","420","",""
"2016-03-01","2597","","","","","","","","",""
"2016-03-02","2498","","","","","","","","",""
"2016-03-03","2498","","","","","","","","",""
"2016-03-04","2444","2922.8","","","","","","","",""
"2016-03-07","2355","","","","","","","","",""
"2016-03-08","2317","","","","","","","","",""
"2016-03-09","2117","","","","","","","","",""
"2016-03-10","2309","","","","","","","","",""
"2016-03-11","2313","3057.2","","","","","","","",""
"2016-03-14","2113","","","","","","","","",""
"2016-03-15","2200","","","","","","","","",""
"2016-03-16","2278","","","","","","","","",""
"2016-03-17","2215","","","","","","","","",""
"2016-03-18","2277","3006.3","","","","","","","",""
"2016-03-21","2110","","","","","","","","",""
"2016-03-22","2215","","","","","","","","",""
"2016-03-23","2444","","","","","","","","",""
"2016-03-24","2161","","","","","","","","",""
"2016-03-25","2269","2627.5","","","","","","","",""
"2016-03-28","2268","","","","","","","","",""
"2016-03-29","2289","","","","","","","","",""
"2016-03-30","2403","","","","","","","","",""
"2016-03-31","2369","","252.99","235.5","","","","418","",""
"2016-04-01","2424","2542.3","","","","","","","",""
"2016-04-05","2444","","","","","","","","",""
"2016-04-06","2461","","","","","","","","",""
"2016-04-07","2461","","","","","","","","",""
"2016-04-08","2538","2351","","","","","","","",""
"2016-04-11","2430","","","","","","","","",""
"2016-04-12","2430","","","","","","","","",""
"2016-04-13","2355","","","","","","","","",""
"2016-04-14","2355","","","","","","","","",""
"2016-04-15","2436","2156.9","","","","","","","",""
"2016-04-18","2453","","","","","","","","",""
"2016-04-19","2331","","","","","","","","",""
"2016-04-20","2355","","","","","","","","",""
"2016-04-21","2473","","","","","","","","",""
"2016-04-22","2328","2213.8","","","","","","","",""
"2016-04-25","2306","","","","","","","","",""
"2016-04-26","2355","","","","","","","","",""
"2016-04-27","2294","","","","","","","","",""
"2016-04-28","2666","","","","","","","","",""
"2016-04-29","2587","2643.1","","","","","","","",""
"2016-04-30","","","210.2","209.9","","","","411","",""
"2016-05-03","2607","","","","","","","","",""
"2016-05-04","2184","","","","","","","","",""
"2016-05-05","2293","","","","","","","","",""
"2016-05-06","2390","2785.5","","","","","","","",""
"2016-05-09","2389","","","","","","","","",""
"2016-05-10","2300","","","","","","","","",""
"2016-05-11","2203","","","","","","","","",""
"2016-05-12","2305","","","","","","","","",""
"2016-05-13","2711","2591.5","","","","","","","",""
"2016-05-16","2420","","","","","","","","",""
"2016-05-17","2410","","","","","","","","",""
"2016-05-18","2322","","","","","","","","",""
"2016-05-19","2561","","","","","","","","",""
"2016-05-20","2360","3100.2","","","","","","","",""
"2016-05-23","2346","","","","","","","","",""
"2016-05-24","2433","","","","","","","","",""
"2016-05-25","2601","","","","","","","","",""
"2016-05-26","2579","","","","","","","","",""
"2016-05-27","2575","2894.9","","","","","","","",""
"2016-05-30","2596","","","","","","","","",""
"2016-05-31","2579","","310.48","227.2","","","","416","",""
"2016-06-01","2567","","","","","","","","",""
"2016-06-02","2567","","","","","","","","",""
"2016-06-03","2598","3118","","","","","","","",""
"2016-06-06","2594","","","","","","","","",""
"2016-06-07","2621","","","","","","","","",""
"2016-06-08","2613","","","","","","","","",""
"2016-06-10","","2840","","","","","","","",""
"2016-06-13","2632","","","","","","","","",""
"2016-06-14","2617","","","","","","","","",""
"2016-06-15","2595","","","","","","","","",""
"2016-06-16","2592","","","","","","","","",""
"2016-06-17","2594","2840.6","","","","","","","",""
"2016-06-20","2593","","","","","","","","",""
"2016-06-21","2594","","","","","","","","",""
"2016-06-22","2594","","","","","","","","",""
"2016-06-23","2526","","","","","","","","",""
"2016-06-24","2619","2821.6","","","","","","","",""
"2016-06-27","2629","","","","","","","","",""
"2016-06-28","2555","","","","","","","","",""
"2016-06-29","2613","","","","","","","","",""
"2016-06-30","2516","","220.04","246.5","","","","420","",""
"2016-07-01","2613","2556","","","","","","","",""
"2016-07-04","2603","","","","","","","","",""
"2016-07-05","2673","","","","","","","","",""
"2016-07-06","2605","","","","","","","","",""
"2016-07-07","2656","","","","","","","","",""
"2016-07-08","2638","2690.7","","","","","","","",""
"2016-07-11","2626","","","","","","","","",""
"2016-07-12","2653","","","","","","","","",""
"2016-07-13","2688","","","","","","","","",""
"2016-07-14","2624","","","","","","","","",""
"2016-07-15","2644","2754.5","","","","","","","",""
"2016-07-18","2554","","","","","","","","",""
"2016-07-19","2626","","","","","","","","",""
"2016-07-20","2497","","","","","","","","",""
"2016-07-21","2620","","","","","","","","",""
"2016-07-22","2617","2823.9","","","","","","","",""
"2016-07-25","2597","","","","","","","","",""
"2016-07-26","2634","","","","","","","","",""
"2016-07-27","2634","","","","","","","","",""
"2016-07-28","2630","","","","","","","","",""
"2016-07-29","2637","2662.9","","","","","","","",""
"2016-07-31","","","184","201.6","","","","411.5","",""
"2016-08-01","2620","","","","","","","","",""
"2016-08-02","2630","","","","","","","","",""
"2016-08-03","2099","","","","","","","","",""
"2016-08-04","2649","","","","","","","","",""
"2016-08-05","2632","2674.1","","","","","","","",""
"2016-08-08","2640","","","","","","","","",""
"2016-08-09","2627","","","","","","","","",""
"2016-08-10","2627","","","","","","","","",""
"2016-08-11","2627","","","","","","","","",""
"2016-08-12","2632","2626.7","","","","","","","",""
"2016-08-15","2632","","","","","","","","",""
"2016-08-16","2650","","","","","","","","",""
"2016-08-17","2115","","","","","","","","",""
"2016-08-18","2220","","","","","","","","",""
"2016-08-19","2637","2358.4","","","","","","","",""
"2016-08-22","2250","","","","","","","","",""
"2016-08-23","2504","","","","","","","","",""
"2016-08-24","2604","","","","","","","","",""
"2016-08-25","2546","","","","","","","","",""
"2016-08-26","2610","2142.7","","","","","","","",""
"2016-08-29","2310","","","","","","","","",""
"2016-08-30","2553","","","","","","","","",""
"2016-08-31","2551","","226.32","217.1","","","","400","",""
"2016-09-01","2622","","","","","","","","",""
"2016-09-02","2625","2171.3","","","","","","","",""
"2016-09-05","2619","","","","","","","","",""
"2016-09-06","2627","","","","","","","","",""
"2016-09-07","2676","","","","","","","","",""
"2016-09-08","2669","","","","","","","","",""
"2016-09-09","2704","2171.3","","","","","","","",""
"2016-09-12","2590","","","","","","","","",""
"2016-09-13","2685","","","","","","","","",""
"2016-09-14","2665","","","","","","","","",""
"2016-09-16","","2158.4","","","","","","","",""
"2016-09-19","2680","","","","","","","","",""
"2016-09-20","2680","","","","","","","","",""
"2016-09-21","2696","","","","","","","","",""
"2016-09-22","2537","","","","","","","","",""
"2016-09-23","2550","2433.3","","","","","","","",""
"2016-09-26","2682","","","","","","","","",""
"2016-09-27","2630","","","","","","","","",""
"2016-09-28","2551","","","","","","","","",""
"2016-09-29","2516","","","","","","","","",""
"2016-09-30","2675","2401","180.3","195.7","","","","389","",""
"2016-10-07","","2531","","","","","","","",""
"2016-10-10","2670","","","","","","","","",""
"2016-10-11","2315","","","","","","","","",""
"2016-10-12","2430","","","","","","","","",""
"2016-10-13","2675","","","","","","","","",""
"2016-10-14","2467","2417.9","","","","","","","",""
"2016-10-17","2675","","","","","","","","",""
"2016-10-18","2425","","","","","","","","",""
"2016-10-19","2675","","","","","","","","",""
"2016-10-20","2675","","","","","","","","",""
"2016-10-21","2675","2357.3","","","","","","","",""
"2016-10-24","2718","","","","","","","","",""
"2016-10-25","2646","","","","","","","","",""
"2016-10-26","2667","","","","","","","","",""
"2016-10-27","2667","","","","","","","","",""
"2016-10-28","2625","2317","","","","","","","",""
"2016-10-31","2758","","255.32","221.8","","","","388","",""
"2016-11-01","2779","","","","","","","","",""
"2016-11-02","2817","","","","","","","","",""
"2016-11-03","2825","","","","","","","","",""
"2016-11-04","2818","2286.7","","","","","","","",""
"2016-11-07","2794","","","","","","","","",""
"2016-11-08","2760","","","","","","","","",""
"2016-11-09","2747","","","","","","","","",""
"2016-11-10","2924","","","","","","","","",""
"2016-11-11","2927","2099.7","","","","","","","",""
"2016-11-14","2860","","","","","","","","",""
"2016-11-15","2969","","","","","","","","",""
"2016-11-16","3035","","","","","","","","",""
"2016-11-17","2998","","","","","","","","",""
"2016-11-18","3000","2417.9","","","","","","","",""
"2016-11-21","2785","","","","","","","","",""
"2016-11-22","3036","","","","","","","","",""
"2016-11-23","3033","","","","","","","","",""
"2016-11-24","2806","","","","","","","","",""
"2016-11-25","3166","2385.5","","","","","","","",""
"2016-11-28","3280","","","","","","","","",""
"2016-11-29","3269","","","","","","","","",""
"2016-11-30","3320","","185.23","210.1","","","","390","",""
"2016-12-01","3425","","","","","","","","",""
"2016-12-02","3576","2232.3","","","","","","","",""
"2016-12-05","3727","","","","","","","","",""
"2016-12-06","3818","","","","","","","","",""
"2016-12-07","3973","","","","","","","","",""
"2016-12-08","4124","","","","","","","","",""
"2016-12-09","4209","2220.7","","","","","","","",""
"2016-12-12","4400","","","","","","","","",""
"2016-12-13","4575","","","","","","","","",""
"2016-12-14","4502","","","","","","","","",""
"2016-12-15","4294","","","","","","","","",""
"2016-12-16","4081","2072.4","","","","","","","",""
"2016-12-19","4133","","","","","","","","",""
"2016-12-20","4082","","","","","","","","",""
"2016-12-21","4140","","","","","","","","",""
"2016-12-22","4003","","","","","","","","",""
"2016-12-23","4104","2307.8","","","","","","","",""
"2016-12-26","4179","","","","","","","","",""
"2016-12-27","4212","","","","","","","","",""
"2016-12-28","4421","","","","","","","","",""
"2016-12-29","4472","","","","","","","","",""
"2016-12-30","4487","2218.4","","","","","","","",""
"2016-12-31","","","273.45","251.4","","","","380","",""
"2017-01-03","4560","","","","","","","","",""
"2017-01-04","4345","","","","","","","","",""
"2017-01-05","4326","","","","","","","","",""
"2017-01-06","4396","1860.4","","","","","","","",""
"2017-01-09","4450","","","","","","","","",""
"2017-01-10","4230","","","","","","","","",""
"2017-01-11","4260","","","","","","","","",""
"2017-01-12","4267","","","","","","","","",""
"2017-01-13","4345","2197.8","","","","","","","",""
"2017-01-16","4364","","","","","","","","",""
"2017-01-17","4399","","","","","","","","",""
"2017-01-18","4464","","","","","","","","",""
"2017-01-19","4479","","","","","","","","",""
"2017-01-20","4413","2100.7","","","","","","","",""
"2017-01-23","4393","","","","","","","","",""
"2017-01-24","4414","","","","","","","","",""
"2017-01-25","4400","","","","","","","","",""
"2017-01-26","4442","","","","","","","","",""
"2017-01-27","","2182.7","","","","","","","",""
"2017-01-31","","","263.5","211.6","","","","446","",""
"2017-02-01","","","","","","","","","","6"
"2017-02-02","","","","","","","","","","0"
"2017-02-03","4458","2380","","","","","","","","2"
"2017-02-06","4453","","","","","","","","","0"
"2017-02-07","4477","","","","","","","","","4"
"2017-02-08","4476","","","","","","","","","0"
"2017-02-09","4493","","","","","","","","","2"
"2017-02-10","4512","2576.1","","","","","","","","10"
"2017-02-13","4521","","","","","","","","","2"
"2017-02-14","4417","","","","","","","","","0"
"2017-02-15","4227","","","","","","","","","6"
"2017-02-16","4084","","","","","","","","","0"
"2017-02-17","4015","2406","","","","","","","","0"
"2017-02-20","3946","","","","","","","","","6"
"2017-02-21","3839","","","","","","","","","2"
"2017-02-22","3866","","","","","","","","","0"
"2017-02-23","3899","","","","","","","","","0"
"2017-02-24","3875","2664.7","","","","","","","","0"
"2017-02-27","3857","","","","","","","","","2"
"2017-02-28","3918","","228.97","200","","","","384.6","","6"
"2017-03-01","3920","","","","","","","","","50"
"2017-03-02","3885","","","","","","","","","2"
"2017-03-03","3755","2661.9","","","","","","","","6.7"
"2017-03-06","3760","","","","","","","","","22"
"2017-03-07","3808","","","","","","","","","26"
"2017-03-08","3825","","","","","","","","","20"
"2017-03-09","3825","","","","","","","","","8"
"2017-03-10","3778","2628.9","","","","","","","","8"
"2017-03-13","3811","","","","","","","","","4"
"2017-03-14","3823","","","","","","","","","24"
"2017-03-15","3731","","","","","","","","","6"
"2017-03-16","3742","","","","","","","","","6"
"2017-03-17","3712","2552.7","","","","","","","","22"
"2017-03-20","3769","","","","","","","","","6"
"2017-03-21","3750","","","","","","","","","4"
"2017-03-22","3750","","","","","","","","","8.5"
"2017-03-23","3720","","","","","","","","","0"
"2017-03-24","3731","2707.2","","","","","","","","6"
"2017-03-27","3730","","","","","","","","","10"
"2017-03-28","3892","","","","","","","","","10"
"2017-03-29","3815","","","","","","","","","8"
"2017-03-30","3915","","","","","","","","","4"
"2017-03-31","3915","2541.4","298.3","230.4","","","","434","","0"
"2017-04-03","","","","","","","","","","0"
"2017-04-04","","","","","","","","","","38"
"2017-04-05","3678","","","","","","","","","18"
"2017-04-06","3399","","","","","","","","","26"
"2017-04-07","3399","2235.2","","","","","","","","20"
"2017-04-10","3399","","","","","","","","","18"
"2017-04-11","3399","","","","","","","","","26.1"
"2017-04-12","3399","","","","","","","","","26"
"2017-04-13","3699","","","","","","","","","26"
"2017-04-14","3699","2417.9","","","","","","","","30"
"2017-04-17","3399","","","","","","","","","24"
"2017-04-18","3399","","","","","","","","","20"
"2017-04-19","3399","","","","","","","","","14"
"2017-04-20","3399","","","","","","","","","16"
"2017-04-21","3399","2575.2","","","","","","","","24"
"2017-04-24","3399","","","","","","","","","12"
"2017-04-25","3399","","","","","","","","","26"
"2017-04-26","3399","","","","","","","","","6"
"2017-04-27","3399","","","","","","","","","14"
"2017-04-28","3399","2333.8","","","","","","","","6"
"2017-04-30","","","278.28","219.1","","","","425.3","",""
"2017-05-01","","","","","","","","","","0"
"2017-05-02","3399","","","","","","","","","10"
"2017-05-03","3786","","","","","","","","","14"
"2017-05-04","3816","","","","","","","","","6"
"2017-05-05","3399","2354.4","","","","","","","","14"
"2017-05-08","3399","","","","","","","","","24"
"2017-05-09","3399","","","","","","","","","8"
"2017-05-10","3399","","","","","","","","","8"
"2017-05-11","3399","","","","","","","","","8"
"2017-05-12","3399","1992.6","","","","","","","","12"
"2017-05-15","3849","","","","","","","","","16"
"2017-05-16","3855","","","","","","","","","6"
"2017-05-17","3818","","","","","","","","","14"
"2017-05-18","3399","","","","","","","","","6"
"2017-05-19","3833","2154.5","","","","","","","","6"
"2017-05-22","3399","","","","","","","","","4"
"2017-05-23","3399","","","","","","","","","8"
"2017-05-24","3399","","","","","","","","","8"
"2017-05-25","3399","","","","","","","","","10"
"2017-05-26","3399","1907.1","","","","","","","","6"
"2017-05-29","","","","","","","","","","6"
"2017-05-30","","","","","","","","","","8"
"2017-05-31","3978","","224.6","215.9","","","","418.1","","0"
"2017-06-01","3399","","","","","","","","","0"
"2017-06-02","4010","1904.3","","","","","","","","4"
"2017-06-05","3568","","","","","","","","","22"
"2017-06-06","3568","","","","","","","","","10"
"2017-06-07","3568","","","","","","","","","0"
"2017-06-08","3568","","","","","","","","","14"
"2017-06-09","3745","1752.1","","","","","","","","8"
"2017-06-12","3745","","","","","","","","","6"
"2017-06-13","3745","","","","","","","","","4"
"2017-06-14","3745","","","","","","","","","2"
"2017-06-15","3987","","","","","","","","","4"
"2017-06-16","3864","2219.5","","","","","","","","4"
"2017-06-19","4079","","","","","","","","","4"
"2017-06-20","3903","","","","","","","","","6"
"2017-06-21","3847","","","","","","","","","6"
"2017-06-22","3963","","","","","","","","","2"
"2017-06-23","3745","2332.2","","","","","","","","4"
"2017-06-26","3778","","","","","","","","","0"
"2017-06-27","3745","","","","","","","","","6"
"2017-06-28","3790","","","","","","","","","0"
"2017-06-29","3745","","","","","","","","","2"
"2017-06-30","3745","2222.3","255.06","254.4","","","","383.6","","6"
"2017-07-03","3745","","","","","","","","","8"
"2017-07-04","3609","","","","","","","","","10"
"2017-07-05","3401","","","","","","","","","0"
"2017-07-06","3571","","","","","","","","","14"
"2017-07-07","3745","2145.6","","","","","","","","6"
"2017-07-10","3745","","","","","","","","","6"
"2017-07-11","3730","","","","","","","","","4"
"2017-07-12","3745","","","","","","","","","6"
"2017-07-13","3818","","","","","","","","","0"
"2017-07-14","3732","2190.6","","","","","","","","0"
"2017-07-17","3829","","","","","","","","","4"
"2017-07-18","3805","","","","","","","","","2"
"2017-07-19","3805","","","","","","","","","4"
"2017-07-20","3805","","","","","","","","","2"
"2017-07-21","3840","2276.4","","","","","","","","2"
"2017-07-24","3745","","","","","","","","","12"
"2017-07-25","3721","","","","","","","","","4"
"2017-07-26","3691","","","","","","","","","2"
"2017-07-27","3716","","","","","","","","","4"
"2017-07-28","3716","2445.6","","","","","","","","20"
"2017-07-31","3716","","208.68","220.1","","","","439.4","","2"
"2017-08-01","3890","","","","","","","","","8"
"2017-08-02","3700","","","","","","","","","2"
"2017-08-03","3830","","","","","","","","","12"
"2017-08-04","3824","2213","","","","","","","","6"
"2017-08-07","3726","","","","","","","","","2"
"2017-08-08","3765","","","","","","","","","0"
"2017-08-09","3756","","","","","","","","","0"
"2017-08-10","3806","","","","","","","","","0"
"2017-08-11","3843","2365.2","","","","","","","","0"
"2017-08-14","3866","","","","","","","","","6"
"2017-08-15","3866","","","","","","","","","10"
"2017-08-16","3879","","","","","","","","","4"
"2017-08-17","3984","","","","","","","","","0"
"2017-08-18","3930","2433.4","","","","","","","","6"
"2017-08-21","3991","","","","","","","","","6"
"2017-08-22","3950","","","","","","","","","0"
"2017-08-23","3950","","","","","","","","","4"
"2017-08-24","3745","","","","","","","","","2"
"2017-08-25","4199","2436.4","","","","","","","","4"
"2017-08-28","4199","","","","","","","","","6"
"2017-08-29","3745","","","","","","","","","10"
"2017-08-30","3950","","","","","","","","","20"
"2017-08-31","3950","","237.52","216.1","","","","436.3","","0"
"2017-09-01","3950","2578.08","","","","","","","","0"
"2017-09-04","3929","","","","","","","","","20.5"
"2017-09-05","3950","","","","","","","","","14.3"
"2017-09-06","3950","","","","","","","","","24.6"
"2017-09-07","3950","","","","","","","","","29.5"
"2017-09-08","3950","2648.9","","","","","","","","0"
"2017-09-11","3950","","","","","","","","","10"
"2017-09-12","3950","","","","","","","","","10"
"2017-09-13","3950","","","","","","","","","10"
"2017-09-14","3950","","","","","","","","","8"
"2017-09-15","3950","2348.5","","","","","","","","6"
"2017-09-18","3950","","","","","","","","","4"
"2017-09-19","3950","","","","","","","","","6"
"2017-09-20","3950","","","","","","","","","2"
"2017-09-21","3950","","","","","","","","","10"
"2017-09-22","3950","2461.7","","","","","","","","6"
"2017-09-25","4000","","","","","","","","","4"
"2017-09-26","4000","","","","","","","","","0"
"2017-09-27","4000","","","","","","","","","8"
"2017-09-28","4000","","","","","","","","","2"
"2017-09-29","4000","2327","","","","","","","","8"
"2017-09-30","","","277.79","265.9","","","","434.1","",""
"2017-10-02","","","","","","","","","","0"
"2017-10-03","","","","","","","","","","0"
"2017-10-04","","","","","","","","","","0"
"2017-10-05","","","","","","","","","","0"
"2017-10-06","","2255","","","","","","","","6"
"2017-10-09","3870","","","","","","","","","12"
"2017-10-10","3870","","","","","","","","","6"
"2017-10-11","3870","","","","","","","","","8"
"2017-10-12","3870","","","","","","","","","6"
"2017-10-13","3870","2374.8","","","","","","","","4"
"2017-10-16","3870","","","","","","","","","0"
"2017-10-17","3870","","","","","","","","","4"
"2017-10-18","3870","","","","","","","","","0"
"2017-10-19","3870","","","","","","","","","8"
"2017-10-20","3870","2435","","","","","","","","0"
"2017-10-23","3870","","","","","","","","","2"
"2017-10-24","3870","","","","","","","","","16"
"2017-10-25","3870","","","","","","","","","2"
"2017-10-26","3870","","","","","","","","","10"
"2017-10-27","3870","2511.7","","","","","","","","4"
"2017-10-30","3870","","","","","","","","","18"
"2017-10-31","3870","","263.25","238.3","","","","400.5","","4"
"2017-11-01","3870","","","","","","","","","0"
"2017-11-02","3870","","","","","","","","","8"
"2017-11-03","3870","2574","","","","","","","","2"
"2017-11-06","3870","","","","","","","","","14"
"2017-11-07","3870","","","","","","","","","2"
"2017-11-08","3870","","","","","","","","","2"
"2017-11-09","3870","","","","","","","","","4"
"2017-11-10","3870","2367","","","","","","","","6"
"2017-11-13","3870","","","","","","","","","12"
"2017-11-14","3870","","","","","","","","","4"
"2017-11-15","3870","","","","","","","","","6"
"2017-11-16","3870","","","","","","","","","10"
"2017-11-17","3870","2360.6","","","","","","","","6"
"2017-11-20","3870","","","","","","","","","8"
"2017-11-21","3870","","","","","","","","","12"
"2017-11-22","3870","","","","","","","","","0"
"2017-11-23","3870","","","","","","","","","0"
"2017-11-24","3870","2348.4","","","","","","","","6"
"2017-11-27","3870","","","","","","","","","8"
"2017-11-28","3870","","","","","","","","","4"
"2017-11-29","3870","","","","","","","","","0"
"2017-11-30","3870","","201.73","217.7","","","","423.2","","0"
"2017-12-01","3870","2303.4","","","","","","","","16"
"2017-12-04","3870","","","","","","","","","2"
"2017-12-05","3870","","","","","","","","","20"
"2017-12-06","3870","","","","","","","","","4"
"2017-12-07","3870","","","","","","","","","16"
"2017-12-08","3870","2419.7","","","","","","","","2"
"2017-12-11","3870","","","","","","","","","8"
"2017-12-12","3870","","","","","","","","","10"
"2017-12-13","3870","","","","","","","","","4"
"2017-12-14","3870","","","","","","","","","6"
"2017-12-15","3870","2321.4","","","","","","","","2"
"2017-12-18","3870","","","","","","","","","6"
"2017-12-19","3870","","","","","","","","","14"
"2017-12-20","3870","","","","","","","","","6"
"2017-12-21","3870","","","","","","","","","2"
"2017-12-22","3870","2263.1","","","","","","","","6"
"2017-12-25","3870","","","","","","","","","0"
"2017-12-26","3870","","","","","","","","","4"
"2017-12-27","3870","","","","","","","","","4"
"2017-12-28","3870","","","","","","","","","10"
"2017-12-29","3870","2519","","","","","","","","0"
"2017-12-31","","","214.24","204","","","","434.9","",""
"2018-01-01","","","","","","","","","","10"
"2018-01-02","3791","","","","","","","","","8"
"2018-01-03","3791","","","","","","","","","12"
"2018-01-04","3791","","","","","","","","","4"
"2018-01-05","3791","2272.8","","","","-21.18","","","","0"
"2018-01-08","3791","","","","","","","","","12"
"2018-01-09","3791","","","","","","","","","0"
"2018-01-10","3791","","","","","","","","","0"
"2018-01-11","3791","","","","","","","","","4"
"2018-01-12","3791","1966","","","","-21.18","","","","20"
"2018-01-15","3791","","","","","","","","","6"
"2018-01-16","3791","","","","","","","","","12"
"2018-01-17","3791","","","","","","","","","0"
"2018-01-18","3791","","","","","","","","","0"
"2018-01-19","3791","1999.9","","","","-21.18","","","","2"
"2018-01-22","3791","","","","","","","","","2"
"2018-01-23","3791","","","","","","","","","4"
"2018-01-24","3791","","","","","","","","","18"
"2018-01-25","3791","","","","","","","","","8"
"2018-01-26","3791","2231.3","","","","-21.18","","","","4"
"2018-01-29","3791","","","","","","","","","6"
"2018-01-30","3791","","","","","","","","","0"
"2018-01-31","3791","","281.86","210","","","","460.56","","6"
"2018-02-01","3791","","","","","","","","","10"
"2018-02-02","3791","2251.3","","","","-19.6","","","","0"
"2018-02-05","3791","","","","","","","","","0"
"2018-02-06","3791","","","","","","","","","4"
"2018-02-07","3791","","","","","","","","","0"
"2018-02-08","3791","","","","","","","","","0"
"2018-02-09","3791","2378.2","","","","-19.6","","","","0"
"2018-02-12","3791","","","","","","","","","0"
"2018-02-13","3791","","","","","","","","","0"
"2018-02-14","3791","","","","","","","","","0"
"2018-02-15","","","","","","","","","","4"
"2018-02-16","","2282.8","","","","-19.6","","","","0"
"2018-02-19","","","","","","","","","","4"
"2018-02-20","","","","","","","","","","0"
"2018-02-21","","","","","","","","","","2"
"2018-02-22","3791","","","","","","","","","4"
"2018-02-23","3791","2143.1","","","","-19.6","","","","0"
"2018-02-26","3791","","","","","","","","","6"
"2018-02-27","3791","","","","","","","","","6"
"2018-02-28","3791","","259.4","199.6","","","","413.59","","0"
"2018-03-01","3791","","","","","","","","","2"
"2018-03-02","3791","2253","","","","-15.93","","","","2"
"2018-03-05","3791","","","","","","","","","10"
"2018-03-06","3791","","","","","","","","","4"
"2018-03-07","3791","","","","","","","","","0"
"2018-03-08","3791","","","","","","","","","8"
"2018-03-09","3791","2203.1","","","","-15.93","","","","10"
"2018-03-12","3791","","","","","","","","","8"
"2018-03-13","3791","","","","","","","","","8"
"2018-03-14","3791","","","","","","","","","0"
"2018-03-15","3791","","","","","","","","","4"
"2018-03-16","3791","2387.1","","","","-15.93","","","","0"
"2018-03-19","3791","","","","","","","","","0"
"2018-03-20","3791","","","","","","","","","0"
"2018-03-21","3791","","","","","","","","","0"
"2018-03-22","3791","","","","","","","","","0"
"2018-03-23","3791","2422","","","","-15.93","","","","0"
"2018-03-26","3791","","","","","","","","","2"
"2018-03-27","3791","","","","","","","","","2"
"2018-03-28","3791","","","","","","","","","6"
"2018-03-29","3791","","","","","","","","","8"
"2018-03-30","3791","2169.1","","","","-3.12","","","","0"
"2018-03-31","","","214.9","197.5","","","","416.83","",""
"2018-04-02","3791","","","","","","","","","0"
"2018-04-03","3791","","","","","","","","","6.6"
"2018-04-04","3791","","","","","","","","","2"
"2018-04-05","","","","","","","","","","4"
"2018-04-06","","1970.6","","","","-3.12","","","","9"
"2018-04-09","3791","","","","","","","","","8"
"2018-04-10","3791","","","","","","","","","0"
"2018-04-11","3791","","","","","","","","","0"
"2018-04-12","3791","","","","","","","","","6"
"2018-04-13","3791","1969.2","","","","-3.12","","","","4"
"2018-04-16","3791","","","","","","","","","2"
"2018-04-17","3791","","","","","","","","","2"
"2018-04-18","3791","","","","","","","","","2"
"2018-04-19","3791","","","","","","","","","4"
"2018-04-20","3791","1794.1","","","","-3.12","","","","10"
"2018-04-23","3791","","","","","","","","","0"
"2018-04-24","3791","","","","","","","","","2"
"2018-04-25","3791","","","","","","","","","2"
"2018-04-26","3791","","","","","","","","","0"
"2018-04-27","3791","1739.5","","","","-3.12","","","","0"
"2018-04-30","","","204.8","189.1","","","","423.33","","0"
"2018-05-01","","","","","","","","","","0"
"2018-05-02","3748","","","","","","","","","0"
"2018-05-03","3748","","","","","","","","","2"
"2018-05-04","3748","1772.9","","","","15.23","","","","6"
"2018-05-07","3748","","","","","","","","","4"
"2018-05-08","3748","","","","","","","","","12"
"2018-05-09","3748","","","","","","","","","6"
"2018-05-10","3846","","","","","","","","","0"
"2018-05-11","3846","1912.5","","","","15.23","","","","4"
"2018-05-14","3846","","","","","","","","","4"
"2018-05-15","3846","","","","","","","","","6"
"2018-05-16","3846","","","","","","","","","4"
"2018-05-17","3846","","","","","","","","","4"
"2018-05-18","3846","1867.3","","","","14.31","","","","2"
"2018-05-21","3846","","","","","","","","","4"
"2018-05-22","3846","","","","","","","","","6"
"2018-05-23","3846","","","","","","","","","2"
"2018-05-24","3846","","","","","","","","","0"
"2018-05-25","3846","1834.1","","","","22.4","","","","14"
"2018-05-28","3846","","","","","","","","","6"
"2018-05-29","3846","","","","","","","","","0"
"2018-05-30","3846","","","","","","","","","6"
"2018-05-31","3846","","195.74","191.1","","","","428.35","","2"
"2018-06-01","3846","2105.2","","","","22.4","","","","8"
"2018-06-04","3846","","","","","","","","","10.5"
"2018-06-05","3846","","","","","","","","","12"
"2018-06-06","3846","","","","","","","","","4"
"2018-06-07","3846","","","","","","","","","10"
"2018-06-08","3846","1953.5","","","","22.4","","","","2"
"2018-06-11","3846","","","","","","","","","12"
"2018-06-12","3846","","","","","","","","","0"
"2018-06-13","3846","","","","","","","","","10"
"2018-06-14","3846","","","","","","","","","4"
"2018-06-15","3846","2011.3","","","","22.4","","","","14"
"2018-06-18","","","","","","","","","","14"
"2018-06-19","3846","","","","","","","","","0"
"2018-06-20","3846","","","","","","","","","10"
"2018-06-21","3846","","","","","","","","","2.7"
"2018-06-22","3846","1918.8","","","","20.33","","","","12"
"2018-06-25","3846","","","","","","","","","0"
"2018-06-26","3846","","","","","","","","","4"
"2018-06-27","3846","","","","","","","","","4"
"2018-06-28","3846","","","","","","","","","2"
"2018-06-29","","1868.2","","","","18.27","","","","0"
"2018-06-30","","","182.9","181.1","","","","392.23","",""
"2018-07-02","","","","","","","","","","4"
"2018-07-03","","","","","","","","","","4"
"2018-07-04","","","","","","","","","","6"
"2018-07-05","","","","","","","","","","2"
"2018-07-06","","1752.7","","","","12.5","","","","6"
"2018-07-09","","","","","","","","","","6"
"2018-07-10","","","","","","","","","","2"
"2018-07-11","","","","","","","","","","4"
"2018-07-12","","","","","","","","","","4"
"2018-07-13","","1711.5","","","","14.34","","","","4"
"2018-07-16","2994","","","","","","","","","8"
"2018-07-17","2869","","","","","","","","","4"
"2018-07-18","2881","","","","","","","","","0"
"2018-07-19","2929","","","","","","","","","0"
"2018-07-20","2987","1962.4","","","","10.53","","","","8"
"2018-07-23","2987","","","","","","","","","8"
"2018-07-24","3062","","","","","","","","","8"
"2018-07-25","3116","","","","","","","","","0"
"2018-07-26","3134","","","","","","","","","0"
"2018-07-27","3134","1619.6","","","","7.95","","","","7"
"2018-07-30","3151","","","","","","","","","16"
"2018-07-31","3140","","297.5","209.8","","","","403.58","","0"
"2018-08-01","3089","","","","","","","","","4"
"2018-08-02","3098","","","","","","","","","2"
"2018-08-03","3177","1479.9","","","","7.95","","","","4"
"2018-08-06","3170","","","","","","","","","4"
"2018-08-07","3249","","","","","","","","","0"
"2018-08-08","3192","","","","","","","","","0"
"2018-08-09","3172","","","","","","","","","0"
"2018-08-10","3141","1434.8","","","","7.95","","","","4"
"2018-08-13","3175","","","","","","","","","0"
"2018-08-14","3170","","","","","","","","","2"
"2018-08-15","3154","","","","","","","","","10"
"2018-08-16","3025","","","","","","","","","8"
"2018-08-17","3013","1527.2","","","","-1.64","","","","0"
"2018-08-20","3032","","","","","","","","","2"
"2018-08-21","3052","","","","","","","","","0"
"2018-08-22","3089","","","","","","","","","0"
"2018-08-23","3120","","","","","","","","","6"
"2018-08-24","3159","1423.3","","","","-0.35","","","","0"
"2018-08-27","3126","","","","","","","","","6"
"2018-08-28","3136","","","","","","","","","6"
"2018-08-29","3094","","","","","","","","","4"
"2018-08-30","3188","","","","","","","","","10.3"
"2018-08-31","3199","1666.1","216.7","193.8","","0.3","","396.29","","2"
"2018-09-03","3158","","","","","","","","","10"
"2018-09-04","3156","","","","","","","","","0"
"2018-09-05","3107","","","","","","","","","4"
"2018-09-06","3102","","","","","","","","","16"
"2018-09-07","3095","1606.8","","","","11.86","","","","6"
"2018-09-10","3143","","","","","","","","","14"
"2018-09-11","3121","","","","","","","","","2"
"2018-09-12","3188","","","","","","","","","8"
"2018-09-13","3167","","","","","","","","","2"
"2018-09-14","3115","1594.3","","","","1.13","","","","4"
"2018-09-17","3127","","","","","","","","","2"
"2018-09-18","3114","","","","","","","","","6"
"2018-09-19","3173","","","","","","","","","4"
"2018-09-20","3193","","","","","","","","","0"
"2018-09-21","3171","1528.8","","","","-13.6","","","","0"
"2018-09-25","3273","","","","","","","","","0"
"2018-09-26","3327","","","","","","","","","6"
"2018-09-27","3357","","","","","","","","","10"
"2018-09-28","3371","1761.6","","","","-4.43","","","","2.5"
"2018-09-30","","","254.3","209.2","","","","411.21","",""
"2018-10-01","","","","","","","","","","0"
"2018-10-02","","","","","","","","","","2"
"2018-10-03","","","","","","","","","","14"
"2018-10-04","","","","","","","","","","0"
"2018-10-05","","1756.4","","","","","","","","2"
"2018-10-08","3470","","","","","","","","","12"
"2018-10-09","3648","","","","","","","","","4"
"2018-10-10","3650","","","","","","","","","0"
"2018-10-11","3482","","","","","","","","","0"
"2018-10-12","3514","1865.3","","","","-18.75","","","","4"
"2018-10-15","3500","","","","","","","","","2"
"2018-10-16","3426","","","","","","","","","2"
"2018-10-17","3503","","","","","","","","","0"
"2018-10-18","3462","","","","","","","","","10"
"2018-10-19","3467","1770.7","","","","-8.28","","","","6"
"2018-10-22","3568","","","","","","","","","8"
"2018-10-23","3523","","","","","","","","","0"
"2018-10-24","3466","","","","","","","","","8"
"2018-10-25","3432","","","","","","","","","0"
"2018-10-26","3495","1835.8","","","","-8.28","","","","6"
"2018-10-29","3469","","","","","","","","","0"
"2018-10-30","3526","","","","","","","","","0"
"2018-10-31","3469","","252.26","203.3","","","","412.52","","14"
"2018-11-01","3415","","","","","","","","","0"
"2018-11-02","3406","1545.6","","","","-9.85","","","","10"
"2018-11-05","3427","","","","","","","","","4"
"2018-11-06","3458","","","","","","","","","0"
"2018-11-07","3493","","","","","","","","","6"
"2018-11-08","3480","","","","","","","","","2"
"2018-11-09","3400","1770.7","","","","-0.98","","","","6"
"2018-11-12","3392","","","","","","","","","8"
"2018-11-13","3333","","","","","","","","","2"
"2018-11-14","3171","","","","","","","","","0"
"2018-11-15","3206","","","","","","","","","6"
"2018-11-16","3215","1582.1","","","","6.78","","","","2"
"2018-11-19","3214","","","","","","","","","4"
"2018-11-20","3217","","","","","","","","","0"
"2018-11-21","3102","","","","","","","","","8"
"2018-11-22","3125","","","","","","","","","0"
"2018-11-23","3053","1790.3","","","","6.59","","","","2"
"2018-11-26","2982","","","","","","","","","6"
"2018-11-27","2952","","","","","","","","","0"
"2018-11-28","2997","","","","","","","","","0"
"2018-11-29","2874","","","","","","","","","0"
"2018-11-30","2859","1892.8","232.7","184.5","","8.8","","390.61","","2"
"2018-12-03","2870","","","","","","","","","36"
"2018-12-04","2901","","","","","","","","","16"
"2018-12-05","2867","","","","","","","","","16"
"2018-12-06","2797","","","","","","","","","24"
"2018-12-07","2731","1983.8","","","","12.38","","","","15"
"2018-12-10","2776","","","","","","","","","2"
"2018-12-11","2702","","","","","","","","","16"
"2018-12-12","2726","","","","","","","","","2"
"2018-12-13","2664","","","","","","","","","4"
"2018-12-14","2664","1959.4","","","","12.38","","","","2"
"2018-12-17","2645","","","","","","","","","24"
"2018-12-18","2580","","","","","","","","","2"
"2018-12-19","2486","","","","","","","","","12"
"2018-12-20","2478","","","","","","","","","10"
"2018-12-21","2504","2081.3","","","","12.38","","","","0"
"2018-12-24","2502","","","","","","","","","0"
"2018-12-25","2349","","","","","","","","","0"
"2018-12-26","2335","","","","","","","","","2"
"2018-12-27","2428","","","","","","","","","2"
"2018-12-28","2402","2020","","","","","","","","0"
"2018-12-31","","","188.4","174","","","","430.78","","0"
"2019-01-01","","","","","","","","","","0"
"2019-01-02","2372","","","","","","","","","8"
"2019-01-03","2408","","","","","","","","","10"
"2019-01-04","2492","2004.8","","","","20.83","","","","8"
"2019-01-07","2526","","","","","","","","","8"
"2019-01-08","2528","","","","","","","","","4"
"2019-01-09","2564","","","","","","","","","2"
"2019-01-10","2638","","","","","","","","","0"
"2019-01-11","2646","1894.1","","","","20.83","","","","8"
"2019-01-14","2583","","","","","","","","","4"
"2019-01-15","2620","","","","","","","","","0"
"2019-01-16","2636","","","","","","","","","0"
"2019-01-17","2623","","","","","","","","","0"
"2019-01-18","2698","1840.4","","","","20.83","","","","6"
"2019-01-21","2740","","","","","","","","","2"
"2019-01-22","2711","","","","","","","","","0"
"2019-01-23","2726","","","","","","","","","4"
"2019-01-24","2707","","","","","","","","","4"
"2019-01-25","2710","1981.2","","","","20.83","","","","18"
"2019-01-28","2664","","","","","","","","","0"
"2019-01-29","2649","","","","","","","","","12"
"2019-01-30","2688","","","","","","","","","2"
"2019-01-31","2763","","260.04","180","","","","419.94","","0"
"2019-02-01","2715","2029","","","","18.33","","","","0"
"2019-02-04","","","","","","","","","","10"
"2019-02-05","","","","","","","","","","0"
"2019-02-06","","","","","","","","","","0"
"2019-02-07","","","","","","","","","","2"
"2019-02-08","","1931.6","","","","16.04","","","","0"
"2019-02-11","2820","","","","","","","","","2"
"2019-02-12","2840","","","","","","","","","0"
"2019-02-13","2891","","","","","","","","","6"
"2019-02-14","2944","","","","","","","","","2"
"2019-02-15","2919","2315.5","","","","16.04","","","","2"
"2019-02-18","2968","","","","","","","","","2"
"2019-02-19","2941","","","","","","","","","0"
"2019-02-20","2913","","","","","","","","","6"
"2019-02-21","2948","","","","","","","","","8"
"2019-02-22","2957","2055.5","","","","10.63","","","","10"
"2019-02-25","2866","","","","","","","","","20"
"2019-02-26","2808","","","","","","","","","0"
"2019-02-27","2854","","","","","","","","","2"
"2019-02-28","2897","","238.87","174.5","","","","378.04","","0"
"2019-03-01","2982","2166.4","","","","3.91","","","","14"
"2019-03-04","2918","","","","","","","","","20"
"2019-03-05","2937","","","","","","","","","4"
"2019-03-06","2945","","","","","","","","","16"
"2019-03-07","2930","","","","","","","","","4"
"2019-03-08","2855","2033.4","","","","6.05","","","","22"
"2019-03-11","2902","","","","","","","","","10"
"2019-03-12","2937","","","","","","","","","10"
"2019-03-13","2961","","","","","","","","","12"
"2019-03-14","2947","","","","","","","","","4"
"2019-03-15","2907","2217.9","","","","6.05","","","","2"
"2019-03-18","2874","","","","","","","","","14"
"2019-03-19","2821","","","","","","","","","0"
"2019-03-20","2862","","","","","","","","","10"
"2019-03-21","2907","","","","","","","","","6"
"2019-03-22","2858","2038.8","","","","-0.59","","","","2"
"2019-03-25","2772","","","","","","","","","4"
"2019-03-26","2796","","","","","","","","","6"
"2019-03-27","2818","","","","","","","","","0"
"2019-03-28","2835","","","","","","","","","0"
"2019-03-29","2841","1941.8","","","","-3.6","","","","0"
"2019-03-31","","","238.59","194.1","","","","409.08","",""
"2019-04-01","2827","","","","","","","","","6"
"2019-04-02","2865","","","","","","","","","4"
"2019-04-03","2867","","","","","","","","","0"
"2019-04-04","2848","","","","","","","","","6"
"2019-04-05","","2170","","","","-3.6","","","","8"
"2019-04-08","2852","","","","","","","","","4"
"2019-04-09","2839","","","","","","","","","8"
"2019-04-10","2794","","","","","","","","","4"
"2019-04-11","2802","","","","","","","","","14"
"2019-04-12","2837","2167","","","","-3.6","","","","4"
"2019-04-15","2834","","","","","","","","","6"
"2019-04-16","2789","","","","","","","","","6"
"2019-04-17","2819","","","","","","","","","0"
"2019-04-18","2777","","","","","","","","","10"
"2019-04-19","2848","2368.3","","","","-3.6","","","","0"
"2019-04-22","2898","","","","","","","","","14"
"2019-04-23","2911","","","","","","","","","6"
"2019-04-24","2890","","","","","","","","","2"
"2019-04-25","2984","","","","","","","","","16"
"2019-04-26","2959","2433.1","","","","-6.44","","","","6"
"2019-04-29","2872","","","","","","","","","0"
"2019-04-30","2883","","252.42","164.4","","","","371.21","","14"
"2019-05-01","","","","","","","","","","0"
"2019-05-02","","","","","","","","","","8"
"2019-05-03","","2357.6","","","","-21.34","","","","14"
"2019-05-06","2755","","","","","","","","","12"
"2019-05-07","2837","","","","","","","","","4"
"2019-05-08","2796","","","","","","","","","8"
"2019-05-09","2801","","","","","","","","","20"
"2019-05-10","2821","2649.8","","","","-22.45","","","","4"
"2019-05-13","2875","","","","","","","","","10"
"2019-05-14","2815","","","","","","","","","0"
"2019-05-15","2793","","","","","","","","","10"
"2019-05-16","2846","","","","","","","","","4"
"2019-05-17","2908","2377","","","","-21.83","","","","10"
"2019-05-20","2974","","","","","","","","","0"
"2019-05-21","2920","","","","","","","","","10"
"2019-05-22","2868","","","","","","","","","6"
"2019-05-23","2781","","","","","","","","","2"
"2019-05-24","2719","2246.5","","","","-21.83","","","","12"
"2019-05-27","2709","","","","","","","","","4"
"2019-05-28","2742","","","","","","","","","4"
"2019-05-29","2744","","","","","","","","","6"
"2019-05-30","2751","","","","","","","","","0"
"2019-05-31","2620","2179","233.9","184.4","","-21.83","","400.65","","10"
"2019-06-03","2536","","","","","","","","","4"
"2019-06-04","2538","","","","","","","","","0"
"2019-06-05","2557","","","","","","","","","0"
"2019-06-06","2538","","","","","","","","","0"
"2019-06-07","","2219.4","","","","-21.83","","","","2"
"2019-06-10","2608","","","","","","","","","8"
"2019-06-11","2603","","","","","","","","","0"
"2019-06-12","2529","","","","","","","","","2"
"2019-06-13","2535","","","","","","","","","4"
"2019-06-14","2475","2382.6","","","","-21.83","","","","6"
"2019-06-17","2497","","","","","","","","","0"
"2019-06-18","2433","","","","","","","","","2"
"2019-06-19","2522","","","","","","","","","6"
"2019-06-20","2557","","","","","","","","","4"
"2019-06-21","2583","2379.8","","","","-20","","","","6"
"2019-06-24","2649","","","","","","","","","6"
"2019-06-25","2647","","","","","","","","","0"
"2019-06-26","2710","","","","","","","","","0"
"2019-06-27","2716","","","","","","","","","0"
"2019-06-28","2775","2283.7","","","","-19.1","","","","6"
"2019-06-30","","","230.24","238.8","","","","391.99","",""
"2019-07-01","2863","","","","","","","","","12"
"2019-07-02","2832","","","","","","","","","14"
"2019-07-03","2726","","","","","","","","","2"
"2019-07-04","2776","","","","","","","","","10"
"2019-07-05","2828","1955.7","","","","-13.55","","","","14"
"2019-07-08","2896","","","","","","","","","10"
"2019-07-09","2880","","","","","","","","","0"
"2019-07-10","2960","","","","","","","","","4"
"2019-07-11","3152","","","","","","","","","10"
"2019-07-12","3145","1935.4","","","","-14.95","","","","2"
"2019-07-15","3054","","","","","","","","","6"
"2019-07-16","2912","","","","","","","","","4"
"2019-07-17","2931","","","","","","","","","10"
"2019-07-18","2948","","","","","","","","","0"
"2019-07-19","2952","1853.9","","","","-15.52","","","","0"
"2019-07-22","2961","","","","","","","","","0"
"2019-07-23","2920","","","","","","","","","20.5"
"2019-07-24","2904","","","","","","","","","4"
"2019-07-25","2916","","","","","","","","","19.7"
"2019-07-26","3027","1691.6","","","","-10.62","","","","8"
"2019-07-29","2983","","","","","","","","","0"
"2019-07-30","3053","","","","","","","","","2"
"2019-07-31","3087","","170.84","187.4","","","","387.82","","4"
"2019-08-01","3104","","","","","","","","","10"
"2019-08-02","2986","1908.2","","","","-12.15","","","","8"
"2019-08-05","2981","","","","","","","","","16"
"2019-08-06","2382","","","","","","","","","4"
"2019-08-07","2284","","","","","","","","","6"
"2019-08-08","2259","","","","","","","","","0"
"2019-08-09","2233","2191.7","","","","-9.17","","","","0"
"2019-08-12","2251","","","","","","","","","0"
"2019-08-13","2204","","","","","","","","","8"
"2019-08-14","2252","","","","","","","","","4"
"2019-08-15","2187","","","","","","","","","8"
"2019-08-16","2174","1974.1","","","","-9.24","","","","0"
"2019-08-19","2228","","","","","","","","","6"
"2019-08-20","2221","","","","","","","","","4"
"2019-08-21","2200","","","","","","","","","2"
"2019-08-22","2202","","","","","","","","","18"
"2019-08-23","2195","2037.2","","","","-17.67","","","","0"
"2019-08-26","2209","","","","","","","","","0"
"2019-08-27","2196","","","","","","","","","4"
"2019-08-28","2241","","","","","","","","","12"
"2019-08-29","2223","","","","","","","","","8"
"2019-08-30","2238","2143.9","","","","-18.21","","","","9"
"2019-08-31","","","233.97","183.7","","","","366.89","",""
"2019-09-02","2207","","","","","","","","","18"
"2019-09-03","2203","","","","","","","","","0"
"2019-09-04","2197","","","","","","","","","0"
"2019-09-05","2212","","","","","","","","","4"
"2019-09-06","2225","2095.6","","","","-29.5","","","","4"
"2019-09-09","2254","","","","","","","","","6"
"2019-09-10","2263","","","","","","","","","0"
"2019-09-11","2237","","","","","","","","","4"
"2019-09-12","2190","","","","","","","","","10"
"2019-09-13","","1974.5","","","","-20.53","","","","0"
"2019-09-16","2332","","","","","","","","","4"
"2019-09-17","2472","","","","","","","","","4"
"2019-09-18","2379","","","","","","","","","2"
"2019-09-19","2361","","","","","","","","","4"
"2019-09-20","2374","1851.9","","","","-9.91","","","","10"
"2019-09-23","2381","","","","","","","","","0"
"2019-09-24","2318","","","","","","","","","0"
"2019-09-25","2270","","","","","","","","","8"
"2019-09-26","2256","","","","","","","","","0"
"2019-09-27","2232","2036.9","","","","-18.54","","","","4"
"2019-09-30","2222","","204.85","213.5","","","","389.84","","6"
"2019-10-01","","","","","","","","","","0"
"2019-10-02","","","","","","","","","","12"
"2019-10-03","","","","","","","","","","6"
"2019-10-04","","1913","","","","-0.3","","","","0"
"2019-10-07","","","","","","","","","","6"
"2019-10-08","2189","","","","","","","","","16"
"2019-10-09","2193","","","","","","","","","6"
"2019-10-10","2194","","","","","","","","","2"
"2019-10-11","2224","2190","","","","-0.3","","","","8"
"2019-10-14","2197","","","","","","","","","14"
"2019-10-15","2164","","","","","","","","","2"
"2019-10-16","2148","","","","","","","","","2"
"2019-10-17","2129","","","","","","","","","4"
"2019-10-18","2138","2210.8","","","","1.89","","","","8"
"2019-10-21","2113","","","","","","","","","8"
"2019-10-22","2102","","","","","","","","","4"
"2019-10-23","2097","","","","","","","","","8"
"2019-10-24","2127","","","","","","","","","0"
"2019-10-25","2108","2080.9","","","","1.89","","","","2"
"2019-10-28","2099","","","","","","","","","0"
"2019-10-29","2096","","","","","","","","","4"
"2019-10-30","2097","","","","","","","","","2"
"2019-10-31","2108","","259.67","211.5","","","","376.77","","6"
"2019-11-01","2097","2184.7","","","","7.58","","","","14"
"2019-11-04","2134","","","","","","","","","4"
"2019-11-05","2123","","","","","","","","","8"
"2019-11-06","2087","","","","","","","","","6"
"2019-11-07","2056","","","","","","","","","4"
"2019-11-08","2016","2089.9","","","","-4.29","","","","6"
"2019-11-11","1933","","","","","","","","","4"
"2019-11-12","1931","","","","","","","","","2"
"2019-11-13","1867","","","","","","","","","2"
"2019-11-14","1848","","","","","","","","","0"
"2019-11-15","1734","2035.5","","","","-6.9","","","","0"
"2019-11-18","1762","","","","","","","","","10"
"2019-11-19","1782","","","","","","","","","12"
"2019-11-20","1729","","","","","","","","","8"
"2019-11-21","1803","","","","","","","","","6"
"2019-11-22","1815","2083","","","","-6.73","","","","2"
"2019-11-25","1843","","","","","","","","","0"
"2019-11-26","1832","","","","","","","","","0"
"2019-11-27","1823","","","","","","","","","0"
"2019-11-28","1825","","","","","","","","","2"
"2019-11-29","1935","2178.4","","","","-8.75","","","","8"
"2019-11-30","","","191.04","239","","","29.54","407.56","",""
"2019-12-02","1859","","","","","","","","","4"
"2019-12-03","1889","","","","","","","","","8"
"2019-12-04","1917","","","","","","","","","4"
"2019-12-05","1952","","","","","","","","","10"
"2019-12-06","1980","2212","","","","-12.23","","","","0"
"2019-12-09","2011","","","","","","","","","0"
"2019-12-10","2022","","","","","","","","","4"
"2019-12-11","2070","","","","","","","","","2"
"2019-12-12","2069","","","","","","","","","4"
"2019-12-13","2074","2136.5","","","","-11.62","","","","0"
"2019-12-16","2087","","","","","","","","","0"
"2019-12-17","2075","","","","","","","","","2"
"2019-12-18","2067","","","","","","","","","0"
"2019-12-19","2131","","","","","","","","","0"
"2019-12-20","2168","1972","","","","-11.62","","","","12"
"2019-12-23","2160","","","","","","","","","0"
"2019-12-24","2158","","","","","","","","","6"
"2019-12-25","2170","","","","","","","","","0"
"2019-12-26","2161","","","","","","","","","2"
"2019-12-27","2178","2023.9","","","","","","","","2"
"2019-12-30","2226","","","","","","","","","0"
"2019-12-31","2163","","357.69","294.8","","","69.43","450.5","","0"
"2020-01-01","","","","","","","","","","0"
"2020-01-02","2176","","","","","","","","","4"
"2020-01-03","2270","2047.5","","","","","","","","10"
"2020-01-06","2411","","","","","","","","","4"
"2020-01-07","2375","","","","","","","","","4"
"2020-01-08","2475","","","","","","","","","0"
"2020-01-09","2348","","","","","","","","","4"
"2020-01-10","2416","2190.2","","","","-11.64","","","","2"
"2020-01-13","2415","","","","","","","","","8"
"2020-01-14","2387","","","","","","","","","2"
"2020-01-15","2295","","","","","","","","","2"
"2020-01-16","2290","","","","","","","","","2"
"2020-01-17","2306","2273.3","","","","-11.55","","","","2"
"2020-01-20","2345","","","","","","","","","2"
"2020-01-21","2294","","","","","","","","","0"
"2020-01-22","2328","","","","","","","","","0"
"2020-01-23","2286","","","","","","","","","0"
"2020-01-24","","2281.8","","","","-11.55","","","","0"
"2020-01-27","","","","","","","","","","0"
"2020-01-28","","","","","","","","","","0"
"2020-01-29","","","","","","","","","","0"
"2020-01-30","","","","","","","","","","0"
"2020-01-31","","2355.5","349.74","260","","-9.68","44.44","451.47","","0"
"2020-02-03","2059","","","","","","","","","0"
"2020-02-04","2032","","","","","","","","","4"
"2020-02-05","2063","","","","","","","","","6"
"2020-02-06","2140","","","","","","","","","4"
"2020-02-07","2137","2168.5","","","","-9.34","","","","6"
"2020-02-10","2110","","","","","","","","","8"
"2020-02-11","2123","","","","","","","","","2"
"2020-02-12","2171","","","","","","","","","0"
"2020-02-13","2195","","","","","","","","","2"
"2020-02-14","2203","2206.2","","","","-27.65","","","","2"
"2020-02-17","2249","","","","","","","","","2"
"2020-02-18","2214","","","","","","","","","2"
"2020-02-19","2269","","","","","","","","","4"
"2020-02-20","2326","","","","","","","","","4"
"2020-02-21","2291","2423.1","","","","-28.44","","","","0"
"2020-02-24","2179","","","","","","","","","4"
"2020-02-25","2216","","","","","","","","","0"
"2020-02-26","2090","","","","","","","","","0"
"2020-02-27","2021","","","","","","","","","2"
"2020-02-28","1953","2497.1","","","","-34.21","","","","2"
"2020-02-29","","","230.2","204.3","","","","387.97","",""
"2020-03-02","2053","","","","","","","","","0"
"2020-03-03","2063","","","","","","","","","4"
"2020-03-04","2080","","","","","","","","","0"
"2020-03-05","2083","","","","","","","","","0"
"2020-03-06","2013","2611.8","","","","-37.38","","","","2"
"2020-03-09","1851","","","","","","","","","0"
"2020-03-10","1678","","","","","","","","","6"
"2020-03-11","1652","","","","","","","","","0"
"2020-03-12","1567","","","","","","","","","4"
"2020-03-13","1584","2498.1","","","","-37.38","","","","4"
"2020-03-16","1511","","","","","","","","","2"
"2020-03-17","1530","","","","","","","","","0"
"2020-03-18","1451","","","","","","","","","0"
"2020-03-19","1373","","","","","","","","","0"
"2020-03-20","1469","2527.7","","","","-32.02","","","","0"
"2020-03-23","1432","","","","","","","","","0"
"2020-03-24","1483","","","","","","","","","0"
"2020-03-25","1498","","","","","","","","","2"
"2020-03-26","1438","","","","","","","","","2"
"2020-03-27","1455","2478.3","","","","-32.02","","","","0"
"2020-03-30","1392","","","","","","","","","6"
"2020-03-31","1467","","221.44","242.2","","","24.78","432.23","","0"
"2020-04-01","1443","","","","","","","","","6"
"2020-04-02","1537","","","","","","","","","6"
"2020-04-03","1526","2422.9","","","","-22.44","","","","6"
"2020-04-06","","","","","","","","","","2"
"2020-04-07","1579","","","","","","","","","12"
"2020-04-08","1738","","","","","","","","","2"
"2020-04-09","1767","","","","","","","","","2"
"2020-04-10","1750","2303.2","","","","-22.44","","","","0"
"2020-04-13","1732","","","","","","","","","0"
"2020-04-14","1739","","","","","","","","","0"
"2020-04-15","1717","","","","","","","","","0"
"2020-04-16","1648","","","","","","","","","0"
"2020-04-17","1687","2454.1","","","","-8.84","","","","4"
"2020-04-20","1645","","","","","","","","","2"
"2020-04-21","1560","","","","","","","","","4"
"2020-04-22","1435","","","","","","","","","2"
"2020-04-23","1535","","","","","","","","","0"
"2020-04-24","1536","2232.9","","","","-5.53","","","","2"
"2020-04-27","1420","","","","","","","","","4"
"2020-04-28","1443","","","","","","","","","0"
"2020-04-29","1467","","","","","","","","","4"
"2020-04-30","1512","","276.03","308.7","","","87.77","411.37","","2"
"2020-05-01","","2220.4","","","","-5.47","","","","0"
"2020-05-04","","","","","","","","","","6"
"2020-05-05","","","","","","","","","","0"
"2020-05-06","1580","","","","","","","","","2"
"2020-05-07","1578","","","","","","","","","0"
"2020-05-08","1600","2413.6","","","","-5.34","","","","6"
"2020-05-11","1582","","","","","","","","","0"
"2020-05-12","1564","","","","","","","","","2"
"2020-05-13","1529","","","","","","","","","0"
"2020-05-14","1527","","","","","","","","","0"
"2020-05-15","1590","2498.7","","","","-3.7","","","","8"
"2020-05-18","1620","","","","","","","","","2"
"2020-05-19","1617","","","","","","","","","0"
"2020-05-20","1644","","","","","","","","","0"
"2020-05-21","1676","","","","","","","","","0"
"2020-05-22","1611","2617.2","","","","-3.7","","","","2"
"2020-05-25","1635","","","","","","","","","0"
"2020-05-26","1660","","","","","","","","","2"
"2020-05-27","1628","","","","","","","","","2"
"2020-05-28","1632","","","","","","","","","0"
"2020-05-29","1624","2559.7","","","","5.69","","","","0"
"2020-05-31","","","428.64","383","","","107.7","392.5","",""
"2020-06-01","1675","","","","","","","","","4"
"2020-06-02","1668","","","","","","","","","0"
"2020-06-03","1751","","","","","","","","","0"
"2020-06-04","1704","","","","","","","","","0"
"2020-06-05","1735","2568.5","","","","5.69","","","","0"
"2020-06-08","1774","","","","","","","","","2"
"2020-06-09","1735","","","","","","","","","0"
"2020-06-10","1745","","","","","","","","","0"
"2020-06-11","1734","","","","","","","","","0"
"2020-06-12","1651","2568.7","","","","5.69","","","","0"
"2020-06-15","1646","","","","","","","","","2"
"2020-06-16","1693","","","","","","","","","4"
"2020-06-17","1695","","","","","","","","","0"
"2020-06-18","1686","","","","","","","","","4"
"2020-06-19","1735","2663","","","","5.04","","","","0"
"2020-06-22","1705","","","","","","","","","0"
"2020-06-23","1729","","","","","","","","","0"
"2020-06-24","1717","","","","","","","","","0"
"2020-06-25","","","","","","","","","","4"
"2020-06-26","","2659.6","","","","6.16","","","","0"
"2020-06-29","1636","","","","","","","","","2"
"2020-06-30","1672","","347.24","321.4","","","34.59","382.9","","2"
"2020-07-01","1683","","","","","","","","","2"
"2020-07-02","1702","","","","","","","","","10"
"2020-07-03","1709","2512.3","","","","3.84","","","","16"
"2020-07-06","1742","","","","","","","","","16"
"2020-07-07","1695","","","","","","","","","8"
"2020-07-08","1724","","","","","","","","","15"
"2020-07-09","1719","","","","","","","","","6"
"2020-07-10","1670","2666.6","","","","3.64","","","","0"
"2020-07-13","1724","","","","","","","","","8"
"2020-07-14","1694","","","","","","","","","8"
"2020-07-15","1725","","","","","","","","","10"
"2020-07-16","1714","","","","","","","","","12"
"2020-07-17","1730","2611","","","","9.6","","","","4"
"2020-07-20","1698","","","","","","","","","6"
"2020-07-21","1719","","","","","","","","","4"
"2020-07-22","1736","","","","","","","","","14"
"2020-07-23","1745","","","","","","","","","10"
"2020-07-24","1696","2350.5","","","","-3.64","","","","28"
"2020-07-27","1689","","","","","","","","","4"
"2020-07-28","1687","","","","","","","","","0"
"2020-07-29","1703","","","","","","","","","0"
"2020-07-30","1684","","","","","","","","","0"
"2020-07-31","1664","2359.2","212.86","269","","-1.95","43.54","415.77","","0"
"2020-08-03","1639","","","","","","","","","0"
"2020-08-04","1652","","","","","","","","","0"
"2020-08-05","1656","","","","","","","","","4"
"2020-08-06","1659","","","","","","","","","0"
"2020-08-07","1647","2423.4","","","","-5.96","","","","10"
"2020-08-10","1659","","","","","","","","","0"
"2020-08-11","1668","","","","","","","","","6"
"2020-08-12","1895","","","","","","","","","4"
"2020-08-13","1882","","","","","","","","","4"
"2020-08-14","1893","2381.7","","","","-6.52","","","","4"
"2020-08-17","1875","","","","","","","","","2"
"2020-08-18","1889","","","","","","","","","2"
"2020-08-19","1886","","","","","","","","","7"
"2020-08-20","1939","","","","","","","","","0"
"2020-08-21","1968","2548.5","","","","-0.65","","","","4"
"2020-08-24","1966","","","","","","","","","0"
"2020-08-25","2030","","","","","","","","","0"
"2020-08-26","2036","","","","","","","","","8"
"2020-08-27","2019","","","","","","","","","2"
"2020-08-28","2010","2313.1","","","","-1.51","","","","8"
"2020-08-31","2011","","194.7","278.4","","","51.55","416.89","","0"
"2020-09-01","2011","","","","","","","","","0"
"2020-09-02","2014","","","","","","","","","0"
"2020-09-03","1966","","","","","","","","","2"
"2020-09-04","1973","2219.5","","","","6.26","","","","0"
"2020-09-07","1918","","","","","","","","","6"
"2020-09-08","1912","","","","","","","","","6"
"2020-09-09","1808","","","","","","","","","6"
"2020-09-10","1825","","","","","","","","","2"
"2020-09-11","1826","2073.5","","","","-4.3","","","","0"
"2020-09-14","1849","","","","","","","","","0"
"2020-09-15","1826","","","","","","","","","0"
"2020-09-16","1862","","","","","","","","","0"
"2020-09-17","1835","","","","","","","","","0"
"2020-09-18","1890","2131","","","","-1.2","","","","10.5"
"2020-09-21","1861","","","","","","","","","0"
"2020-09-22","1808","","","","","","","","","6"
"2020-09-23","1797","","","","","","","","","0"
"2020-09-24","1797","","","","","","","","","4"
"2020-09-25","1825","2363.3","","","","-1.2","","","","0"
"2020-09-28","1819","","","","","","","","","8"
"2020-09-29","1835","","","","","","","","","0"
"2020-09-30","1798","","197.7","252.8","","","18.41","421.8","","4"
"2020-10-01","","","","","","","","","","0"
"2020-10-02","","2414.7","","","","-1.68","","","","0"
"2020-10-05","","","","","","","","","","0"
"2020-10-06","","","","","","","","","","0"
"2020-10-07","","","","","","","","","","0"
"2020-10-08","","","","","","","","","","8"
"2020-10-09","1878","2423.7","","","","-4.24","","","","10"
"2020-10-12","1868","","","","","","","","","0"
"2020-10-13","1865","","","","","","","","","2"
"2020-10-14","1867","","","","","","","","","0"
"2020-10-15","1933","","","","","","","","","4"
"2020-10-16","1944","2465.2","","","","-4.13","","","","8"
"2020-10-19","1959","","","","","","","","","0"
"2020-10-20","1921","","","","","","","","","12"
"2020-10-21","1919","","","","","","","","","4"
"2020-10-22","1888","","","","","","","","","0"
"2020-10-23","1932","2431.7","","","","-10.46","","","","0"
"2020-10-26","1865","","","","","","","","","6"
"2020-10-27","1866","","","","","","","","","2"
"2020-10-28","1824","","","","","","","","","4"
"2020-10-29","1777","","","","","","","","","2"
"2020-10-30","1677","2321.6","","","","-5.33","","","","0"
"2020-10-31","","","219.07","281.6","","","33.14","415.24","",""
"2020-11-02","1652","","","","","","","","","0"
"2020-11-03","1699","","","","","","","","","0"
"2020-11-04","1718","","","","","","","","","4"
"2020-11-05","1712","","","","","","","","","10"
"2020-11-06","1678","2322.8","","","","-19.69","","","","2"
"2020-11-09","1740","","","","","","","","","6"
"2020-11-10","1788","","","","","","","","","0"
"2020-11-11","1806","","","","","","","","","0"
"2020-11-12","1804","","","","","","","","","2"
"2020-11-13","1776","2304.6","","","","-10.62","","","","0"
"2020-11-16","1810","","","","","","","","","2"
"2020-11-17","1837","","","","","","","","","2"
"2020-11-18","1808","","","","","","","","","0"
"2020-11-19","1827","","","","","","","","","0"
"2020-11-20","1849","2200.2","","","","-1.56","","","","0"
"2020-11-23","1858","","","","","","","","","0"
"2020-11-24","1901","","","","","","","","","0"
"2020-11-25","1918","","","","","","","","","0"
"2020-11-26","1917","","","","","","","","","0"
"2020-11-27","1889","2403.8","","","","-2.99","","","","0"
"2020-11-30","1870","","280.07","302.5","","","26.57","426.29","","0"
"2020-12-01","1876","","","","","","","","","0"
"2020-12-02","1853","","","","","","","","","0"
"2020-12-03","1872","","","","","","","","","2"
"2020-12-04","1919","2575.1","","","","0.2","","","","2"
"2020-12-07","1896","","","","","","","","","0"
"2020-12-08","1853","","","","","","","","","0"
"2020-12-09","2042","","","","","","","","","6"
"2020-12-10","2014","","","","","","","","","0"
"2020-12-11","2045","2236.1","","","","-0.49","","","","0"
"2020-12-14","2102","","","","","","","","","2"
"2020-12-15","2094","","","","","","","","","0"
"2020-12-16","2096","","","","","","","","","2"
"2020-12-17","2192","","","","","","","","","0"
"2020-12-18","2170","2282.9","","","","-1.07","","","","0"
"2020-12-21","2128","","","","","","","","","0"
"2020-12-22","2022","","","","","","","","","0"
"2020-12-23","2029","","","","","","","","","2"
"2020-12-24","2070","","","","","","","","","0"
"2020-12-25","2093","2039.4","","","","","","","","0"
"2020-12-28","2066","","","","","","","","","2"
"2020-12-29","2076","","","","","","","","","0"
"2020-12-30","2067","","","","","","","","","0"
"2020-12-31","2060","","134.68","276.6","","","-6.17","428.96","","2"
"2021-01-01","","2195.6","","","","","","","",""
"2021-01-04","2126","","","","","","","","","2"
"2021-01-05","2054","","","","","","","","","4"
"2021-01-06","2127","","","","","","","","","20"
"2021-01-07","2194","","","","","","","","","4"
"2021-01-08","2216","2251.6","","","","-14.73","","","","6"
"2021-01-11","2171","","","","","","","","","0"
"2021-01-12","2215","","","","","","","","","10"
"2021-01-13","2256","","","","","","","","","0"
"2021-01-14","2235","","","","","","","","","10"
"2021-01-15","2206","2230.4","","","","-15.4","","","","2"
"2021-01-18","2181","","","","","","","","","12"
"2021-01-19","2191","","","","","","","","","6"
"2021-01-20","2215","","","","","","","","","6.5"
"2021-01-21","2192","","","","","","","","","8"
"2021-01-22","2119","2199.9","","","","-15.4","","","","10"
"2021-01-25","2099","","","","","","","","","12"
"2021-01-26","2076","","","","","","","","","2"
"2021-01-27","2125","","","","","","","","","10.5"
"2021-01-28","2116","","","","","","","","","2"
"2021-01-29","2155","2079.1","","","","-21.83","","","","2"
"2021-01-31","","","186.52","275","","","5.77","450.3","",""
"2021-02-01","2178","","","","","","","","","6"
"2021-02-02","2221","","","","","","","","","0"
"2021-02-03","2218","","","","","","","","","2"
"2021-02-04","2246","","","","","","","","","0"
"2021-02-05","2259","2133.7","","","","-20.79","","","","0"
"2021-02-08","2287","","","","","","","","","0"
"2021-02-09","2342","","","","","","","","","0"
"2021-02-10","2057","","","","","","","","","4"
"2021-02-11","","","","","","","","","","0"
"2021-02-12","","2099.6","","","","11.66","","","","0"
"2021-02-15","","","","","","","","","","6"
"2021-02-16","","","","","","","","","","0"
"2021-02-17","","","","","","","","","","0"
"2021-02-18","2399","","","","","","","","","0"
"2021-02-19","2342","1937.9","","","","33.95","","","","0"
"2021-02-22","2359","","","","","","","","","2"
"2021-02-23","2450","","","","","","","","","0"
"2021-02-24","2429","","","","","","","","","0"
"2021-02-25","2468","","","","","","","","","0"
"2021-02-26","2430","2039.1","","","","56","","","","0"
"2021-02-28","","","255.87","295.2","","","","412.01","",""
"2021-03-01","2441","","","","","","","","","0"
"2021-03-02","2326","","","","","","","","","4"
"2021-03-03","2314","","","","","","","","","2"
"2021-03-04","2364","","","","","","","","","4"
"2021-03-05","2499","2190","","","","65.29","","","","4"
"2021-03-08","2624","","","","","","","","","2"
"2021-03-09","2572","","","","","","","","","4"
"2021-03-10","2533","","","","","","","","","6"
"2021-03-11","2556","","","","","","","","","10"
"2021-03-12","2555","2279.8","","","","71.35","","","","4"
"2021-03-15","2624","","","","","","","","","2"
"2021-03-16","2535","","","","","","","","","2"
"2021-03-17","2583","","","","","","","","","2"
"2021-03-18","2520","","","","","","","","","6.5"
"2021-03-19","2354","2284.9","","","","70.23","","","","2"
"2021-03-22","2406","","","","","","","","","0"
"2021-03-23","2398","","","","","","","","","2"
"2021-03-24","2331","","","","","","","","","6"
"2021-03-25","2347","","","","","","","","","6"
"2021-03-26","2373","2231.1","","","","70.52","","","","2"
"2021-03-29","2359","","","","","","","","","2"
"2021-03-30","2424","","","","","","","","","0"
"2021-03-31","2408","","267.53","343.6","","","41.87","419.93","","2"
"2021-04-01","2357","","","","","","","","","4"
"2021-04-02","2444","2316.7","","","","50.96","","","","0"
"2021-04-05","","","","","","","","","","0"
"2021-04-06","2352","","","","","","","","","2"
"2021-04-07","2328","","","","","","","","","2"
"2021-04-08","2294","","","","","","","","","0"
"2021-04-09","2305","2362.1","","","","25.89","","","","2"
"2021-04-12","2284","","","","","","","","","0"
"2021-04-13","2333","","","","","","","","","0"
"2021-04-14","2420","","","","","","","","","0"
"2021-04-15","2520","","","","","","","","","8"
"2021-04-16","2555","2395.8","","","","20.04","","","","4"
"2021-04-19","2556","","","","","","","","","6.5"
"2021-04-20","2561","","","","","","","","","4"
"2021-04-21","2523","","","","","","","","","4"
"2021-04-22","2469","","","","","","","","","0"
"2021-04-23","2473","2481.3","","","","17.42","","","","0"
"2021-04-26","2421","","","","","","","","","2"
"2021-04-27","2470","","","","","","","","","8.3"
"2021-04-28","2486","","","","","","","","","6"
"2021-04-29","2525","","","","","","","","","4"
"2021-04-30","2537","2455.9","187.19","288","","17.34","-6.71","425.65","","2"
"2021-05-03","","","","","","","","","","2"
"2021-05-04","","","","","","","","","","2"
"2021-05-05","","","","","","","","","","2"
"2021-05-06","2585","","","","","","","","","0"
"2021-05-07","2567","2722.8","","","","25.6","","","","0"
"2021-05-10","2546","","","","","","","","","0"
"2021-05-11","2478","","","","","","","","","8"
"2021-05-12","2562","","","","","","","","","0"
"2021-05-13","2515","","","","","","","","","0"
"2021-05-14","2412","2640","","","","24.52","","","","4"
"2021-05-17","2475","","","","","","","","","4"
"2021-05-18","2500","","","","","","","","","0"
"2021-05-19","2374","","","","","","","","","0"
"2021-05-20","2346","","","","","","","","","0"
"2021-05-21","2282","2496","","","","24.52","","","","0"
"2021-05-24","2356","","","","","","","","","0"
"2021-05-25","2403","","","","","","","","","2"
"2021-05-26","2414","","","","","","","","","0"
"2021-05-27","2395","","","","","","","","","0"
"2021-05-28","2447","2287.5","","","","20.26","","","","0"
"2021-05-31","2456","","274.54","323.9","","","-15.43","407.18","","0"
"2021-06-01","2534","","","","","","","","","0"
"2021-06-02","2544","","","","","","","","","2"
"2021-06-03","2613","","","","","","","","","0"
"2021-06-04","2629","2559.4","","","","20.26","","","","0"
"2021-06-07","2589","","","","","","","","","2"
"2021-06-08","2555","","","","","","","","","0"
"2021-06-09","2625","","","","","","","","","2"
"2021-06-10","2537","","","","","","","","","0"
"2021-06-11","2590","2691.8","","","","22.79","","","","0"
"2021-06-14","","","","","","","","","","0"
"2021-06-15","2637","","","","","","","","","0"
"2021-06-16","2700","","","","","","","","","0"
"2021-06-17","2687","","","","","","","","","6"
"2021-06-18","2619","2397.7","","","","28.04","","","","0"
"2021-06-21","2651","","","","","","","","","8"
"2021-06-22","2707","","","","","","","","","2"
"2021-06-23","2731","","","","","","","","","0"
"2021-06-24","2736","","","","","","","","","0"
"2021-06-25","2717","2340.3","","","","27.47","","","","0"
"2021-06-28","2733","","","","","","","","","0"
"2021-06-29","2669","","","","","","","","","2"
"2021-06-30","2659","","282.47","348.7","","","8.49","411.3","","8"
"2021-07-01","2646","","","","","","","","","0"
"2021-07-02","2719","2395","","","","27.63","","","","4"
"2021-07-05","2734","","","","","","","","","6"
"2021-07-06","2737","","","","","","","","","8"
"2021-07-07","2582","","","","","","","","","2"
"2021-07-08","2539","","","","","","","","","4"
"2021-07-09","2581","2282.1","","","","13.06","","","","4"
"2021-07-12","2634","","","","","","","","","8"
"2021-07-13","2643","","","","","","","","","8"
"2021-07-14","2679","","","","","","","","","2"
"2021-07-15","2584","","","","","","","","","6"
"2021-07-16","2555","2308.8","","","","10.48","","","","2"
"2021-07-19","2546","","","","","","","","","2"
"2021-07-20","2450","","","","","","","","","0"
"2021-07-21","2445","","","","","","","","","6"
"2021-07-22","2524","","","","","","","","","0"
"2021-07-23","2578","2443.4","","","","30.82","","","","6"
"2021-07-26","2578","","","","","","","","","4"
"2021-07-27","2600","","","","","","","","","0"
"2021-07-28","2628","","","","","","","","","6"
"2021-07-29","2629","","","","","","","","","4"
"2021-07-30","2627","2290.4","","","","30.82","","","","0"
"2021-07-31","","","337.2","377.8","","","40.45","406.38","85.83",""
"2021-08-02","2616","","","","","","","","","0"
"2021-08-03","2548","","","","","","","","","6"
"2021-08-04","2546","","","","","","","","","14"
"2021-08-05","2489","","","","","","","","","4"
"2021-08-06","2556","2243.8","","","","19.87","","","","4"
"2021-08-09","2498","","","","","","","","","0"
"2021-08-10","2526","","","","","","","","","10"
"2021-08-11","2555","","","","","","","","","4"
"2021-08-12","2535","","","","","","","","","0"
"2021-08-13","2512","2256.6","","","","43.09","","","","0"
"2021-08-16","2457","","","","","","","","","4"
"2021-08-17","2428","","","","","","","","","0"
"2021-08-18","2446","","","","","","","","","0"
"2021-08-19","2374","","","","","","","","","0"
"2021-08-20","2360","2207.2","","","","48.7","","","","4"
"2021-08-23","2362","","","","","","","","","0"
"2021-08-24","2460","","","","","","","","","8"
"2021-08-25","2497","","","","","","","","","2"
"2021-08-26","2520","","","","","","","","","0"
"2021-08-27","2564","2118.3","","","","51.31","","","","0"
"2021-08-30","2558","","","","","","","","","2"
"2021-08-31","2567","","437.05","411.3","","","47.74","407.19","57.39","2"
"2021-09-01","2575","","","","","","","","","8"
"2021-09-02","2556","","","","","","","","","0"
"2021-09-03","2619","2070","","","","45.89","","","","2"
"2021-09-06","2570","","","","","","","","","0"
"2021-09-07","2616","","","","","","","","","10"
"2021-09-08","2620","","","","","","","","","6"
"2021-09-09","2641","","","","","","","","","8"
"2021-09-10","2595","2414.8","","","","45.11","","","","0"
"2021-09-13","2705","","","","","","","","","8"
"2021-09-14","2725","","","","","","","","","10"
"2021-09-15","2730","","","","","","","","","8"
"2021-09-16","2758","","","","","","","","","2"
"2021-09-17","2767","2130.1","","","","47.87","","","","2"
"2021-09-20","","","","","","","","","","2"
"2021-09-21","","","","","","","","","","4"
"2021-09-22","2836","","","","","","","","","0"
"2021-09-23","2916","","","","","","","","","6"
"2021-09-24","2962","2145.7","","","","44.26","","","","0"
"2021-09-27","2987","","","","","","","","","4"
"2021-09-28","3108","","","","","","","","","0"
"2021-09-29","2974","","","","","","","","","6"
"2021-09-30","2980","","400.03","434.3","","","71.8","393.53","68.73","2"
"2021-10-01","","1873","","","","37.87","","","","4"
"2021-10-04","","","","","","","","","","0"
"2021-10-05","","","","","","","","","","0"
"2021-10-06","","","","","","","","","","2"
"2021-10-07","","","","","","","","","","4"
"2021-10-08","3199","2078.7","","","","40.49","","","","0"
"2021-10-11","3248","","","","","","","","","0"
"2021-10-12","3258","","","","","","","","","2"
"2021-10-13","3186","","","","","","","","","6"
"2021-10-14","3180","","","","","","","","","4"
"2021-10-15","3217","2155.3","","","","37.11","","","","0"
"2021-10-18","3231","","","","","","","","","6"
"2021-10-19","3125","","","","","","","","","0"
"2021-10-20","3091","","","","","","","","","0"
"2021-10-21","3065","","","","","","","","","2"
"2021-10-22","2988","2169.1","","","","51.88","","","","4"
"2021-10-25","3060","","","","","","","","","0"
"2021-10-26","3050","","","","","","","","","0"
"2021-10-27","2953","","","","","","","","","0"
"2021-10-28","2848","","","","","","","","","0"
"2021-10-29","2924","2180","","","","","","","","0"
"2021-10-31","","","336.85","380.1","","","34.98","425.47","69.18",""
"2021-11-01","2892","","","","","","","","","2"
"2021-11-02","2994","","","","","","","","","0"
"2021-11-03","2879","","","","","","","","","0"
"2021-11-04","2810","","","","","","","","","0"
"2021-11-05","2799","2231.9","","","","59.47","","","","8"
"2021-11-08","2960","","","","","","","","","0"
"2021-11-09","2928","","","","","","","","","10"
"2021-11-10","2963","","","","","","","","","0"
"2021-11-11","2880","","","","","","","","","0"
"2021-11-12","2857","2174.9","","","","39.59","","","","0"
"2021-11-15","2795","","","","","","","","","12"
"2021-11-16","2894","","","","","","","","","2"
"2021-11-17","2885","","","","","","","","","2"
"2021-11-18","2776","","","","","","","","","2"
"2021-11-19","2897","2135.6","","","","28.91","","","","2"
"2021-11-22","2764","","","","","","","","","2"
"2021-11-23","2752","","","","","","","","","0"
"2021-11-24","2891","","","","","","","","","0"
"2021-11-25","2904","","","","","","","","","0"
"2021-11-26","2828","2290.3","","","","32.19","","","","2"
"2021-11-29","2670","","","","","","","","","0"
"2021-11-30","2547","","417.9","427","","","41.16","422.16","90.86","4"
"2021-12-01","2527","","","","","","","","","0"
"2021-12-02","2478","","","","","","","","","0"
"2021-12-03","2475","1981.5","","","","25.88","","","","4"
"2021-12-06","2515","","","","","","","","","2"
"2021-12-07","2592","","","","","","","","","0"
"2021-12-08","2629","","","","","","","","","4"
"2021-12-09","2675","","","","","","","","","2"
"2021-12-10","2634","2062.7","","","","25.88","","","","10"
"2021-12-13","2699","","","","","","","","","0"
"2021-12-14","2661","","","","","","","","","0"
"2021-12-15","2623","","","","","","","","","10"
"2021-12-16","2709","","","","","","","","","0"
"2021-12-17","2712","2092.9","","","","34.71","","","","8"
"2021-12-20","2568","","","","","","","","","10"
"2021-12-21","2628","","","","","","","","","0"
"2021-12-22","2673","","","","","","","","","4"
"2021-12-23","2754","","","","","","","","","2"
"2021-12-24","2771","2093.5","","","","29.78","","","","6"
"2021-12-27","2740","","","","","","","","","0"
"2021-12-28","2840","","","","","","","","","6"
"2021-12-29","2852","","","","","","","","","6"
"2021-12-30","2850","","","","","","","","","2"
"2021-12-31","2892","1956.4","399.89","434.8","","23.12","57.19","417.78","74.14","8"
"2022-01-03","","","","","","","","","","2"
"2022-01-04","2855","","","","","","","","","6"
"2022-01-05","2864","","","","","","","","","12"
"2022-01-06","2849","","","","","","","","","12"
"2022-01-07","2962","2105.5","","","","52.77","","","","4"
"2022-01-10","2923","","","","","","","","","14"
"2022-01-11","2897","","","","","","","","","4"
"2022-01-12","2943","","","","","","","","","2"
"2022-01-13","2958","","","","","","","","","14"
"2022-01-14","2997","2234","","","","31.11","","","","8"
"2022-01-17","3040","","","","","","","","","14"
"2022-01-18","3095","","","","","","","","","4"
"2022-01-19","3124","","","","","","","","","6"
"2022-01-20","3159","","","","","","","","","6"
"2022-01-21","3126","2119.9","","","","31.11","","","","12"
"2022-01-24","3152","","","","","","","","","8"
"2022-01-25","3109","","","","","","","","","0"
"2022-01-26","3165","","","","","","","","","4"
"2022-01-27","3211","","","","","","","","","16"
"2022-01-28","3199","2378.2","","","","23.44","","","","6"
"2022-01-31","","","266.75","417.4","","","51.78","403.34","80.34","2"
"2022-02-01","","","","","","","","","","0"
"2022-02-02","","","","","","","","","","0"
"2022-02-03","","","","","","","","","","4"
"2022-02-04","","2308.5","","","","19","","","","0"
"2022-02-07","3324","","","","","","","","","6"
"2022-02-08","3275","","","","","","","","","6"
"2022-02-09","3150","","","","","","","","","0"
"2022-02-10","3187","","","","","","","","","8.5"
"2022-02-11","3151","2215.6","","","","8.67","","","","8"
"2022-02-14","3310","","","","","","","","","2"
"2022-02-15","3326","","","","","","","","","4"
"2022-02-16","3203","","","","","","","","","2"
"2022-02-17","3194","","","","","","","","","4"
"2022-02-18","3148","2412.8","","","","-3.93","","","","4"
"2022-02-21","3200","","","","","","","","","2"
"2022-02-22","3364","","","","","","","","","2"
"2022-02-23","3317","","","","","","","","","4"
"2022-02-24","3479","","","","","","","","","0"
"2022-02-25","3394","2137","","","","-10.44","","","","0"
"2022-02-28","3399","","355.1","400","38.78","","35.5","350.2","65.73","8"
"2022-03-01","3436","","","","","","","","","4"
"2022-03-02","3627","","","","","","","","","6.5"
"2022-03-03","3811","","","","","","","","","2"
"2022-03-04","3778","2173.8","","","","-9.61","","","","6"
"2022-03-07","4093","","","","","","","","","2"
"2022-03-08","4375","","","","","","","","","2"
"2022-03-09","4486","","","","","","","","","8"
"2022-03-10","3886","","","","","","","","","4"
"2022-03-11","4048","2301.4","","","","-10.54","","","","4"
"2022-03-14","3934","","","","","","","","","2"
"2022-03-15","3614","","","","","","","","","0"
"2022-03-16","3692","","","","","","","","","0"
"2022-03-17","3613","","","","","","","","","4"
"2022-03-18","3831","2335.5","","","","-5.94","","","","4"
"2022-03-21","3818","","","","","","","","","0"
"2022-03-22","4059","","","","","","","","","8.5"
"2022-03-23","4076","","","","","","","","","0"
"2022-03-24","4215","","","","","","","","","4"
"2022-03-25","4261","2240.6","","","","-11.19","","","","8"
"2022-03-28","4147","","","","","","","","","0"
"2022-03-29","4030","","","","","","","","","2"
"2022-03-30","4044","","","","","","","","","2"
"2022-03-31","3967","","324.41","368.7","21.26","","7.31","377.01","70.66","4"
"2022-04-01","3734","2093.7","","","","-8.56","","","","4"
"2022-04-04","","","","","","","","","","2"
"2022-04-05","","","","","","","","","","2"
"2022-04-06","3936","","","","","","","","","2"
"2022-04-07","3751","","","","","","","","","2"
"2022-04-08","3791","2043.6","","","","9.66","","","","10"
"2022-04-11","3770","","","","","","","","","0"
"2022-04-12","3862","","","","","","","","","6"
"2022-04-13","3983","","","","","","","","","2"
"2022-04-14","4047","","","","","","","","","2"
"2022-04-15","4208","1959.1","","","","0.18","","","","0"
"2022-04-18","4126","","","","","","","","","2"
"2022-04-19","4106","","","","","","","","","10"
"2022-04-20","4016","","","","","","","","","4"
"2022-04-21","4130","","","","","","","","","0"
"2022-04-22","4006","2310.3","","","","6.19","","","","0"
"2022-04-25","3873","","","","","","","","","4"
"2022-04-26","3918","","","","","","","","","2"
"2022-04-27","4114","","","","","","","","","9.5"
"2022-04-28","4146","","","","","","","","","6"
"2022-04-29","4322","1914.4","","","","2.35","","","","0"
"2022-04-30","","","317.01","368.1","69.35","","27.81","374","63.21",""
"2022-05-02","","","","","","","","","","0"
"2022-05-03","","","","","","","","","","0"
"2022-05-04","","","","","","","","","","4"
"2022-05-05","4405","","","","","","","","","0"
"2022-05-06","4328","2052.9","","","","0.07","","","","0"
"2022-05-09","4329","","","","","","","","","4"
"2022-05-10","3972","","","","","","","","","0"
"2022-05-11","4008","","","","","","","","","0"
"2022-05-12","4066","","","","","","","","","0"
"2022-05-13","4169","1745.6","","","","2.33","","","","4"
"2022-05-16","4201","","","","","","","","","0"
"2022-05-17","4325","","","","","","","","","6"
"2022-05-18","4245","","","","","","","","","4"
"2022-05-19","4157","","","","","","","","","10"
"2022-05-20","4136","1876.7","","","","-1.92","","","","2"
"2022-05-23","4250","","","","","","","","","4"
"2022-05-24","4130","","","","","","","","","4"
"2022-05-25","4297","","","","","","","","","6"
"2022-05-26","4286","","","","","","","","","6"
"2022-05-27","4281","2110.6","","","","-1.52","","","","6"
"2022-05-30","4118","","","","","","","","","2"
"2022-05-31","4247","","371.84","409.1","35.44","","26.3","411.55","53.74","2"
"2022-06-01","4159","","","","","","","","","6"
"2022-06-02","4022","","","","","","","","","10"
"2022-06-03","","2060","","","","-1.52","","","","6"
"2022-06-06","4259","","","","","","","","","2"
"2022-06-07","4086","","","","","","","","","10"
"2022-06-08","4025","","","","","","","","","2"
"2022-06-09","3881","","","","","","","","","6"
"2022-06-10","4027","2242.2","","","","-3.54","","","","0"
"2022-06-13","4038","","","","","","","","","10"
"2022-06-14","4198","","","","","","","","","2"
"2022-06-15","4159","","","","","","","","","6"
"2022-06-16","4034","","","","","","","","","6"
"2022-06-17","4061","2119.4","","","","-13.87","","","","2"
"2022-06-20","3846","","","","","","","","","2"
"2022-06-21","3912","","","","","","","","","0"
"2022-06-22","3718","","","","","","","","","8"
"2022-06-23","3772","","","","","","","","","4"
"2022-06-24","3753","2134.8","","","","-9.7","","","","2"
"2022-06-27","3868","","","","","","","","","4"
"2022-06-28","3919","","","","","","","","","4"
"2022-06-29","3906","","","","","","","","","6"
"2022-06-30","3846","","407","465.1","44.09","","33.38","375.41","57.12","0"
"2022-07-01","3682","2076.8","","","","-9.28","","","","4"
"2022-07-04","3675","","","","","","","","","2"
"2022-07-05","3507","","","","","","","","","2"
"2022-07-06","3278","","","","","","","","","0"
"2022-07-07","3211","","","","","","","","","4"
"2022-07-08","3241","2140.8","","","","1.47","","","","12"
"2022-07-11","3230","","","","","","","","","0"
"2022-07-12","3215","","","","","","","","","6"
"2022-07-13","2997","","","","","","","","","12"
"2022-07-14","2898","","","","","","","","","0"
"2022-07-15","2815","2082.1","","","","-4.48","","","","0"
"2022-07-18","3094","","","","","","","","","6"
"2022-07-19","3130","","","","","","","","","0"
"2022-07-20","3049","","","","","","","","","0"
"2022-07-21","2994","","","","","","","","","2"
"2022-07-22","3077","1980.2","","","","-6.88","","","","8"
"2022-07-25","3058","","","","","","","","","4"
"2022-07-26","3166","","","","","","","","","6"
"2022-07-27","3028","","","","","","","","","2"
"2022-07-28","3187","","","","","","","","","4"
"2022-07-29","3195","1804.6","","","","-12.76","","","","0"
"2022-07-31","","","384.38","469.9","13.99","","","412.06","87.96",""
"2022-08-01","3271","","","","","","","","","2"
"2022-08-02","3245","","","","","","","","","0"
"2022-08-03","3126","","","","","","","","","12"
"2022-08-04","3012","","","","","","","","","8"
"2022-08-05","3065","1801.4","","","","-12.42","","","","8"
"2022-08-08","3126","","","","","","","","","4"
"2022-08-09","3143","","","","","","","","","0"
"2022-08-10","3143","","","","","","","","","0"
"2022-08-11","3307","","","","","","","","","0"
"2022-08-12","3405","1707.5","","","","-25.69","","","","2"
"2022-08-15","3363","","","","","","","","","8"
"2022-08-16","3241","","","","","","","","","12"
"2022-08-17","3229","","","","","","","","","24"
"2022-08-18","3199","","","","","","","","","0"
"2022-08-19","3162","1861.2","","","","-28.94","","","","2"
"2022-08-22","3137","","","","","","","","","0"
"2022-08-23","3275","","","","","","","","","0"
"2022-08-24","3318","","","","","","","","","8"
"2022-08-25","3324","","","","","","","","","4"
"2022-08-26","3354","2108.8","","","","-34.31","","","","6"
"2022-08-29","3353","","","","","","","","","4"
"2022-08-30","3303","","","","","","","","","6"
"2022-08-31","3134","","350.37","477.1","-19.83","","16","411.63","92.76","0"
"2022-09-01","3009","","","","","","","","","0"
"2022-09-02","2955","2266.7","","","","-39.65","","","","4"
"2022-09-05","3044","","","","","","","","","2.5"
"2022-09-06","3020","","","","","","","","","15.5"
"2022-09-07","2855","","","","","","","","","0"
"2022-09-08","2755","","","","","","","","","6"
"2022-09-09","2751","1993.8","","","","-31.96","","","","2"
"2022-09-12","","","","","","","","","","2"
"2022-09-13","2862","","","","","","","","","4"
"2022-09-14","2873","","","","","","","","","4"
"2022-09-15","2852","","","","","","","","","14"
"2022-09-16","2825","1941.9","","","","-33.24","","","","0"
"2022-09-19","2757","","","","","","","","","2"
"2022-09-20","2804","","","","","","","","","0"
"2022-09-21","2791","","","","","","","","","4"
"2022-09-22","2759","","","","","","","","","4"
"2022-09-23","2826","2340","","","","-40.91","","","","0"
"2022-09-26","2631","","","","","","","","","0"
"2022-09-27","2654","","","","","","","","","0"
"2022-09-28","2653","","","","","","","","","0"
"2022-09-29","2740","","","","","","","","","0"
"2022-09-30","2727","2233.1","","","","-36.2","","","",""
