date,code,close,能繁殖母猪：存栏数：中国（月）,二元能繁殖母猪：存栏数占比：中国（月）,三元能繁殖母猪：存栏数占比：中国（月）,生猪疫苗：签发数量（月）,仔猪：成活率：中国（月）,商品猪：存栏数：中国（月）,商品猪：出栏数：中国（月）,商品猪：样本养殖企业：出栏平均体重：中国（周）,中国饲料工业年鉴：生猪饲料：产量：中国（月）,猪：每头重90kg以下：出栏数占比：中国（周）,猪：每头重150kg以上：出栏数占比：中国（周）,猪：屠宰量：中国（月）,猪：屠宰量：中国（日）,猪：重点屠宰企业：开工率：中国（日）,猪肉：重点屠宰企业：鲜销率：中国（周）,冷冻猪肉：重点屠宰企业：库容率：中国（周）,中国农业部：猪：线上市场：销量（月）,冷冻猪肉：中央储备：成交放储量（日）,冷冻猪肉：中央储备：成交收储量（日）,冷冻猪肉：中央储备：计划收储量（日）,冷冻猪肉：中央储备：计划放储量（日）
2015/9/30,生猪,,,,,715,,,,,,,,,,,,,,,,,
2015/10/31,生猪,,,,,358,,,,,,,,,,,,,,,,,
2015/11/30,生猪,,,,,443,,,,,,,,,,,,,,,,,
2015/12/31,生猪,,,,,674,,,,,,,,,,,,,,,,,
2016/1/31,生猪,,,,,781,,,,,,,,,,,,,,,,,
2016/2/29,生猪,,,,,801,,,,,,,,,,,,,,,,,
2016/3/31,生猪,,,,,1005,,,,,,,,,,,,,,,,,
2016/4/30,生猪,,,,,537,,,,,,,,,,,,,,,,,
2016/5/31,生猪,,,,,473,,,,,,,,,,,,,,,,,
2016/6/30,生猪,,,,,569,,,,,,,,,,,,,,,,,
2016/7/31,生猪,,,,,761,,,,,,,,,,,,,,,,,
2016/8/31,生猪,,,,,855,,,,,,,,,,,,,,,,,
2016/9/30,生猪,,,,,1017,,,,,,,,,,,,,,,,,
2016/10/31,生猪,,,,,466,,,,,,,,,,,,,,,,,
2016/11/30,生猪,,,,,548,,,,,,,,,,,,,,,,,
2016/12/31,生猪,,,,,671,,,,,,,,,,,,,,,,,
2017/1/6,生猪,,,,,,,,,,,,,,,46.24,,,,,,,
2017/1/13,生猪,,,,,,,,,,,,,,,46.32,,,,,,,
2017/1/20,生猪,,,,,,,,,,,,,,,48.23,,,,,,,
2017/1/27,生猪,,,,,,,,,,,,,,,52.13,,,,,,,
2017/1/31,生猪,,,,,726,,,,,,,,2075.44,,,,,,,,,
2017/2/3,生猪,,,,,,,,,,,,,,,55.15,,,,,,,
2017/2/10,生猪,,,,,,,,,,,,,,,17.68,,,,,,,
2017/2/17,生猪,,,,,,,,,,,,,,,23.14,,,,,,,
2017/2/24,生猪,,,,,,,,,,,,,,,25.19,,,,,,,
2017/2/28,生猪,,,,,646,,,,,,,,1274.45,,,,,,,,,
2017/3/3,生猪,,,,,,,,,,,,,,,26.72,,,,,,,
2017/3/10,生猪,,,,,,,,,,,,,,,29.65,,,,,,,
2017/3/17,生猪,,,,,,,,,,,,,,,32.95,,,,,,,
2017/3/24,生猪,,,,,,,,,,,,,,,33.08,,,,,,,
2017/3/31,生猪,,,,,727,,,,,,,,1719.18,,34.25,,,,,,,
2017/4/7,生猪,,,,,,,,,,,,,,,34.49,,,,,,,
2017/4/14,生猪,,,,,,,,,,,,,,,34.25,,,,,,,
2017/4/21,生猪,,,,,,,,,,,,,,,35.21,,,,,,,
2017/4/28,生猪,,,,,,,,,,,,,,,37.36,,,,,,,
2017/4/30,生猪,,,,,669,,,,,,,,1736.78,,,,,,,,,
2017/5/5,生猪,,,,,,,,,,,,,,,39.93,,,,,,,
2017/5/12,生猪,,,,,,,,,,,,,,,38.5,,,,,,,
2017/5/19,生猪,,,,,,,,,,,,,,,38.91,,,,,,,
2017/5/26,生猪,,,,,,,,,,,,,,,39.9,,,,,,,
2017/5/31,生猪,,,,,447,,,,,,,,1851.21,,,,,,,,,
2017/6/2,生猪,,,,,,,,,,,,,,,41.24,,,,,,,
2017/6/9,生猪,,,,,,,,,,,,,,,39.95,,,,,,,
2017/6/16,生猪,,,,,,,,,,,,,,,38.11,,,,,,,
2017/6/23,生猪,,,,,,,,,,,,,,,39.11,,,,,,,
2017/6/30,生猪,,,,,518,,,,,,,,1774.96,,37.97,,,,,,,
2017/7/7,生猪,,,,,,,,,,,,,,,36.63,,,,,,,
2017/7/14,生猪,,,,,,,,,,,,,,,36.07,,,,,,,
2017/7/21,生猪,,,,,,,,,,,,,,,35.72,,,,,,,
2017/7/28,生猪,,,,,,,,,,,,,,,35.79,,,,,,,
2017/7/31,生猪,,,,,541,,,,,,,,1807.08,,,,,,,,,
2017/8/4,生猪,,,,,,,,,,,,,,,36.46,,,,,,,
2017/8/11,生猪,,,,,,,,,,,,,,,36.87,,,,,,,
2017/8/18,生猪,,,,,,,,,,,,,,,37.69,,,,,,,
2017/8/25,生猪,,,,,,,,,,,,,,,37,,,,,,,
2017/8/31,生猪,,,,,871,,,,,,,,1826.35,,,,,,,,,
2017/9/1,生猪,,,,,,,,,,,,,,,36.89,,,,,,,
2017/9/8,生猪,,,,,,,,,,,,,,,38.28,,,,,,,
2017/9/15,生猪,,,,,,,,,,,,,,,39.99,,,,,,,
2017/9/22,生猪,,,,,,,,,,,,,,,41.03,,,,,,,
2017/9/29,生猪,,,,,,,,,,,,,,,41.66,,,,,,,
2017/9/30,生猪,,,,,822,,,,,,,,1871.13,,,,,,,,,
2017/10/6,生猪,,,,,,,,,,,,,,,43.33,,,,,,,
2017/10/13,生猪,,,,,,,,,,,,,,,44.79,,,,,,,
2017/10/20,生猪,,,,,,,,,,,,,,,38.93,,,,,,,
2017/10/27,生猪,,,,,,,,,,,,,,,38.76,,,,,,,
2017/10/31,生猪,,,,,463,,,,,,,,1916.38,,,,,,,,,
2017/11/3,生猪,,,,,,,,,,,,,,,40.34,,,,,,,
2017/11/10,生猪,,,,,,,,,,,,,,,41.28,,,,,,,
2017/11/17,生猪,,,,,,,,,,,,,,,42.73,,,,,,,
2017/11/24,生猪,,,,,,,,,,,,,,,43.97,,,,,,,
2017/11/30,生猪,,,,,535,,,,,,,,2006.43,,,,,,,,,
2017/12/1,生猪,,,,,,,,,,,,,,,44.57,,,,,,,
2017/12/8,生猪,,,,,,,,,,,,,,,44.38,,,,,,,
2017/12/15,生猪,,,,,,,,,,,,,,,44.46,,,,,,,
2017/12/22,生猪,,,,,,,,,,,,,,,44.79,,,,,,,
2017/12/29,生猪,,,,,,,,,,,,,,,46.77,,,,,,,
2017/12/31,生猪,,,,,742,,,,,,,,2324.54,,,,,,,,,
2018/1/5,生猪,,,,,,,,,,,,,,,49.7,,,,,,,
2018/1/11,生猪,,,,,,,,,,,,,,,,,,,,,,9200
2018/1/12,生猪,,,,,,,,,,,,,,,46.54,,,,,,,
2018/1/19,生猪,,,,,,,,,,,,,,,41.23,,,,,,,
2018/1/26,生猪,,,,,,,,,,,,,,,44.81,,,,,,,
2018/1/31,生猪,,,,,727,,,,,988,,,2289.21,,,,,,,,,
2018/2/2,生猪,,,,,,,,,,,,,,,45.12,,,,,,,
2018/2/9,生猪,,,,,,,,,,,,,,,47.78,,,,,,,
2018/2/16,生猪,,,,,,,,,,,,,,,49.7,,,,,,,
2018/2/23,生猪,,,,,,,,,,,,,,,58.24,,,,,,,
2018/2/28,生猪,,,,,404,,,,,774,,,1748.39,,,,,,,,,
2018/3/2,生猪,,,,,,,,,,,,,,,29.46,,,,,,,
2018/3/9,生猪,,,,,,,,,,,,,,,30.26,,,,,,,
2018/3/16,生猪,,,,,,,,,,,,,,,35.13,,,,,,10000,
2018/3/23,生猪,,,,,,,,,,,,,,,37.49,,,,,,,
2018/3/30,生猪,,,,,,,,,,,,,,,38.42,,,,,,,
2018/3/31,生猪,,,,,891,,,,,894,,,1917,,,,,,,,,
2018/4/6,生猪,,,,,,,,,,,,,,,39.58,,,,,,,
2018/4/13,生猪,,,,,,,,,,,,,,,42.3,,,,,,,
2018/4/20,生猪,,,,,,,,,,,,,,,42.73,,,,,,,
2018/4/27,生猪,,,,,,,,,,,,,,,43.36,,,,,,,
2018/4/30,生猪,,,,,580,,,,,827,,,2116.09,,,,,,,,,
2018/5/4,生猪,,,,,,,,,,,,,,,44.6,,,,,,,
2018/5/11,生猪,,,,,,,,,,,,,,,43.92,,,,,,,
2018/5/18,生猪,,,,,,,,,,,,,,,43.53,,,,,,,
2018/5/25,生猪,,,,,,,,,,,,,,,42.22,,,,,,,
2018/5/31,生猪,,,,,498,,,,,785,,,2136.2,,,,,,,,,
2018/6/1,生猪,,,,,,,,,,,,,,,42.24,,,,,,,
2018/6/8,生猪,,,,,,,,,,,,,,,41.76,,,,,,,
2018/6/15,生猪,,,,,,,,,,,,,,,44.17,,,,,,,
2018/6/22,生猪,,,,,,,,,,,,,,,46.49,,,,,,,
2018/6/29,生猪,,,,,,,,,,,,,,,47.04,,,,,,,
2018/6/30,生猪,,,,,535,,,,,798,,,1957.83,,,,,,,,,
2018/7/6,生猪,,,,,,,,,,,,,,,47.42,,,,,,,
2018/7/13,生猪,,,,,,,,,,,,,,,47.61,,,,,,,
2018/7/20,生猪,,,,,,,,,,,,,,,47.52,,,,,,,
2018/7/27,生猪,,,,,,,,,,,,,,,47.5,,,,,,,
2018/7/31,生猪,,,,,650,,,,,850,,,1951.34,,,,,,,,,
2018/8/3,生猪,,,,,,,,,,,,,,,46.19,,,,,,,
2018/8/10,生猪,,,,,,,,,,,,,,,45.04,,,,,,,
2018/8/17,生猪,,,,,,,,,,,,,,,45.61,,,,,,,
2018/8/24,生猪,,,,,,,,,,,,,,,46.51,,,,,,,
2018/8/31,生猪,,,,,665,,,,,947,,,1966.86,,45.22,,,,,,,
2018/9/7,生猪,,,,,,,,,,,,,,,47.48,,,,,,,
2018/9/14,生猪,,,,,,,,,,,,,,,51.99,,,,,,,
2018/9/21,生猪,,,,,,,,,,,,,,,46.22,,,,,,,
2018/9/28,生猪,,,,,,,,,,,,,,,46.71,,,,,,,
2018/9/30,生猪,,,,,853,,,,,992,,,1923,,,,,,,,,
2018/10/5,生猪,,,,,,,,,,,,,,,47.83,,,,,,,
2018/10/12,生猪,,,,,,,,,,,,,,,45.36,,,,,,,
2018/10/19,生猪,,,,,,,,,,,,,,,45.51,,,,,,,
2018/10/26,生猪,,,,,,,,,,,,,,,46.3,,,,,,,
2018/10/31,生猪,,,,,471,,,,,1008,,,1950.95,,,,,,,,,
2018/11/2,生猪,,,,,,,,,,,,,,,48.69,,,,,,,
2018/11/9,生猪,,,,,,,,,,,,,,,50.17,,,,,,,
2018/11/16,生猪,,,,,,,,,,,,,,,49.07,,,,,,,
2018/11/23,生猪,,,,,,,,,,,,,,,47.96,,,,,,,
2018/11/30,生猪,,,,,552,,,,,1002,,,2006.51,,48.85,,,,,,,
2018/12/7,生猪,,,,,,,,,,,,,,,48.22,,,,,,,
2018/12/14,生猪,,,,,,,,,,,,,,,49.96,,,,,,,
2018/12/21,生猪,,,,,,,,,,,,,,,50.16,,,,,,,
2018/12/28,生猪,,,,,,,,,,,,,,,51.21,,,,,,,
2018/12/31,生猪,,,,,776,,,,,986,,,2288.35,,,,,,,,,
2019/1/4,生猪,,,,,,,,,119.79,,,,,,51.86,27.11,,,,,,
2019/1/10,生猪,,,,,,,,,,,,,,,,,,,,,,9600
2019/1/11,生猪,,,,,,,,,119.33,,,,,,51.29,38.7,,,,,,
2019/1/18,生猪,,,,,,,,,119.23,,,,,,51.29,40.29,,,,,,
2019/1/25,生猪,,,,,,,,,118.26,,,,,,51.29,39.57,,,,,,
2019/1/31,生猪,,,90,10,661,,,,,934,,,2434.01,,,,,,,,,
2019/2/1,生猪,,,,,,,,,116.55,,,,,,8.33,41.57,,,,,,
2019/2/8,生猪,,,,,,,,,114.69,,,,,,8.57,44.26,,,,,,
2019/2/15,生猪,,,,,,,,,114.28,,,,,,10.95,48.14,,,,,,
2019/2/22,生猪,,,,,,,,,113.3,,,,,,14.52,51.43,,,,,,
2019/2/28,生猪,,,90,10,432,,,,,596,,,1292.88,,,,,,,,,
2019/3/1,生猪,,,,,,,,,112.74,,,,,,19.29,55.95,,,,,,
2019/3/8,生猪,,,,,,,,,111.71,,,,,,20.71,63.38,,,,,10000,
2019/3/15,生猪,,,,,,,,,113.35,,,,,,25.71,71.57,,,,,50000,
2019/3/22,生猪,,,,,,,,,115.79,,,,,,38.81,74.9,,,,,50000,
2019/3/29,生猪,,,,,,,,,118.24,,,,,,41.19,78.24,,,,,,
2019/3/31,生猪,,,90,10,521,,,,,751,,,1855.72,,,,,,,,,
2019/4/5,生猪,,,,,,,,,119.54,,,,,,40.1,80.71,,,,,,
2019/4/12,生猪,,,,,,,,,120.93,,,,,,40.57,80.19,,,,,,
2019/4/19,生猪,,,,,,,,,120.66,,,,,,39.62,80.95,,,,,,
2019/4/26,生猪,,,,,,,,,120.22,,,,,,39.62,86.67,,,,,,
2019/4/30,生猪,,,90,10,459,,,,,737,,,1840.63,,,,,,,,,
2019/5/3,生猪,,,,,,,,,120.08,,,,,,39.62,87.1,,,,,,
2019/5/10,生猪,,,,,,,,,120.85,,,,,,38.9,87.76,,,,,,
2019/5/17,生猪,,,,,,,,,120.05,,,,,,38.9,88.43,,,,,,
2019/5/24,生猪,,,,,,,,,119.21,,,,,,38.71,87.95,,,,,,
2019/5/31,生猪,,,90,10,372,,,,119.29,695,,,1915.35,,36.35,87.48,,,,,,
2019/6/7,生猪,,,,,,,,,120.26,,,,,,35.86,87,,,,,,
2019/6/14,生猪,,,,,,,,,120.26,,,,,,36.33,86.67,,,,,,
2019/6/21,生猪,,,,,,,,,121.55,,,,,,36,90.9,,,,,,
2019/6/28,生猪,,,,,,,,,121.42,,,,,,36,91.05,,,,,,
2019/6/30,生猪,,,90,10,250,,,,,582,,,1758.24,,,,,,,,,
2019/7/5,生猪,,,,,,,,,121.01,,,,,,36.24,91.43,,,,,,
2019/7/12,生猪,,,,,,,,,120.21,,,,,,36.24,91.67,,,,,,
2019/7/19,生猪,,,,,,,,,120.07,,,,,,36.24,92.38,,,,,,
2019/7/26,生猪,,,,,,,,,118.88,,,,,,35.76,92.62,,,,,,
2019/7/31,生猪,,,90,10,310,,,,,506,,,1730.34,,,,,,,,,
2019/8/2,生猪,,,,,,,,,118.35,,,,,,35.76,89.95,,,,,,
2019/8/9,生猪,,,,,,,,,119.64,,,,,,35.29,92.71,,,,,,
2019/8/16,生猪,,,,,,,,,120.34,,,,,,35.48,93.67,,,,,,
2019/8/23,生猪,,,,,,,,,122.22,,,,,,35.57,91.33,,,,,,
2019/8/30,生猪,,,,,,,,,123.66,,,,,,35.57,90.62,,,,,,
2019/8/31,生猪,,,88,12,395,,,,,503,,,1463.36,,,,,,,,,
2019/9/6,生猪,,,,,,,,,123.5,,,,,,35.57,93.95,,,,,,
2019/9/13,生猪,,,,,,,,,124.08,,,,,,33.43,94.43,,,,,,
2019/9/19,生猪,,,,,,,,,,,,,,,,,,,,,,10000
2019/9/20,生猪,,,,,,,,,125.58,,,,,,33.43,95.14,,,,,,
2019/9/26,生猪,,,,,,,,,,,,,,,,,,,,,,10000
2019/9/27,生猪,,,,,,,,,128.1,,,,,,33.43,94.43,,,,,,
2019/9/29,生猪,,,,,,,,,,,,,,,,,,,,,,10000
2019/9/30,生猪,,,85,15,409,,,,,553,,,1233.72,,,,,,,,,
2019/10/4,生猪,,,,,,,,,129.24,,,,,,33.14,94.43,,,,,,
2019/10/11,生猪,,,,,,,,,130.35,,,,,,33.33,94.43,,,,,,
2019/10/18,生猪,,,,,,,,,131.6,,,,,,32.71,83.62,,,,,,
2019/10/25,生猪,,,,,,,,,132.32,,,,,,32,94,,,,,,
2019/10/31,生猪,,,77,23,251,,,,,565,,,1053.1,,,,,,,,,
2019/11/1,生猪,,,,,,,,,131.72,,,,,,30.38,94.05,,,,,,
2019/11/8,生猪,,,,,,,,,130.68,,,,,,30.09,94.05,,,,,,
2019/11/15,生猪,,,,,,,,,130.06,,,,,,29.84,94.05,,,,,,
2019/11/22,生猪,,,,,,,,,130.24,,,,,,30.33,94.05,,,,,,
2019/11/29,生猪,,,,,,,,,130.46,,,,,,30.33,89.67,,,,,,
2019/11/30,生猪,,,74,26,381,,,,,604,,,1085.62,,,,,,,,,
2019/12/6,生猪,,,,,,,,,130.06,,,,,,29.86,88.81,,,,,,
2019/12/13,生猪,,,,,,,,,131.19,,,,,,29.52,88.81,,,,,,
2019/12/19,生猪,,,,,,,,,,,,,,,,,,,,,,40000
2019/12/20,生猪,,,,,,,,,130.42,,,,,,29.29,88.81,,,,,,
2019/12/23,生猪,,,,,,,,,,,,,,,,,,,,,,40000
2019/12/27,生猪,,,,,,,,,128.3,,,,,,30.15,88.38,,,,,,20000
2019/12/31,生猪,,,70,30,475,,,,,616,,,1452.77,,,,,,,,,
2020/1/3,生猪,,,,,,,,,126.05,,,,,,31.05,83.14,,,,,,30000
2020/1/9,生猪,,,,,,,,,,,,,,,,,,,,,,20000
2020/1/10,生猪,,,,,,,,,124.26,,,,,,31.43,84.43,,,,,,
2020/1/17,生猪,,,,,,,,,122.71,,,,,,35.14,84.43,,,,,,30000
2020/1/21,生猪,,,,,,,,,,,,,,,,,,,,,,20000
2020/1/24,生猪,,,,,,,,,124.11,,,,,,3.48,84.43,,,,,,
2020/1/31,生猪,,303.35,68,32,334,,1800.02,325.87,123.67,550,,,1509.34,,3.24,83.71,,,,,,
2020/2/7,生猪,,,,,,,,,123.71,,,,,,3.24,84.43,,,,,,10000
2020/2/14,生猪,,,,,,,,,124.51,,,,,,3.24,84.71,,,,,,20000
2020/2/21,生猪,,,,,,,,,125.38,,,,,,4.76,85.12,,,,,,20000
2020/2/27,生猪,,,,,,,,,,,,,,,,,,,,,,20000
2020/2/28,生猪,,,,,,,,,127.12,,,,,,6.86,85.67,,,,,,
2020/2/29,生猪,,308.96,63,37,488,,1812.14,278.46,,555,,,832.09,,,,,,,,,
2020/3/5,生猪,,,,,,,,,,,,,,,,,,,,,,20000
2020/3/6,生猪,,,,,,,,,128.99,,,,,,6.95,85.43,,,,,,
2020/3/13,生猪,,,,,,,,,129.54,,,,,,7.14,85.52,,,,,,20000
2020/3/20,生猪,,,,,,,,,130.17,,,,,,14.86,89.14,,,,,,20000
2020/3/27,生猪,,,,,,,,,131.35,,,,,,15.33,89.14,,,,,,20000
2020/3/31,生猪,,323.45,60,40,524,,1879.98,302.85,,569,,,1171.3,,,,,,,,,
2020/4/2,生猪,,,,,,,,,,,,,,,,,,,,,,20000
2020/4/3,生猪,,,,,,,,,131.79,,,,,,15.1,89.14,,,,,,
2020/4/10,生猪,,,,,,,,,132.64,,,,,,15.1,89.14,,,,,,20000
2020/4/16,生猪,,,,,,,,,,,,,,,,,,,,,,10000
2020/4/17,生猪,,,,,,,,,131.99,,,,,,14.86,89.14,,,,,,
2020/4/23,生猪,,,,,,,,,,,,,,,,,,,,,,10000
2020/4/24,生猪,,,,,,,,,131.27,,,,,,16.14,89.14,,,,,,
2020/4/29,生猪,,,,,,,,,,,,,,,,,,,,,,20000
2020/4/30,生猪,,336.54,56,44,559,,1918.23,327.32,,623,,,1279.05,,,,,,,,,
2020/5/1,生猪,,,,,,,,,129.94,,,,,,17.43,89.14,,,,,,
2020/5/8,生猪,,,,,,,,,129.35,,,,,,18.81,90.57,,,,,,
2020/5/15,生猪,,,,,,,,,129.6,,,,,,17.5,90.57,,,,,,10000
2020/5/22,生猪,,,,,,,,,129.26,,,,,,17.03,90.57,,,,,,10000
2020/5/27,生猪,,,,,,,,,,,,,,,,,,,,,,30000
2020/5/29,生猪,,,,,,,,,129.31,,,,,,17.11,90.57,,,,,,
2020/5/31,生猪,,354.64,53,47,376,,1962.52,360.39,,590,,,1385.21,,,,,,,,,
2020/6/5,生猪,,,,,,,,,128.71,,,,,,17.51,90.57,,,,,,
2020/6/12,生猪,,,,,,,,,128.21,,,,,,17.59,90.57,,,,,,
2020/6/18,生猪,,,,,,,,,,,,,,,,,,,10064,,,10000
2020/6/19,生猪,,,,,,,,,128.38,,,,,,17.85,90.57,,,,,,
2020/6/23,生猪,,,,,,,,,,,,,,,,,,,19483.7,,,20000
2020/6/26,生猪,,,,,,,,,127.64,,,,,,18.06,90.57,,,,,,
2020/6/30,生猪,,372.93,54,46,482,,2010.91,338.69,,635,,,1327.1,,,,,,,,,
2020/7/3,生猪,,,,,,,,,127.11,,,,,,18.2,85.24,,,,,,
2020/7/10,生猪,,,,,,,,,126.74,,,,,,18.21,80.48,,,15343,,,20000
2020/7/15,生猪,,,,,,,,,,,,,,,,,,,16833,,,20000
2020/7/17,生猪,,,,,,,,,127.75,,,,,,18.47,76.43,,,,,,
2020/7/23,生猪,,,,,,,,,,,,,,,,,,,6042,,,10000
2020/7/24,生猪,,,,,,,,,127.09,,,,,,18.34,74,,,,,,
2020/7/30,生猪,,,,,,,,,,,,,,,,,,,9371.7,,,10000
2020/7/31,生猪,,385.35,53,47,582,,2060.53,337.72,127.29,701,,,1171.21,,18.84,76.43,,1134.08,,,,
2020/8/7,生猪,,,,,,,,,127.23,,,,,,18.77,80.48,,,13537,,,20000
2020/8/14,生猪,,,,,,,,,127.05,,,,,,18.98,78.1,,,6985,,,10000
2020/8/21,生猪,,,,,,,,,127.04,,,,,,18.8,78.1,,,,,,10000
2020/8/28,生猪,,,,,,,,,127.89,,,,,,19.12,78.1,,,,,,10000
2020/8/31,生猪,,413.9,53,47,687,,2130.37,343.48,,749,,,1178.92,,,,,1139.75,,,,
2020/9/4,生猪,,,,,,,,,127.78,,,,,,19.53,75.86,,,14711,,,20000
2020/9/11,生猪,,,,,,,,,127.88,,,,,,19.62,75.76,,,5662,,,10000
2020/9/18,生猪,,,,,,,,,128.11,,,,,,20.15,81.29,,,16599,,,20000
2020/9/25,生猪,,,,,,,,,127.93,,,,,,20.64,82.38,,,15756,,,20000
2020/9/29,生猪,,,,,,,,,,,,,,,,,,,8020,,,10000
2020/9/30,生猪,,439.25,57,43,799,,2206.83,390.65,,861,,,1285.2,,,,,1264.78,,,,
2020/10/2,生猪,,,,,,,,,127.76,,,,,,21.16,83.95,,,,,,
2020/10/9,生猪,,,,,,,,,127.63,,,,,,21.43,85.57,,,,,,
2020/10/16,生猪,,,,,,,,,127.42,,,,,,22.2,86.24,,,,,,
2020/10/23,生猪,,,,,,,,,127.45,,,,,,22.34,86.76,,,,,,
2020/10/30,生猪,,,,,,,,,127.44,,,,,,23.17,87.62,,,,,,
2020/10/31,生猪,,464.55,54,46,532,,2288.93,436.19,,934,,,1433.27,,,,,1012.77,,,,
2020/11/6,生猪,,,,,,,,,127.91,,,,,,24.11,87.48,,,,,,
2020/11/13,生猪,,,,,,,,,128.23,,,,,,24.51,88.14,,,,,,
2020/11/20,生猪,,,,,,,,,128.47,,,,,,24.8,87.95,,,,,,
2020/11/27,生猪,,,,,,,,,129.49,,,,,,26.57,91.48,,,,,,
2020/11/30,生猪,,475.74,55,45,768,,2371.64,482.8,,932,,,1626.24,,,,,1225.54,,,,
2020/12/4,生猪,,,,,,,,,130.61,,,,,,27.21,94.95,,,,,,
2020/12/11,生猪,,,,,,,,,131.48,,,,,,29.05,94.74,,,,,,
2020/12/17,生猪,,,,,,,,,,,,,,,,,,,15663,,,20000
2020/12/18,生猪,,,,,,,,,132.24,,,,,,29.03,94.74,,,,,,
2020/12/24,生猪,,,,,,,,,,,,,,,,,,,19640,,,30000
2020/12/25,生猪,,,,,,,,,131.77,,,,,,29.8,94.71,,,,,,
2020/12/30,生猪,,,,,,,,,,,,,,,,,,,11241,,,20000
2020/12/31,生猪,,483.43,55,45,844,,2391.97,490.31,,1223.5,,,2060.35,,,,,1351.94,,,,
2021/1/1,生猪,,,,,,,,,130.05,,,,,,30.66,95,,,,,,
2021/1/7,生猪,,,,,,,,,,,,,,,,,,,6493,,,20000
2021/1/8,生猪,26810,,,,,,,,128.23,,,,,,31.19,95.08,,,,,,
2021/1/11,生猪,26030,,,,,,,,,,,,,,,,,,,,,
2021/1/12,生猪,25560,,,,,,,,,,,,,,,,,,,,,
2021/1/13,生猪,25870,,,,,,,,,,,,,,,,,,,,,
2021/1/14,生猪,24890,,,,,,,,,,,,,,,,,,,,,
2021/1/15,生猪,24725,,,,,,,,126.99,,,,,,30.62,94.57,,,11381,,,30000
2021/1/18,生猪,25140,,,,,,,,,,,,,,,,,,,,,
2021/1/19,生猪,25025,,,,,,,,,,,,,,,,,,,,,
2021/1/20,生猪,24910,,,,,,,,,,,,,,,,,,,,,
2021/1/21,生猪,24870,,,,,,,,,,,,,,,,,,10047,,,30000
2021/1/22,生猪,24565,,,,,,,,126.38,,,,,,28.66,94.7,,,,,,
2021/1/25,生猪,24930,,,,,,,,,,,,,,,,,,,,,
2021/1/26,生猪,25555,,,,,,,,,,,,,,,,,,,,,
2021/1/27,生猪,25275,,,,,,,,,,,,,,,,,,,,,
2021/1/28,生猪,25190,,,,,,,,,,,,,,,,,,10666,,,30000
2021/1/29,生猪,25570,,,,,,,,124.9,,,,,,29.24,94.25,,,,,,
2021/1/31,生猪,,457.23,56,44,795,,2410.91,557.32,,1252,,,1951.71,,,,,1341.35,,,,
2021/2/1,生猪,25685,,,,,,,,,,,,,,,,,,,,,
2021/2/2,生猪,25380,,,,,,,,,,,,,,,,,,,,,
2021/2/3,生猪,25315,,,,,,,,,,,,,,,,,,,,,
2021/2/4,生猪,25445,,,,,,,,,,,,,,,,,,7818,,,30000
2021/2/5,生猪,26170,,,,,,,,124.76,,,,,,34.9,90.52,,,,,,
2021/2/8,生猪,26900,,,,,,,,,,,,,,,,,,,,,
2021/2/9,生猪,26845,,,,,,,,,,,,,,,,,,8043,,,30000
2021/2/10,生猪,26705,,,,,,,,,,,,,,,,,,,,,
2021/2/12,生猪,,,,,,,,,124.38,,,,,,7.81,72.38,,,,,,
2021/2/18,生猪,27000,,,,,,,,,,,,,,,,,,,,,
2021/2/19,生猪,28330,,,,,,,,123.53,,,,,,4.71,72.93,,,,,,
2021/2/22,生猪,29380,,,,,,,,,,,,,,,,,,,,,
2021/2/23,生猪,28980,,,,,,,,,,,,,,,,,,,,,
2021/2/24,生猪,28900,,,,,,,,,,,,,,,,,,,,,
2021/2/25,生猪,28915,,,,,,,,,,,,,,,,,,,,,
2021/2/26,生猪,28970,,,,,,,,124.3,,,,,,7.94,72.35,,,19314,,,20000
2021/2/28,生猪,,459.34,58,42,723,,2374.39,479.34,,779,,,1424,,,,,768.81,,,,
2021/3/1,生猪,29185,,,,,,,,,,,,,,,,,,,,,
2021/3/2,生猪,28750,,,,,,,,,,,,,,,,,,,,,
2021/3/3,生猪,28785,,,,,,,,,,,,,,,,,,,,,
2021/3/4,生猪,28845,,,,,,,,,,,,,,,,,,,,,
2021/3/5,生猪,28400,,,,,,,,125.92,,,,,,14.5,80.36,,,9458.13,,,10000
2021/3/8,生猪,28545,,,,,,,,,,,,,,,,,,,,,
2021/3/9,生猪,27900,,,,,,,,,,,,,,,,,,,,,
2021/3/10,生猪,28050,,,,,,,,,,,,,,,,,,9533,,,10000
2021/3/11,生猪,28595,,,,,,,,,,,,,,,,,,,,,
2021/3/12,生猪,28750,,,,,,,,125.93,,,,,,14.8,82.28,,,,,,
2021/3/15,生猪,28405,,,,,,,,,,,,,,,,,,,,,
2021/3/16,生猪,28450,,,,,,,,,,,,,,,,,,,,,
2021/3/17,生猪,28610,,,,,,,,,,,,,,,,,,,,,
2021/3/18,生猪,28470,,,,,,,,,,,,,,,,,,,,,
2021/3/19,生猪,28505,,,,,,,,126.99,,,,,,13.24,85,,,,,,
2021/3/22,生猪,28250,,,,,,,,,,,,,,,,,,,,,
2021/3/23,生猪,28135,,,,,,,,,,,,,,,,,,,,,
2021/3/24,生猪,28000,,,,,,,,,,,,,,,,,,,,,
2021/3/25,生猪,27520,,,,,,,,,,,,,,,,,,,,,
2021/3/26,生猪,27215,,,,,,,,128.12,,,,,,13.67,85,,,,,,
2021/3/29,生猪,26555,,,,,,,,,,,,,,,,,,,,,
2021/3/30,生猪,27030,,,,,,,,,,,,,,,,,,,,,
2021/3/31,生猪,26985,491.74,60,40,730,,2487.57,503.18,,995,,,1508.7,,,,,865.87,,,,
2021/4/1,生猪,27940,,,,,,,,,,,,,,,,,,,,,
2021/4/2,生猪,27660,,,,,,,,129.77,,,,,,13.67,85,23.95,,,,,
2021/4/6,生猪,27120,,,,,,,,,,,,,,,,,,,,,
2021/4/7,生猪,26810,,,,,,,,,,,,,,,,,,,,,
2021/4/8,生猪,26920,,,,,,,,,,,,,,,,,,,,,
2021/4/9,生猪,26610,,,,,,,,131,,,,,,15.91,84.37,23.95,,,,,
2021/4/12,生猪,27095,,,,,,,,,,,,,,,,,,,,,
2021/4/13,生猪,27605,,,,,,,,,,,,,,,,,,,,,
2021/4/14,生猪,27425,,,,,,,,,,,,,,,,,,,,,
2021/4/15,生猪,27190,,,,,,,,,,,,,,,,,,,,,
2021/4/16,生猪,26920,,,,,,,,132.19,,,,,,17.96,86.66,24.42,,,,,
2021/4/19,生猪,27180,,,,,,,,,,,,,,,,,,,,,
2021/4/20,生猪,27110,,,,,,,,,,,,,,,,,,,,,
2021/4/21,生猪,27170,,,,,,,,,,,,,,,,,,,,,
2021/4/22,生猪,27195,,,,,,,,,,,,,,,,,,,,,
2021/4/23,生猪,27720,,,,,,,,131.81,,4.94,41.44,,,16.17,88,24.15,,,,,
2021/4/26,生猪,27370,,,,,,,,,,,,,,,,,,,,,
2021/4/27,生猪,27035,,,,,,,,,,,,,,,,,,,,,
2021/4/28,生猪,27250,,,,,,,,,,,,,,,,,,,,,
2021/4/29,生猪,27320,,,,,,,,,,,,,,,,,,,,,
2021/4/30,生猪,27290,518.59,62,38,896,,2611.79,534.58,132.87,1090,5.27,44.1,1804.53,,18.07,84.6,24.98,705.65,,,,
2021/5/6,生猪,26700,,,,,,,,,,,,,,,,,,,,,
2021/5/7,生猪,26900,,,,,,,,132.52,,7.4,35.83,,,17.82,84.39,24.93,,,,,
2021/5/10,生猪,25005,,,,,,,,,,,,,,,,,,,,,
2021/5/11,生猪,24950,,,,,,,,,,,,,,,,,,,,,
2021/5/12,生猪,25255,,,,,,,,,,,,,,,,,,,,,
2021/5/13,生猪,25020,,,,,,,,,,,,,,,,,,,,,
2021/5/14,生猪,24970,,,,,,,,132.45,,7.05,38.07,,,20.23,82.67,24.63,,,,,
2021/5/17,生猪,24940,,,,,,,,,,,,,,,,,,,,,
2021/5/18,生猪,24585,,,,,,,,,,,,,,,,,,,,,
2021/5/19,生猪,23550,,,,,,,,,,,,,,,,,,,,,
2021/5/20,生猪,23565,,,,,,,,,,,,,,,,,,,,,
2021/5/21,生猪,23890,,,,,,,,132.6,,7.34,37.79,,,22.69,83.28,26.4,,,,,
2021/5/24,生猪,23940,,,,,,,,,,,,,,,,,,,,,
2021/5/25,生猪,23895,,,,,,,,,,,,,,,,,,,,,
2021/5/26,生猪,23120,,,,,,,,,,,,,,,,,,,,,
2021/5/27,生猪,22445,,,,,,,,,,,,,,,,,,,,,
2021/5/28,生猪,22485,,,,,,,,132.83,,6.6,38.82,,,23.72,83.92,28.99,,,,,
2021/5/31,生猪,22245,531.28,66,34,506,,2704.74,577.09,,1103,,,1995.65,,,,,806.67,,,,
2021/6/1,生猪,22025,,,,,,,,,,,,,,,,,,,,,
2021/6/2,生猪,21525,,,,,,,,,,,,,,,,,,,,,
2021/6/3,生猪,20640,,,,,,,,,,,,,,,,,,,,,
2021/6/4,生猪,19870,,,,,,,,132.59,,6.8,37.64,,,24.92,83.06,30.31,,,,,
2021/6/7,生猪,20025,,,,,,,,,,,,,,,,,,,,,
2021/6/8,生猪,19770,,,,,,,,,,,,,,,,,,,,,
2021/6/9,生猪,20215,,,,,,,,,,,,,,,,,,,,,
2021/6/10,生猪,19935,,,,,,,,,,,,,,,,,,,,,
2021/6/11,生猪,19795,,,,,,,,132.26,,4.79,36.02,,,27.49,84.02,30.83,,,,,
2021/6/15,生猪,18810,,,,,,,,,,,,,,,,,,,,,
2021/6/16,生猪,18970,,,,,,,,,,,,,,,,,,,,,
2021/6/17,生猪,18465,,,,,,,,,,,,,,,,,,,,,
2021/6/18,生猪,17600,,,,,,,,132.18,,2.94,37.62,,,25.68,83.05,31.71,,,,,
2021/6/21,生猪,16735,,,,,,,,,,,,,,,,,,,,,
2021/6/22,生猪,17040,,,,,,,,,,,,,,,,,,,,,
2021/6/23,生猪,18160,,,,,,,,,,,,,,,,,,,,,
2021/6/24,生猪,17840,,,,,,,,,,,,,,,,,,,,,
2021/6/25,生猪,18925,,,,,,,,132.15,,3.55,33.55,,,25.57,83.86,33.15,,,,,
2021/6/28,生猪,18925,,,,,,,,,,,,,,,,,,,,,
2021/6/29,生猪,19240,,,,,,,,,,,,,,,,,,,,,
2021/6/30,生猪,19370,533.13,66,34,477,,2814.46,618.9,,1026,,,2200.12,,,,,836.04,,,,
2021/7/1,生猪,18890,,,,,,,,,,,,,,,,,,,,,
2021/7/2,生猪,18580,,,,,,,,131.42,,5.74,31.67,,,25.87,86.12,32.71,,,,,
2021/7/5,生猪,18745,,,,,,,,,,,,,,,,,,,,,
2021/7/6,生猪,18985,,,,,,,,,,,,,,,,,,,,,
2021/7/7,生猪,18625,,,,,,,,,,,,,,,,,,,17000,20000,
2021/7/8,生猪,18865,,,,,,,,,,,,,,,,,,,,,
2021/7/9,生猪,19165,,,,,,,,130.25,,7.1,26.61,,,24.89,86.85,32.28,,,,,
2021/7/12,生猪,18760,,,,,,,,,,,,,,,,,,,,,
2021/7/13,生猪,18270,,,,,,,,,,,,,,,,,,,,,
2021/7/14,生猪,18210,,,,,,,,,,,,,,,,,,,13900,13000,
2021/7/15,生猪,18120,,,,,,,,,,,,,,,,,,,,,
2021/7/16,生猪,18400,,,,,,,,129.39,,5.95,19.19,,,24.82,86.86,31.44,,,,,
2021/7/19,生猪,18785,,,,,,,,,,,,,,,,,,,,,
2021/7/20,生猪,18840,,,,,,,,,,,,,,,,,,,,,
2021/7/21,生猪,18740,,,,,,,,,,,,,,,,,,,11600,20000,
2021/7/22,生猪,18375,,,,,,,,,,,,,,,,,,,,,
2021/7/23,生猪,18295,,,,,,,,128.68,,7.48,18.86,,,23.73,87.13,30.98,,,,,
2021/7/26,生猪,18460,,,,,,,,,,,,,,,,,,,,,
2021/7/27,生猪,18390,,,,,,,,,,,,,,,,,,,,,
2021/7/28,生猪,18430,,,,,,,,,,,,,,,,,,,,,
2021/7/29,生猪,18600,,,,,,,,,,,,,,,,,,,,,
2021/7/30,生猪,18765,,,,,,,,127.66,,5.12,15.64,,,23.8,87.44,30.66,,,,,
2021/7/31,生猪,,531,64.28,35.72,616,,2787.14,632.24,,1045,,,2194.53,,,,,487.12,,,,
2021/8/2,生猪,18160,,,,,,,,,,,,,,,,,,,,,
2021/8/3,生猪,17785,,,,,,,,,,,,,,,,,,,,,
2021/8/4,生猪,17440,,,,,,,,,,,,,,,,,,,,,
2021/8/5,生猪,17400,,,,,,,,,,,,,,,,,,,,,
2021/8/6,生猪,17550,,,,,,,,126.65,,4.21,15.4,,,25.22,87.83,30.4,,,,,
2021/8/9,生猪,17365,,,,,,,,,,,,,,,,,,,,,
2021/8/10,生猪,17025,,,,,,,,,,,,,,,,,,,,,
2021/8/11,生猪,17085,,,,,,,,,,,,,,,,,,,,,
2021/8/12,生猪,17055,,,,,,,,,,,,,,,,,,,,,
2021/8/13,生猪,16720,,,,,,,,125.99,,3.4,13.78,,,24.92,86.37,30.4,,,,,
2021/8/16,生猪,16160,,,,,,,,,,,,,,,,,,,,,
2021/8/17,生猪,16075,,,,,,,,,,,,,,,,,,,,,
2021/8/18,生猪,15995,,,,,,,,,,,,,,,,,,,,,
2021/8/19,生猪,17360,,,,,,,,,,,,,,,,,,,,,
2021/8/20,生猪,17775,,,,,,,,125.76,,3.12,13.37,,,22.98,87.29,29.48,,,,,
2021/8/23,生猪,17000,,,,,,,,,,,,,,,,,,,,,
2021/8/24,生猪,16895,,,,,,,,,,,,,,,,,,,,,
2021/8/25,生猪,16985,,,,,,,,,,,,,,,,,,,,,
2021/8/26,生猪,17140,,,,,,,,,,,,,,,,,,,,,
2021/8/27,生猪,17175,,,,,,,,125.62,,2.43,12.87,,,23.87,87.23,28.21,,,,,
2021/8/30,生猪,16430,,,,,,,,,,,,,,,,,,,,,
2021/8/31,生猪,16760,525.36,70.84,29.16,459,,2871.8,602.13,,1118,,,2328.56,,,,,527.4,,,,
2021/9/1,生猪,16565,,,,,,,,,,,,,,,,,,,,,
2021/9/2,生猪,16085,,,,,,,,,,,,,,,,,,,,,
2021/9/3,生猪,16090,,,,,,,,125.07,,3.04,12.18,,,24.43,87.4,28.06,,,,,
2021/9/6,生猪,15965,,,,,,,,,,,,,,,,,,,,,
2021/9/7,生猪,15910,,,,,,,,,,,,,,,,,,,,,
2021/9/8,生猪,15585,,,,,,,,,,,,,,,,,,,,,
2021/9/9,生猪,14995,,,,,,,,,,,,,,,,,,,,,
2021/9/10,生猪,15070,,,,,,,,124.72,,3.02,11.23,,,25.03,87.43,27.61,,,,,
2021/9/13,生猪,14575,,,,,,,,,,,,,,,,,,,,,
2021/9/14,生猪,14385,,,,,,,,,,,,,,,,,,,,,
2021/9/15,生猪,14110,,,,,,,,,,,,,,,,,,,,,
2021/9/16,生猪,14580,,,,,,,,,,,,,,,,,,,,,
2021/9/17,生猪,14175,,,,,,,,124.37,,2.5,9.15,,,25.36,87.57,27.36,,,,,
2021/9/22,生猪,13685,,,,,,,,,,,,,,,,,,,,,
2021/9/23,生猪,13600,,,,,,,,,,,,,,,,,,,,,
2021/9/24,生猪,13670,,,,,,,,124.15,,2.66,6.86,,,25.68,88.3,26.79,,,,,
2021/9/27,生猪,14360,,,,,,,,,,,,,,,,,,,,,
2021/9/28,生猪,13920,,,,,,,,,,,,,,,,,,,,,
2021/9/29,生猪,13870,,,,,,,,,,,,,,,,,,,,,
2021/9/30,生猪,13880,498.76,74.35,25.65,606,,2806.7,645.51,,1099,,,2508.6,,,,,680.63,,,,
2021/10/1,生猪,,,,,,,,,123.88,,2.64,6.09,,,24.62,88.88,26.19,,,,,
2021/10/8,生猪,14225,,,,,,,,123.83,,2.11,5.29,,,25.82,88.95,25.79,,,,,
2021/10/10,生猪,,,,,,,,,,,,,,,,,,,,,30000,
2021/10/11,生猪,15285,,,,,,,,,,,,,,,,,,,,,
2021/10/12,生猪,15290,,,,,,,,,,,,,,,,,,,,,
2021/10/13,生猪,15410,,,,,,,,,,,,,,,,,,,,,
2021/10/14,生猪,14685,,,,,,,,,,,,,,,,,,,,,
2021/10/15,生猪,15175,,,,,,,,124.37,,1.56,5.32,,,28.51,89.21,24.91,,,,,
2021/10/18,生猪,15845,,,,,,,,,,,,,,,,,,,,,
2021/10/19,生猪,16375,,,,,,,,,,,,,,,,,,,,,
2021/10/20,生猪,16225,,,,,,,,,,,,,,,,,,,,,
2021/10/21,生猪,15815,,,,,,,,,,,,,,,,,,,,,
2021/10/22,生猪,16325,,,,,,,,124.71,,1.56,5.32,,,29.03,89.36,23.03,,,,,
2021/10/25,生猪,17185,,,,,,,,,,,,,,,,,,,,,
2021/10/26,生猪,17320,,,,,,,,,,,,,,,,,,,,,
2021/10/27,生猪,17495,,,,,,,,,,,,,,,,,,,,,
2021/10/28,生猪,17385,,,,,,,,,,,,,,,,,,,,,
2021/10/29,生猪,16705,,,,,,,,124.76,,1,4.79,,,25.39,89.87,21,,,,,
2021/10/31,生猪,,486.64,76.13,23.87,560,,2803.85,748.28,,1091,,,3023.45,,,,,651.39,,,,
2021/11/1,生猪,15885,,,,,,,,,,,,,,,,,,,,,
2021/11/2,生猪,16205,,,,,,,,,,,,,,,,,,,,,
2021/11/3,生猪,16245,,,,,,,,,,,,,,,,,,,,,
2021/11/4,生猪,16705,,,,,,,,,,,,,,,,,,,,,
2021/11/5,生猪,16675,,,,,,,,124.89,,1.08,4.53,,,22.99,89.97,20.31,,,,,20000
2021/11/8,生猪,16245,,,,,,,,,,,,,,,,,,,,,
2021/11/9,生猪,16155,,,,,,,,,,,,,,,,,,,,,
2021/11/10,生猪,16200,,,,,,,,,,,,,,,,,,,,,
2021/11/11,生猪,15915,,,,,,,,,,,,,,,,,,,,,
2021/11/12,生猪,16250,,,,,,,,125.15,,1.06,4.57,,,22.94,89.72,19.87,,,,,
2021/11/15,生猪,16725,,,,,,,,,,,,,,,,,,,,,
2021/11/16,生猪,16280,,,,,,,,,,,,,,,,,,,,,
2021/11/17,生猪,16095,,,,,,,,,,,,,,,,,,,,,
2021/11/18,生猪,16240,,,,,,,,,,,,,,,,,,,,,
2021/11/19,生猪,16490,,,,,,,,125.29,,1.07,4.57,,,22.26,89.44,19.72,,,,,
2021/11/22,生猪,16200,,,,,,,,,,,,,,,,,,,,,
2021/11/23,生猪,16315,,,,,,,,,,,,,,,,,,,,,
2021/11/24,生猪,16560,,,,,,,,,,,,,,,,,,,,,
2021/11/25,生猪,16820,,,,,,,,,,,,,,,,,,,,,
2021/11/26,生猪,16725,,,,,,,,125.68,,1.14,4.61,,,21.78,90.21,18.67,,,,,
2021/11/29,生猪,16080,,,,,,,,,,,,,,,,,,,,,
2021/11/30,生猪,16105,479.71,80.77,19.23,409,,2844.35,644.23,,1141,,,2649,,,,,830.23,,,,
2021/12/1,生猪,16215,,,,,,,,,,,,,,,,,,,,,
2021/12/2,生猪,15685,,,,,,,,,,,,,,,,,,,,,
2021/12/3,生猪,15455,,,,,,,,125.98,,0.99,4.62,,,21.86,90.26,18.11,,,,,
2021/12/6,生猪,15220,,,,,,,,,,,,,,,,,,,,,
2021/12/7,生猪,14965,,,,,,,,,,,,,147192,,,,,,,,
2021/12/8,生猪,14680,,,,,,,,,,,,,146804,,,,,,,,
2021/12/9,生猪,14775,,,,,,,,,,,,,145447,,,,,,,,
2021/12/10,生猪,14870,,,,,,,,125.72,,1.06,4.66,,145168,21.58,90.31,17.59,,,,,
2021/12/13,生猪,14410,,,,,,,,,,,,,144245,,,,,,,,
2021/12/14,生猪,14260,,,,,,,,,,,,,143050,,,,,,,,
2021/12/15,生猪,14300,,,,,,,,,,,,,146121,,,,,,,,
2021/12/16,生猪,14350,,,,,,,,,,,,,149135,,,,,,,,
2021/12/17,生猪,14190,,,,,,,,125.29,,1.06,4.14,,150243,21.67,90.51,17.05,,,,,
2021/12/20,生猪,14045,,,,,,,,,,,,,168608,,,,,,,,
2021/12/21,生猪,14220,,,,,,,,,,,,,157515,,,,,,,,
2021/12/22,生猪,14075,,,,,,,,,,,,,150998,,,,,,,,
2021/12/23,生猪,14500,,,,,,,,,,,,,150536,,,,,,,,
2021/12/24,生猪,14580,,,,,,,,124.96,,1.13,3.97,,152573,25.07,90.66,16.61,,,,,
2021/12/27,生猪,14490,,,,,,,,,,,,,157115,,,,,,,,
2021/12/28,生猪,14605,,,,,,,,,,,,,155117,,,,,,,,
2021/12/29,生猪,14535,,,,,,,,,,,,,158719,,,,,,,,
2021/12/30,生猪,14445,,,,,,,,,,,,,175876,,,,,,,,
2021/12/31,生猪,14450,465.38,82.32,17.68,532,,2838.29,723.2,124.59,1337,1.24,3.55,2896.06,165098,25.49,90.59,16.35,718.12,,,,
2022/1/4,生猪,14165,,,,,,,,,,,,,147060,,,,,,,,
2022/1/5,生猪,14245,,,,,,,,,,,,,141261,,,,,,,,
2022/1/6,生猪,14075,,,,,,,,,,,,,141359,,,,,,,,
2022/1/7,生猪,13915,,,,,,,,124.28,,1.21,3.34,,142103,25.36,90.22,16.52,,,,,
2022/1/10,生猪,13510,,,,,,,,,,,,,153072,,,,,,,,
2022/1/11,生猪,13665,,,,,,,,,,,,,157112,,,,,,,,
2022/1/12,生猪,13755,,,,,,,,,,,,,160394,,,,,,,,
2022/1/13,生猪,13710,,,,,,,,,,,,,165523,,,,,,,,
2022/1/14,生猪,13760,,,,,,,,123.56,,1.13,3.03,,171674,25.36,90.1,16.83,,,,,
2022/1/17,生猪,13790,,,,,,,,,,,,,182455,,,,,,,,
2022/1/18,生猪,13890,,,,,,,,,,,,,181293,,,,,,,,
2022/1/19,生猪,13785,,,,,,,,,,,,,185026,,,,,,,,
2022/1/20,生猪,13830,,,,,,,,,,,,,199946,,,,,,,,
2022/1/21,生猪,13850,,,,,,,,123.32,,1.06,2.84,,216403,29.01,90.63,16.66,,,,,
2022/1/24,生猪,13505,,,,,,,,,,,,,192733,,,,,,,,
2022/1/25,生猪,13535,,,,,,,,,,,,,195938,,,,,,,,
2022/1/26,生猪,13465,,,,,,,,,,,,,205322,,,,,,,,
2022/1/27,生猪,13240,,,,,,,,,,,,,210355,,,,,,,,
2022/1/28,生猪,13425,,,,,,,,122.05,,1.05,2.8,,183475,32.9,91.27,16.89,,,,,
2022/1/29,生猪,,,,,,,,,,,,,,57183,,,,,,,,
2022/1/31,生猪,,467.48,84.74,15.26,475,91.54,2854.66,734.54,,1202,,,2847.42,,,,,1112.69,,,,
2022/2/4,生猪,,,,,,,,,122.05,,1,1.78,,,8.63,91.27,17.03,,,,,
2022/2/7,生猪,13705,,,,,,,,,,,,,85495,,,,,,,,
2022/2/8,生猪,14790,,,,,,,,,,,,,96111,,,,,,,,
2022/2/9,生猪,14575,,,,,,,,,,,,,99453,,,,,,,,
2022/2/10,生猪,14630,,,,,,,,,,,,,97243,,,,,,,,
2022/2/11,生猪,14715,,,,,,,,121.49,,1.02,1.75,,97871,13.11,82.62,17.65,,,,,
2022/2/14,生猪,14485,,,,,,,,,,,,,114494,,,,,,,,
2022/2/15,生猪,14175,,,,,,,,,,,,,116674,,,,,,,,
2022/2/16,生猪,14355,,,,,,,,,,,,,113092,,,,,,,,
2022/2/17,生猪,14340,,,,,,,,,,,,,110845,,,,,,,,
2022/2/18,生猪,14190,,,,,,,,120.97,,1.06,1.73,,112010,19.14,84.85,18.66,,,,,
2022/2/21,生猪,13950,,,,,,,,,,,,,115097,,,,,,,,
2022/2/22,生猪,13835,,,,,,,,,,,,,116746,,,,,,,,
2022/2/23,生猪,13950,,,,,,,,,,,,,118643,,,,,,,,
2022/2/24,生猪,14195,,,,,,,,,,,,,125982,,,,,,,,
2022/2/25,生猪,14260,,,,,,,,120.57,,1.01,1.72,,131232,21.85,84.77,19.95,,,,,
2022/2/28,生猪,14275,465.59,86.76,13.24,468,92.38,2921.4,633.5,,924,,,1568.23,136940,,,,404.76,,,,
2022/3/1,生猪,14080,,,,,,,,,,,,,135997,,,,,,,,
2022/3/2,生猪,14135,,,,,,,,,,,,,136859,,,,,,,,
2022/3/3,生猪,13870,,,,,,,,,,,,,137173,,,,,,19400,19400,
2022/3/4,生猪,13890,,,,,,,,120.42,,0.93,1.65,,138493,23.52,84.85,20.62,,,20600,20600,
2022/3/7,生猪,13385,,,,,,,,,,,,,137484,,,,,,,,
2022/3/8,生猪,13290,,,,,,,,,,,,,136626,,,,,,,,
2022/3/9,生猪,13420,,,,,,,,,,,,,136510,,,,,,,,
2022/3/10,生猪,13320,,,,,,,,,,,,,137431,,,,,,22000,38000,
2022/3/11,生猪,13130,,,,,,,,120.48,,0.92,1.57,,138514,25.69,85.02,21.14,,,,,
2022/3/12,生猪,,,,,,,,,,,,,,,26.45,,,,,,,
2022/3/13,生猪,,,,,,,,,,,,,,,26.72,,,,,,,
2022/3/14,生猪,12840,,,,,,,,,,,,,139536,26.5,,,,,,,
2022/3/15,生猪,12810,,,,,,,,,,,,,141955,26.98,,,,,,,
2022/3/16,生猪,12625,,,,,,,,,,,,,142077,27.06,,,,,,,
2022/3/17,生猪,12630,,,,,,,,,,,,,135434,26.78,,,,,,,
2022/3/18,生猪,12650,,,,,,,,120.39,,0.88,1.52,,136276,26.68,85.1,21.57,,,,,
2022/3/19,生猪,,,,,,,,,,,,,,,27.03,,,,,,,
2022/3/20,生猪,,,,,,,,,,,,,,,27.2,,,,,,,
2022/3/21,生猪,13115,,,,,,,,,,,,,138502,27.34,,,,,,,
2022/3/22,生猪,12935,,,,,,,,,,,,,139372,26.71,,,,,,,
2022/3/23,生猪,12805,,,,,,,,,,,,,139071,26.52,,,,,,,
2022/3/24,生猪,12850,,,,,,,,,,,,,139551,26.68,,,,,,,
2022/3/25,生猪,12705,,,,,,,,120.6,,0.86,1.67,,139941,26.65,85.06,22.45,,,,,
2022/3/26,生猪,,,,,,,,,,,,,,,26.34,,,,,,,
2022/3/27,生猪,,,,,,,,,,,,,,,26.33,,,,,,,
2022/3/28,生猪,12645,,,,,,,,,,,,,137365,26.2,,,,,,,
2022/3/29,生猪,12990,,,,,,,,,,,,,140963,26.9,,,,,,,
2022/3/30,生猪,12895,,,,,,,,,,,,,142378,27.38,,,,,,,
2022/3/31,生猪,13005,459.03,88.79,11.21,562,92.51,2822,757.47,,1011,,,2590,142989,27.37,,,414.81,,,,
2022/4/1,生猪,12955,,,,,,,,120.71,,0.87,1.77,,135518,25.92,85.47,22.98,,,,,
2022/4/2,生猪,,,,,,,,,,,,,,131340,25.24,,,,,11800,11800,
2022/4/3,生猪,,,,,,,,,,,,,,,25.58,,,,,8500,28200,
2022/4/4,生猪,,,,,,,,,,,,,,,25.54,,,,,,,
2022/4/5,生猪,,,,,,,,,,,,,,,25.14,,,,,,,
2022/4/6,生猪,12745,,,,,,,,,,,,,124054,25.16,,,,,,,
2022/4/7,生猪,12775,,,,,,,,,,,,,119194,25.14,,,,,,,
2022/4/8,生猪,12675,,,,,,,,120.95,,0.84,1.74,,117748,24.69,85.64,23.11,,,,,
2022/4/9,生猪,,,,,,,,,,,,,,,24.38,,,,,,,
2022/4/10,生猪,,,,,,,,,,,,,,,24.68,,,,,,,
2022/4/11,生猪,12525,,,,,,,,,,,,,118930,24.59,,,,,,,
2022/4/12,生猪,12695,,,,,,,,,,,,,121033,24.52,,,,,,,
2022/4/13,生猪,12750,,,,,,,,,,,,,122401,25.44,,,,,,,
2022/4/14,生猪,12695,,,,,,,,,,,,,123727,25.53,,,,,2700,40000,
2022/4/15,生猪,12660,,,,,,,,121.48,,0.88,1.84,,123448,25.26,86.09,23.27,,,,,
2022/4/16,生猪,,,,,,,,,,,,,,,25.91,,,,,,,
2022/4/17,生猪,,,,,,,,,,,,,,,25.67,,,,,,,
2022/4/18,生猪,13400,,,,,,,,,,,,,128272,25.62,,,,,,,
2022/4/19,生猪,18030,,,,,,,,,,,,,127921,25.21,,,,,,,
2022/4/20,生猪,17855,,,,,,,,,,,,,117913,24.09,,,,,,,
2022/4/21,生猪,17800,,,,,,,,,,,,,115213,23.46,,,,,,,
2022/4/22,生猪,18030,,,,,,,,121.29,,1.13,1.54,,111014,22.59,87.77,23.19,,,0,40000,
2022/4/23,生猪,,,,,,,,,,,,,,,23.46,,,,,,,
2022/4/24,生猪,,,,,,,,,,,,,,113331,23.61,,,,,,,
2022/4/25,生猪,18430,,,,,,,,,,,,,114079,23.59,,,,,,,
2022/4/26,生猪,18330,,,,,,,,,,,,,115935,23.8,,,,,,,
2022/4/27,生猪,18575,,,,,,,,,,,,,116579,23.98,,,,,,,
2022/4/28,生猪,18420,,,,,,,,,,,,,122507,24.73,,,,,,,
2022/4/29,生猪,18555,,,,,,,,121.55,,1.21,1.14,,125867,25.16,88.14,22.79,,,1800,40000,
2022/4/30,生猪,,454.59,90.36,9.64,450,92.95,2821.42,690.56,,963,,,2738,,25.86,,,396.52,,,,
2022/5/1,生猪,,,,,,,,,,,,,,,25.26,,,,,,,
2022/5/2,生猪,,,,,,,,,,,,,,,24.07,,,,,,,
2022/5/3,生猪,,,,,,,,,,,,,,,23.53,,,,,,,
2022/5/4,生猪,,,,,,,,,,,,,,,23.6,,,,,,,
2022/5/5,生猪,18395,,,,,,,,,,,,,117611,23.56,,,,,,,
2022/5/6,生猪,18485,,,,,,,,121.62,,1.2,1.09,,120006,23.9,88.38,22.79,,,,,
2022/5/7,生猪,,,,,,,,,,,,,,118414,23.93,,,,,,,
2022/5/8,生猪,,,,,,,,,,,,,,,23.9,,,,,,,
2022/5/9,生猪,19155,,,,,,,,,,,,,119955,24.03,,,,,,,
2022/5/10,生猪,18955,,,,,,,,,,,,,123338,25.07,,,,,,,
2022/5/11,生猪,19320,,,,,,,,,,,,,125581,25.2,,,,,,,
2022/5/12,生猪,19335,,,,,,,,,,,,,124667,24.93,,,,,,,
2022/5/13,生猪,19720,,,,,,,,122.25,,1.11,1.08,,127809,24.82,88.97,22.71,,,4500,40000,
2022/5/14,生猪,,,,,,,,,,,,,,,24.86,,,,,,,
2022/5/15,生猪,,,,,,,,,,,,,,,25.12,,,,,,,
2022/5/16,生猪,19790,,,,,,,,,,,,,126129,24.97,,,,,,,
2022/5/17,生猪,18820,,,,,,,,,,,,,124628,24.52,,,,,,,
2022/5/18,生猪,18980,,,,,,,,,,,,,128848,24.96,,,,,,,
2022/5/19,生猪,19065,,,,,,,,,,,,,128074,24.93,,,,,,,
2022/5/20,生猪,19065,,,,,,,,122.69,,1.06,1.07,,127010,24.59,89.12,22.38,,,300,40000,
2022/5/21,生猪,,,,,,,,,,,,,,,24.61,,,,,,,
2022/5/22,生猪,,,,,,,,,,,,,,,24.44,,,,,,,
2022/5/23,生猪,19095,,,,,,,,,,,,,126292,24.37,,,,,,,
2022/5/24,生猪,19065,,,,,,,,,,,,,126043,24.35,,,,,,,
2022/5/25,生猪,19125,,,,,,,,,,,,,125388,24.68,,,,,,,
2022/5/26,生猪,18670,,,,,,,,,,,,,125281,24.65,,,,,5000,5000,
2022/5/27,生猪,18735,,,,,,,,123.33,,1.04,1.06,,125245,24.63,89.11,22.49,,,2400,35000,
2022/5/28,生猪,,,,,,,,,,,,,,,24.79,,,,,,,
2022/5/29,生猪,,,,,,,,,,,,,,,25.43,,,,,,,
2022/5/30,生猪,18875,,,,,,,,,,,,,130981,25.65,,,,,,,
2022/5/31,生猪,19080,462.91,90.69,9.31,366,93.56,2836.41,685.63,,986,,,2530,135173,26.31,,,487.26,,,,
2022/6/1,生猪,18950,,,,,,,,,,,,,135999,26.85,,,,,,,
2022/6/2,生猪,19020,,,,,,,,,,,,,141113,27.52,,,,,900,40000,
2022/6/3,生猪,,,,,,,,,123.78,,1.04,1.14,,,27.2,89.32,22.69,,,,,
2022/6/4,生猪,,,,,,,,,,,,,,,26.14,,,,,,,
2022/6/5,生猪,,,,,,,,,,,,,,,25.69,,,,,,,
2022/6/6,生猪,19250,,,,,,,,,,,,,127568,25.19,,,,,,,
2022/6/7,生猪,18695,,,,,,,,,,,,,122688,24.76,,,,,,,
2022/6/8,生猪,18700,,,,,,,,,,,,,123325,24.77,,,,,,,
2022/6/9,生猪,18725,,,,,,,,,,,,,124305,24.93,,,,,,,
2022/6/10,生猪,18700,,,,,,,,123.99,,1.05,1.14,,125744,25.12,89.2,22.99,,,1500,40000,
2022/6/11,生猪,,,,,,,,,,,,,,,25.31,,,,,,,
2022/6/12,生猪,,,,,,,,,,,,,,,25.77,,,,,,,
2022/6/13,生猪,19195,,,,,,,,,,,,,129323,26,,,,,,,
2022/6/14,生猪,19425,,,,,,,,,,,,,126800,25.85,,,,,,,
2022/6/15,生猪,19390,,,,,,,,,,,,,123086,24.97,,,,,,,
2022/6/16,生猪,19330,,,,,,,,,,,,,121960,24.81,,,,,,,
2022/6/17,生猪,19585,,,,,,,,124.15,,1.08,1.13,,120810,24.35,89.19,23.46,,,0,40000,
2022/6/18,生猪,,,,,,,,,,,,,,,24.57,,,,,,,
2022/6/19,生猪,,,,,,,,,,,,,,,24.17,,,,,,,
2022/6/20,生猪,19760,,,,,,,,,,,,,119925,24.13,,,,,,,
2022/6/21,生猪,19725,,,,,,,,,,,,,120413,24.14,,,,,,,
2022/6/22,生猪,19370,,,,,,,,,,,,,115748,23.93,,,,,,,
2022/6/23,生猪,19770,,,,,,,,,,,,,112877,23.75,,,,,,,
2022/6/24,生猪,19675,,,,,,,,124.45,,1.06,1.12,,112191,23.69,88.78,23.71,,,0,40000,
2022/6/25,生猪,,,,,,,,,,,,,,,23.44,,,,,,,
2022/6/26,生猪,,,,,,,,,,,,,,,23.11,,,,,,,
2022/6/27,生猪,20650,,,,,,,,,,,,,108730,23.19,,,,,,,
2022/6/28,生猪,20515,,,,,,,,,,,,,105303,22.5,,,,,,,
2022/6/29,生猪,20660,,,,,,,,,,,,,105277,22.71,,,,,,,
2022/6/30,生猪,20830,471.88,90.54,9.46,522,93.69,2853.98,678.19,,945,,,2413,104909,22.42,,,530.24,,,,
2022/7/1,生猪,21375,,,,,,,,124.86,,1.06,1.12,,104814,22.74,89.14,23.87,,,,,
2022/7/2,生猪,,,,,,,,,,,,,,,22.54,,,,,,,
2022/7/3,生猪,,,,,,,,,,,,,,,22.27,,,,,,,
2022/7/4,生猪,22695,,,,,,,,,,,,,101573,21.64,,,,,,,
2022/7/5,生猪,22215,,,,,,,,,,,,,102289,21.9,,,,,,,
2022/7/6,生猪,21220,,,,,,,,,,,,,97863,21.51,,,,,,,
2022/7/7,生猪,21995,,,,,,,,,,,,,94856,20.77,,,,,,,
2022/7/8,生猪,22940,,,,,,,,124.92,,1.06,1.13,,95810,20.88,89.57,23.45,,,,,
2022/7/9,生猪,,,,,,,,,,,,,,,20.8,,,,,,,
2022/7/10,生猪,,,,,,,,,,,,,,,20.58,,,,,,,
2022/7/11,生猪,22705,,,,,,,,,,,,,93028,20.25,,,,,,,
2022/7/12,生猪,22665,,,,,,,,,,,,,94127,20.56,,,,,,,
2022/7/13,生猪,22685,,,,,,,,,,,,,94126,20.48,,,,,,,
2022/7/14,生猪,22300,,,,,,,,,,,,,93492,20.3,,,,,,,
2022/7/15,生猪,21160,,,,,,,,125.05,,1.06,1.12,,94373,20.5,89.88,23.31,,,,,
2022/7/16,生猪,,,,,,,,,,,,,,,20.28,,,,,,,
2022/7/17,生猪,,,,,,,,,,,,,,,20.63,,,,,,,
2022/7/18,生猪,21715,,,,,,,,,,,,,93721,20.86,,,,,,,
2022/7/19,生猪,21550,,,,,,,,,,,,,92779,20.59,,,,,,,
2022/7/20,生猪,21105,,,,,,,,,,,,,91683,20.35,,,,,,,
2022/7/21,生猪,20555,,,,,,,,,,,,,90817,20.08,,,,,,,
2022/7/22,生猪,20970,,,,,,,,124.98,,1.04,1.13,,90851,20.22,90.42,22.92,,,,,
2022/7/23,生猪,,,,,,,,,,,,,,,19.89,,,,,,,
2022/7/24,生猪,,,,,,,,,,,,,,,19.64,,,,,,,
2022/7/25,生猪,20200,,,,,,,,,,,,,89248,19.57,,,,,,,
2022/7/26,生猪,20270,,,,,,,,,,,,,88819,19.7,,,,,,,
2022/7/27,生猪,20685,,,,,,,,,,,,,88440,19.55,,,,,,,
2022/7/28,生猪,20925,,,,,,,,,,,,,88404,19.74,,,,,,,
2022/7/29,生猪,21000,,,,,,,,124.88,,1.04,1.23,,89153,19.82,90.73,22.45,,,,,
2022/7/30,生猪,,,,,,,,,,,,,,,19.68,,,,,,,
2022/7/31,生猪,,476.67,90.57,9.43,609,93.67,2916.46,658.08,,983,,,2119,,19.96,,,634.62,,,,
2022/8/1,生猪,20810,,,,,,,,,,,,,90348,20.04,,,,,,,
2022/8/2,生猪,20810,,,,,,,,,,,,,89871,19.81,,,,,,,
2022/8/3,生猪,20530,,,,,,,,,,,,,90466,19.98,,,,,,,
2022/8/4,生猪,20505,,,,,,,,,,,,,90497,19.93,,,,,,,
2022/8/5,生猪,20480,,,,,,,,124.83,,1.04,1.15,,90098,19.69,90.89,22.17,,,,,
2022/8/6,生猪,,,,,,,,,,,,,,,19.77,,,,,,,
2022/8/7,生猪,,,,,,,,,,,,,,,19.33,,,,,,,
2022/8/8,生猪,21800,,,,,,,,,,,,,91732,19.46,,,,,,,
2022/8/9,生猪,21950,,,,,,,,,,,,,91706,19.77,,,,,,,
2022/8/10,生猪,21745,,,,,,,,,,,,,94967,20.62,,,,,,,
2022/8/11,生猪,21730,,,,,,,,,,,,,97239,20.9,,,,,,,
2022/8/12,生猪,21790,,,,,,,,124.68,,1,1.18,,98537,21.07,91.4,22.01,,,,,
2022/8/13,生猪,,,,,,,,,,,,,,,20.76,,,,,,,
2022/8/14,生猪,,,,,,,,,,,,,,,20.85,,,,,,,
2022/8/15,生猪,22235,,,,,,,,,,,,,96094,20.75,,,,,,,
2022/8/16,生猪,22565,,,,,,,,,,,,,96799,21.05,,,,,,,
2022/8/17,生猪,22515,,,,,,,,,,,,,96280,21,,,,,,,
2022/8/18,生猪,22555,,,,,,,,,,,,,96104,20.86,,,,,,,
2022/8/19,生猪,22785,,,,,,,,124.48,,0.97,1.17,,95830,20.8,91.41,21.67,,,,,
2022/8/20,生猪,,,,,,,,,,,,,,,20.88,,,,,,,
2022/8/21,生猪,,,,,,,,,,,,,,,20.97,,,,,,,
2022/8/22,生猪,23305,,,,,,,,,,,,,99296,21.42,,,,,,,
2022/8/23,生猪,23360,,,,,,,,,,,,,100447,21.66,,,,,,,
2022/8/24,生猪,23265,,,,,,,,,,,,,99145,21.3,,,,,,,
2022/8/25,生猪,23710,,,,,,,,,,,,,98151,21.23,,,,,,,
2022/8/26,生猪,23810,,,,,,,,124.4,,0.98,1.17,,98996,21.32,91.51,21.47,,,,,
2022/8/27,生猪,,,,,,,,,,,,,,,22.2,,,,,,,
2022/8/28,生猪,,,,,,,,,,,,,,,22.87,,,,,,,
2022/8/29,生猪,23590,,,,,,,,,,,,,106140,23.57,,,,,,,
2022/8/30,生猪,23585,,,,,,,,,,,,,105902,23.39,,,,,,,
2022/8/31,生猪,23340,484.11,91.25,8.75,590,93.73,2988.05,716.19,,,,,,106101,23.41,,,,,,,
2022/9/1,生猪,23285,,,,,,,,,,,,,105903,23.33,,,,,,,
2022/9/2,生猪,23025,,,,,,,,124.42,,0.95,1.16,,105722,23.4,91.54,21.11,,,,,
2022/9/3,生猪,,,,,,,,,,,,,,,23.34,,,,,,,
2022/9/4,生猪,,,,,,,,,,,,,,,23.36,,,,,,,
2022/9/5,生猪,23380,,,,,,,,,,,,,109369,23.71,,,,,,,
2022/9/6,生猪,23030,,,,,,,,,,,,,112212,23.74,,,,,,,
2022/9/7,生猪,23350,,,,,,,,,,,,,114142,24.19,,,,,,,
2022/9/8,生猪,22940,,,,,,,,,,,,,115307,24.44,,,,,,,37700
2022/9/9,生猪,23090,,,,,,,,124.69,,0.94,1.28,,109175,24.03,91.96,20.92,,,,,
2022/9/10,生猪,,,,,,,,,,,,,,,23.79,,,,,,,
2022/9/11,生猪,,,,,,,,,,,,,,,23.27,,,,,,,
2022/9/12,生猪,,,,,,,,,,,,,,,22.06,,,,,,,
2022/9/13,生猪,23315,,,,,,,,,,,,,94685,21.3,,,,,,,
2022/9/14,生猪,23370,,,,,,,,,,,,,93667,21.09,,,,,,,
2022/9/15,生猪,23290,,,,,,,,,,,,,92760,20.8,,,,,,,
2022/9/16,生猪,23395,,,,,,,,124.78,,0.95,1.3,,92107,20.64,91.74,20.8,,,,,
2022/9/17,生猪,,,,,,,,,,,,,,,20.66,,,,,,,
2022/9/18,生猪,,,,,,,,,,,,,,,20.5,,,,,,,15000
2022/9/19,生猪,23400,,,,,,,,,,,,,92037,20.72,,,,,,,
2022/9/20,生猪,22745,,,,,,,,,,,,,91718,20.61,,,,,,,
2022/9/21,生猪,22625,,,,,,,,,,,,,92635,20.68,,,,,,,
2022/9/22,生猪,22165,,,,,,,,,,,,,92664,20.63,,,,,,,
2022/9/23,生猪,22305,,,,,,,,124.98,,0.86,1.41,,92375,20.63,91.89,20.54,,,,,14400
2022/9/24,生猪,,,,,,,,,,,,,,,20.53,,,,,,,
2022/9/25,生猪,,,,,,,,,,,,,,,20.45,,,,,,,
2022/9/26,生猪,21795,,,,,,,,,,,,,93030,20.56,,,,,,,
2022/9/27,生猪,22410,,,,,,,,,,,,,94109,20.64,,,,,,,
2022/9/28,生猪,22400,,,,,,,,,,,,,96877,21.36,,,,,,,
2022/9/29,生猪,22350,,,,,,,,,,,,,100358,22.17,,,,,,,
2022/9/30,生猪,,,,,,,,,125.18,,0.8,1.49,,,,92.39,20.06,,,,,
