date,close,统计局：成品糖：产量：中国（月）,成品糖：供应盈亏（月）,成品糖：销量（月）,成品糖：盈亏（月）,统计局：乳制品：产量：中国（月）,统计局：饮料类：产量：中国（月）,白糖：工业库存：中国（月）
"2015-09-30","","","-83.27","83.27","-17.9","","",""
"2015-10-31","","","20.25","2.08","55.69","","",""
"2015-11-30","","","22.31","9.67","47.65","","",""
"2015-12-31","","","54.69","82.62","103.27","","",""
"2016-01-04","5613","","","","","","",""
"2016-01-05","5599","","","","","","",""
"2016-01-06","5545","","","","","","",""
"2016-01-07","5530","","","","","","",""
"2016-01-08","5559","","","","","","",""
"2016-01-11","5470","","","","","","",""
"2016-01-12","5451","","","","","","",""
"2016-01-13","5465","","","","","","",""
"2016-01-14","5456","","","","","","",""
"2016-01-15","5421","","","","","","",""
"2016-01-18","5481","","","","","","",""
"2016-01-19","5519","","","","","","",""
"2016-01-20","5471","","","","","","",""
"2016-01-21","5441","","","","","","",""
"2016-01-22","5474","","","","","","",""
"2016-01-25","5435","","","","","","",""
"2016-01-26","5444","","","","","","",""
"2016-01-27","5462","","","","","","",""
"2016-01-28","5431","","","","","","",""
"2016-01-29","5387","","","","","","",""
"2016-01-31","","","128.66","100.81","156.55","","",""
"2016-02-01","5370","","","","","","",""
"2016-02-02","5384","","","","","","",""
"2016-02-03","5387","","","","","","",""
"2016-02-04","5411","","","","","","",""
"2016-02-05","5433","","","","","","",""
"2016-02-15","5399","","","","","","",""
"2016-02-16","5353","","","","","","",""
"2016-02-17","5311","","","","","","",""
"2016-02-18","5310","","","","","","",""
"2016-02-19","5354","","","","","","",""
"2016-02-22","5346","","","","","","",""
"2016-02-23","5385","","","","","","",""
"2016-02-24","5434","","","","","","",""
"2016-02-25","5411","","","","","","",""
"2016-02-26","5420","","","","","","",""
"2016-02-29","5338","","144.27","52.99","153.92","","",""
"2016-03-01","5348","","","","","","",""
"2016-03-02","5364","","","","","","",""
"2016-03-03","5347","","","","","","",""
"2016-03-04","5376","","","","","","",""
"2016-03-07","5340","","","","","","",""
"2016-03-08","5318","","","","","","",""
"2016-03-09","5370","","","","","","",""
"2016-03-10","5420","","","","","","",""
"2016-03-11","5475","","","","","","",""
"2016-03-14","5473","","","","","","",""
"2016-03-15","5477","","","","","","",""
"2016-03-16","5490","","","","","","",""
"2016-03-17","5538","","","","","","",""
"2016-03-18","5564","","","","","","",""
"2016-03-21","5592","","","","","","",""
"2016-03-22","5618","","","","","","",""
"2016-03-23","5588","","","","","","",""
"2016-03-24","5579","","","","","","",""
"2016-03-25","5605","","","","","","",""
"2016-03-28","5586","","","","","","",""
"2016-03-29","5557","","","","","","",""
"2016-03-30","5577","","","","","","",""
"2016-03-31","5575","","107.51","73.72","126.49","","",""
"2016-04-01","5610","","","","","","",""
"2016-04-05","5641","","","","","","",""
"2016-04-06","5607","","","","","","",""
"2016-04-07","5623","","","","","","",""
"2016-04-08","5571","","","","","","",""
"2016-04-11","5561","","","","","","",""
"2016-04-12","5561","","","","","","",""
"2016-04-13","5575","","","","","","",""
"2016-04-14","5621","","","","","","",""
"2016-04-15","5615","","","","","","",""
"2016-04-18","5691","","","","","","",""
"2016-04-19","5676","","","","","","",""
"2016-04-20","5695","","","","","","",""
"2016-04-21","5716","","","","","","",""
"2016-04-22","5573","","","","","","",""
"2016-04-25","5592","","","","","","",""
"2016-04-26","5622","","","","","","",""
"2016-04-27","5615","","","","","","",""
"2016-04-28","5527","","","","","","",""
"2016-04-29","5503","","","","","","",""
"2016-04-30","","","-25.87","81.26","-5.14","","",""
"2016-05-03","5567","","","","","","",""
"2016-05-04","5637","","","","","","",""
"2016-05-05","5644","","","","","","",""
"2016-05-06","5588","","","","","","",""
"2016-05-09","5561","","","","","","",""
"2016-05-10","5584","","","","","","",""
"2016-05-11","5576","","","","","","",""
"2016-05-12","5629","","","","","","",""
"2016-05-13","5583","","","","","","",""
"2016-05-16","5582","","","","","","",""
"2016-05-17","5569","","","","","","",""
"2016-05-18","5505","","","","","","",""
"2016-05-19","5493","","","","","","",""
"2016-05-20","5475","","","","","","",""
"2016-05-23","5530","","","","","","",""
"2016-05-24","5497","","","","","","",""
"2016-05-25","5471","","","","","","",""
"2016-05-26","5518","","","","","","",""
"2016-05-27","5519","","","","","","",""
"2016-05-30","5557","","","","","","",""
"2016-05-31","5573","","-47.39","62.37","-35.52","","",""
"2016-06-01","5515","","","","","","",""
"2016-06-02","5520","","","","","","",""
"2016-06-03","5676","","","","","","",""
"2016-06-06","5724","","","","","","",""
"2016-06-07","5659","","","","","","",""
"2016-06-08","5666","","","","","","",""
"2016-06-13","5759","","","","","","",""
"2016-06-14","5742","","","","","","",""
"2016-06-15","5709","","","","","","",""
"2016-06-16","5732","","","","","","",""
"2016-06-17","5781","","","","","","",""
"2016-06-20","5833","","","","","","",""
"2016-06-21","5811","","","","","","",""
"2016-06-22","5793","","","","","","",""
"2016-06-23","5766","","","","","","",""
"2016-06-24","5705","","","","","","",""
"2016-06-27","5781","","","","","","",""
"2016-06-28","5833","","","","","","",""
"2016-06-29","5841","","","","","","",""
"2016-06-30","6090","","-72.88","73.12","-36.98","","",""
"2016-07-01","5984","","","","","","",""
"2016-07-04","6074","","","","","","",""
"2016-07-05","5978","","","","","","",""
"2016-07-06","5971","","","","","","",""
"2016-07-07","5885","","","","","","",""
"2016-07-08","5784","","","","","","",""
"2016-07-11","5821","","","","","","",""
"2016-07-12","5924","","","","","","",""
"2016-07-13","5907","","","","","","",""
"2016-07-14","5878","","","","","","",""
"2016-07-15","5897","","","","","","",""
"2016-07-18","5850","","","","","","",""
"2016-07-19","5902","","","","","","",""
"2016-07-20","5860","","","","","","",""
"2016-07-21","5867","","","","","","",""
"2016-07-22","5815","","","","","","",""
"2016-07-25","5834","","","","","","",""
"2016-07-26","5841","","","","","","",""
"2016-07-27","6190","","","","","","",""
"2016-07-28","6124","","","","","","",""
"2016-07-29","6105","","","","","","",""
"2016-07-31","","","-61.75","61.75","-20.45","","",""
"2016-08-01","6157","","","","","","",""
"2016-08-02","6134","","","","","","",""
"2016-08-03","6136","","","","","","",""
"2016-08-04","6070","","","","","","",""
"2016-08-05","6103","","","","","","",""
"2016-08-08","6151","","","","","","",""
"2016-08-09","6152","","","","","","",""
"2016-08-10","6116","","","","","","",""
"2016-08-11","6064","","","","","","",""
"2016-08-12","6065","","","","","","",""
"2016-08-15","6106","","","","","","",""
"2016-08-16","6121","","","","","","",""
"2016-08-17","6162","","","","","","",""
"2016-08-18","6149","","","","","","",""
"2016-08-19","6238","","","","","","",""
"2016-08-22","6242","","","","","","",""
"2016-08-23","6292","","","","","","",""
"2016-08-24","6276","","","","","","",""
"2016-08-25","6230","","","","","","",""
"2016-08-26","6233","","","","","","",""
"2016-08-29","6242","","","","","","",""
"2016-08-30","6261","","","","","","",""
"2016-08-31","6230","","-126.49","126.49","-91.84","","",""
"2016-09-01","6204","","","","","","",""
"2016-09-02","6181","","","","","","",""
"2016-09-05","6252","","","","","","",""
"2016-09-06","6242","","","","","","",""
"2016-09-07","6251","","","","","","",""
"2016-09-08","6227","","","","","","",""
"2016-09-09","6231","","","","","","",""
"2016-09-12","6230","","","","","","",""
"2016-09-13","6320","","","","","","",""
"2016-09-14","6323","","","","","","",""
"2016-09-19","6437","","","","","","",""
"2016-09-20","6432","","","","","","",""
"2016-09-21","6412","","","","","","",""
"2016-09-22","6473","","","","","","",""
"2016-09-23","6499","","","","","","",""
"2016-09-26","6610","","","","","","",""
"2016-09-27","6673","","","","","","",""
"2016-09-28","6710","","","","","","",""
"2016-09-29","6698","","","","","","",""
"2016-09-30","6716","","-83.48","83.48","-34.23","","",""
"2016-10-10","6730","","","","","","",""
"2016-10-11","6658","","","","","","",""
"2016-10-12","6693","","","","","","",""
"2016-10-13","6735","","","","","","",""
"2016-10-14","6740","","","","","","",""
"2016-10-17","6786","","","","","","",""
"2016-10-18","6796","","","","","","",""
"2016-10-19","6725","","","","","","",""
"2016-10-20","6715","","","","","","",""
"2016-10-21","6714","","","","","","",""
"2016-10-24","6877","","","","","","",""
"2016-10-25","6900","","","","","","",""
"2016-10-26","6890","","","","","","",""
"2016-10-27","6858","","","","","","",""
"2016-10-28","6819","","","","","","",""
"2016-10-31","6760","","20.37","5.46","30.68","","",""
"2016-11-01","6747","","","","","","",""
"2016-11-02","6746","","","","","","",""
"2016-11-03","6825","","","","","","",""
"2016-11-04","6744","","","","","","",""
"2016-11-07","6774","","","","","","",""
"2016-11-08","6795","","","","","","",""
"2016-11-09","6775","","","","","","",""
"2016-11-10","6816","","","","","","",""
"2016-11-11","6823","","","","","","",""
"2016-11-14","6829","","","","","","",""
"2016-11-15","6852","","","","","","",""
"2016-11-16","6818","","","","","","",""
"2016-11-17","6779","","","","","","",""
"2016-11-18","6797","","","","","","",""
"2016-11-21","6841","","","","","","",""
"2016-11-22","6865","","","","","","",""
"2016-11-23","6799","","","","","","",""
"2016-11-24","6923","","","","","","",""
"2016-11-25","6952","","","","","","",""
"2016-11-28","7207","","","","","","",""
"2016-11-29","7270","","","","","","",""
"2016-11-30","7180","","16.51","22.55","29.88","","",""
"2016-12-01","7135","","","","","","",""
"2016-12-02","7118","","","","","","",""
"2016-12-05","7082","","","","","","",""
"2016-12-06","7070","","","","","","",""
"2016-12-07","7144","","","","","","",""
"2016-12-08","7122","","","","","","",""
"2016-12-09","7079","","","","","","",""
"2016-12-12","7105","","","","","","",""
"2016-12-13","7119","","","","","","",""
"2016-12-14","6925","","","","","","",""
"2016-12-15","6893","","","","","","",""
"2016-12-16","6926","","","","","","",""
"2016-12-19","6864","","","","","","",""
"2016-12-20","6748","","","","","","",""
"2016-12-21","6759","","","","","","",""
"2016-12-22","6766","","","","","","",""
"2016-12-23","6767","","","","","","",""
"2016-12-26","6687","","","","","","",""
"2016-12-27","6741","","","","","","",""
"2016-12-28","6727","","","","","","",""
"2016-12-29","6787","","","","","","",""
"2016-12-30","6826","","","","","","",""
"2016-12-31","","","76.07","88.7","97.26","","",""
"2017-01-03","6739","","","","","","",""
"2017-01-04","6808","","","","","","",""
"2017-01-05","6847","","","","","","",""
"2017-01-06","6791","","","","","","",""
"2017-01-09","6836","","","","","","",""
"2017-01-10","6811","","","","","","",""
"2017-01-11","6870","","","","","","",""
"2017-01-12","6856","","","","","","",""
"2017-01-13","6818","","","","","","",""
"2017-01-16","6837","","","","","","",""
"2017-01-17","6827","","","","","","",""
"2017-01-18","6869","","","","","","",""
"2017-01-19","6991","","","","","","",""
"2017-01-20","6880","","","","","","",""
"2017-01-23","6917","","","","","","",""
"2017-01-24","6954","","","","","","",""
"2017-01-25","6956","","","","","","",""
"2017-01-26","6933","","","","","","",""
"2017-01-31","","","147.185","77.115","187.47","","",""
"2017-02-03","6941","","","","","","",""
"2017-02-06","6963","","","","","","",""
"2017-02-07","6972","","","","","","",""
"2017-02-08","6947","","","","","","",""
"2017-02-09","6896","","","","","","",""
"2017-02-10","6909","","","","","","",""
"2017-02-13","6952","","","","","","",""
"2017-02-14","6915","","","","","","",""
"2017-02-15","6837","","","","","","",""
"2017-02-16","6837","","","","","","",""
"2017-02-17","6840","","","","","","",""
"2017-02-20","6837","","","","","","",""
"2017-02-21","6843","","","","","","",""
"2017-02-22","6861","","","","","","",""
"2017-02-23","6865","","","","","","",""
"2017-02-24","6791","","","","","","",""
"2017-02-27","6783","","","","","","",""
"2017-02-28","6755","","178.52","83.19","196.17","","",""
"2017-03-01","6836","","","","","","",""
"2017-03-02","6834","","","","","","",""
"2017-03-03","6916","","","","","","",""
"2017-03-06","6885","","","","","","",""
"2017-03-07","6806","","","","","","",""
"2017-03-08","6723","","","","","","",""
"2017-03-09","6771","","","","","","",""
"2017-03-10","6758","","","","","","",""
"2017-03-13","6769","","","","","","",""
"2017-03-14","6766","","","","","","",""
"2017-03-15","6809","","","","","","",""
"2017-03-16","6741","","","","","","",""
"2017-03-17","6749","","","","","","",""
"2017-03-20","6736","","","","","","",""
"2017-03-21","6672","","","","","","",""
"2017-03-22","6662","","","","","","",""
"2017-03-23","6653","","","","","","",""
"2017-03-24","6642","","","","","","",""
"2017-03-27","6641","","","","","","",""
"2017-03-28","6616","","","","","","",""
"2017-03-29","6609","","","","","","",""
"2017-03-30","6524","","","","","","",""
"2017-03-31","6500","","51","95.2","80.24","","",""
"2017-04-05","6602","","","","","","",""
"2017-04-06","6592","","","","","","",""
"2017-04-07","6596","","","","","","",""
"2017-04-10","6683","","","","","","",""
"2017-04-11","6704","","","","","","",""
"2017-04-12","6726","","","","","","",""
"2017-04-13","6734","","","","","","",""
"2017-04-14","6724","","","","","","",""
"2017-04-17","6787","","","","","","",""
"2017-04-18","6767","","","","","","",""
"2017-04-19","6801","","","","","","",""
"2017-04-20","6787","","","","","","",""
"2017-04-21","6763","","","","","","",""
"2017-04-24","6670","","","","","","",""
"2017-04-25","6641","","","","","","",""
"2017-04-26","6661","","","","","","",""
"2017-04-27","6609","","","","","","",""
"2017-04-28","6600","","","","","","",""
"2017-04-30","","","-28.41","81.72","-9.82","","",""
"2017-05-02","6691","","","","","","",""
"2017-05-03","6658","","","","","","",""
"2017-05-04","6733","","","","","","",""
"2017-05-05","6667","","","","","","",""
"2017-05-08","6636","","","","","","",""
"2017-05-09","6646","","","","","","",""
"2017-05-10","6627","","","","","","",""
"2017-05-11","6667","","","","","","",""
"2017-05-12","6653","","","","","","",""
"2017-05-15","6687","","","","","","",""
"2017-05-16","6692","","","","","","",""
"2017-05-17","6746","","","","","","",""
"2017-05-18","6717","","","","","","",""
"2017-05-19","6734","","","","","","",""
"2017-05-22","6680","","","","","","",""
"2017-05-23","6703","","","","","","",""
"2017-05-24","6662","","","","","","",""
"2017-05-25","6661","","","","","","",""
"2017-05-26","6645","","","","","","",""
"2017-05-31","6552","","-61.08","74.68","-42.84","","",""
"2017-06-01","6586","","","","","","",""
"2017-06-02","6585","","","","","","",""
"2017-06-05","6562","","","","","","",""
"2017-06-06","6574","","","","","","",""
"2017-06-07","6611","","","","","","",""
"2017-06-08","6626","","","","","","",""
"2017-06-09","6679","","","","","","",""
"2017-06-12","6647","","","","","","",""
"2017-06-13","6605","","","","","","",""
"2017-06-14","6611","","","","","","",""
"2017-06-15","6598","","","","","","",""
"2017-06-16","6574","","","","","","",""
"2017-06-19","6532","","","","","","",""
"2017-06-20","6537","","","","","","",""
"2017-06-21","6545","","","","","","",""
"2017-06-22","6470","","","","","","",""
"2017-06-23","6532","","","","","","",""
"2017-06-26","6537","","","","","","",""
"2017-06-27","6464","","","","","","",""
"2017-06-28","6387","","","","","","",""
"2017-06-29","6370","","","","","","",""
"2017-06-30","6378","","-74.49","74.53","-61.65","","",""
"2017-07-03","6372","","","","","","",""
"2017-07-04","6257","","","","","","",""
"2017-07-05","6174","","","","","","",""
"2017-07-06","6170","","","","","","",""
"2017-07-07","6137","","","","","","",""
"2017-07-10","6202","","","","","","",""
"2017-07-11","6202","","","","","","",""
"2017-07-12","6206","","","","","","",""
"2017-07-13","6218","","","","","","",""
"2017-07-14","6272","","","","","","",""
"2017-07-17","6211","","","","","","",""
"2017-07-18","6283","","","","","","",""
"2017-07-19","6255","","","","","","",""
"2017-07-20","6285","","","","","","",""
"2017-07-21","6286","","","","","","",""
"2017-07-24","6235","","","","","","",""
"2017-07-25","6227","","","","","","",""
"2017-07-26","6131","","","","","","",""
"2017-07-27","6119","","","","","","",""
"2017-07-28","6046","","","","","","",""
"2017-07-31","6030","","-62.03","62.03","-57.9","","",""
"2017-08-01","6128","","","","","","",""
"2017-08-02","6153","","","","","","",""
"2017-08-03","6157","","","","","","",""
"2017-08-04","6188","","","","","","",""
"2017-08-07","6249","","","","","","",""
"2017-08-08","6232","","","","","","",""
"2017-08-09","6209","","","","","","",""
"2017-08-10","6233","","","","","","",""
"2017-08-11","6238","","","","","","",""
"2017-08-14","6247","","","","","","",""
"2017-08-15","6300","","","","","","",""
"2017-08-16","6300","","","","","","",""
"2017-08-17","6319","","","","","","",""
"2017-08-18","6355","","","","","","",""
"2017-08-21","6355","","","","","","",""
"2017-08-22","6372","","","","","","",""
"2017-08-23","6315","","","","","","",""
"2017-08-24","6332","","","","","","",""
"2017-08-25","6427","","","","","","",""
"2017-08-28","6489","","","","","","",""
"2017-08-29","6467","","","","","","",""
"2017-08-30","6379","","","","","","",""
"2017-08-31","6396","","-122.3","122.3","-105.07","","",""
"2017-09-01","6413","","","","","","",""
"2017-09-04","6362","","","","","","",""
"2017-09-05","6363","","","","","","",""
"2017-09-06","6283","","","","","","",""
"2017-09-07","6221","","","","","","",""
"2017-09-08","6148","","","","","","",""
"2017-09-11","6152","","","","","","",""
"2017-09-12","6161","","","","","","",""
"2017-09-13","6140","","","","","","",""
"2017-09-14","6192","","","","","","",""
"2017-09-15","6184","","","","","","",""
"2017-09-18","6181","","","","","","",""
"2017-09-19","6143","","","","","","",""
"2017-09-20","6160","","","","","","",""
"2017-09-21","6135","","","","","","",""
"2017-09-22","6155","","","","","","",""
"2017-09-25","6148","","","","","","",""
"2017-09-26","6142","","","","","","",""
"2017-09-27","6121","","","","","","",""
"2017-09-28","6086","","","","","","",""
"2017-09-29","6117","","","","","","",""
"2017-09-30","","","-83.45","83.45","-69.01","","",""
"2017-10-09","6034","","","","","","",""
"2017-10-10","6126","","","","","","",""
"2017-10-11","6185","","","","","","",""
"2017-10-12","6221","","","","","","",""
"2017-10-13","6265","","","","","","",""
"2017-10-16","6271","","","","","","",""
"2017-10-17","6267","","","","","","",""
"2017-10-18","6269","","","","","","",""
"2017-10-19","6220","","","","","","",""
"2017-10-20","6197","","","","","","",""
"2017-10-23","6238","","","","","","",""
"2017-10-24","6252","","","","","","",""
"2017-10-25","6375","","","","","","",""
"2017-10-26","6387","","","","","","",""
"2017-10-27","6399","","","","","","",""
"2017-10-30","6375","","","","","","",""
"2017-10-31","6362","","20.34","6.55","36.07","","",""
"2017-11-01","6328","","","","","","",""
"2017-11-02","6365","","","","","","",""
"2017-11-03","6386","","","","","","",""
"2017-11-06","6418","","","","","","",""
"2017-11-07","6440","","","","","","",""
"2017-11-08","6449","","","","","","",""
"2017-11-09","6507","","","","","","",""
"2017-11-10","6435","","","","","","",""
"2017-11-13","6492","","","","","","",""
"2017-11-14","6494","","","","","","",""
"2017-11-15","6479","","","","","","",""
"2017-11-16","6414","","","","","","",""
"2017-11-17","6363","","","","","","",""
"2017-11-20","6397","","","","","","",""
"2017-11-21","6387","","","","","","",""
"2017-11-22","6355","","","","","","",""
"2017-11-23","6388","","","","","","",""
"2017-11-24","6409","","","","","","",""
"2017-11-27","6487","","","","","","",""
"2017-11-28","6504","","","","","","",""
"2017-11-29","6470","","","","","","",""
"2017-11-30","6386","","16.57","23.67","29.91","","",""
"2017-12-01","6413","","","","","","",""
"2017-12-04","6430","","","","","","",""
"2017-12-05","6189","","","","","","",""
"2017-12-06","6164","","","","","","",""
"2017-12-07","6171","","","","","","",""
"2017-12-08","6179","","","","","","",""
"2017-12-11","6099","","","","","","",""
"2017-12-12","6095","","","","","","",""
"2017-12-13","6030","","","","","","",""
"2017-12-14","5959","","","","","","",""
"2017-12-15","5961","","","","","","",""
"2017-12-18","5994","","","","","","",""
"2017-12-19","5968","","","","","","",""
"2017-12-20","5970","","","","","","",""
"2017-12-21","5977","","","","","","",""
"2017-12-22","5961","","","","","","",""
"2017-12-25","5980","","","","","","",""
"2017-12-26","5967","","","","","","",""
"2017-12-27","5924","","","","","","",""
"2017-12-28","5938","","","","","","",""
"2017-12-29","5937","","","","","","",""
"2017-12-31","","","91.62","73.61","103.13","","",""
"2018-01-02","5897","","","","","","",""
"2018-01-03","5905","","","","","","",""
"2018-01-04","5858","","","","","","",""
"2018-01-05","5867","","","","","","",""
"2018-01-08","5874","","","","","","",""
"2018-01-09","5864","","","","","","",""
"2018-01-10","5877","","","","","","",""
"2018-01-11","5872","","","","","","",""
"2018-01-12","5862","","","","","","",""
"2018-01-15","5815","","","","","","",""
"2018-01-16","5815","","","","","","",""
"2018-01-17","5785","","","","","","",""
"2018-01-18","5768","","","","","","",""
"2018-01-19","5759","","","","","","",""
"2018-01-22","5769","","","","","","",""
"2018-01-23","5757","","","","","","",""
"2018-01-24","5792","","","","","","",""
"2018-01-25","5796","","","","","","",""
"2018-01-26","5787","","","","","","",""
"2018-01-29","5764","","","","","","",""
"2018-01-30","5757","","","","","","",""
"2018-01-31","5807","","144.27","136.03","145.59","","",""
"2018-02-01","5784","","","","","","",""
"2018-02-02","5778","","","","","","",""
"2018-02-05","5784","","","","","","",""
"2018-02-06","5782","","","","","","",""
"2018-02-07","5760","","","","","","",""
"2018-02-08","5788","","","","","","",""
"2018-02-09","5738","","","","","","",""
"2018-02-12","5798","","","","","","",""
"2018-02-13","5788","","","","","","",""
"2018-02-14","5759","","","","","","",""
"2018-02-22","5749","","","","","","",""
"2018-02-23","5802","","","","","","",""
"2018-02-26","5808","","","","","","",""
"2018-02-27","5786","","","","","","",""
"2018-02-28","5772","","163.36","60.67","164.42","","",""
"2018-03-01","5767","","","","","","",""
"2018-03-02","5759","","","","","","",""
"2018-03-05","5722","","","","","","",""
"2018-03-06","5669","","","","","","",""
"2018-03-07","5669","","","","","","",""
"2018-03-08","5656","","","","","","",""
"2018-03-09","5622","","","","","","",""
"2018-03-12","5665","","","","","","",""
"2018-03-13","5680","","","","","","",""
"2018-03-14","5689","","","","","","",""
"2018-03-15","5708","","","","","","",""
"2018-03-16","5685","","","","","","",""
"2018-03-19","5721","","","","","","",""
"2018-03-20","5704","","","","","","",""
"2018-03-21","5664","","","","","","",""
"2018-03-22","5678","","","","","","",""
"2018-03-23","5666","","","","","","",""
"2018-03-26","5662","","","","","","",""
"2018-03-27","5657","","","","","","",""
"2018-03-28","5640","","","","","","",""
"2018-03-29","5597","","","","","","",""
"2018-03-30","5659","","","","","","",""
"2018-03-31","","","123.55","93.3","160.08","","",""
"2018-04-02","5654","","","","","","",""
"2018-04-03","5538","","","","","","",""
"2018-04-04","5550","","","","","","",""
"2018-04-09","5551","","","","","","",""
"2018-04-10","5577","","","","","","",""
"2018-04-11","5566","","","","","","",""
"2018-04-12","5520","","","","","","",""
"2018-04-13","5527","","","","","","",""
"2018-04-16","5476","","","","","","",""
"2018-04-17","5431","","","","","","",""
"2018-04-18","5432","","","","","","",""
"2018-04-19","5475","","","","","","",""
"2018-04-20","5500","","","","","","",""
"2018-04-23","5479","","","","","","",""
"2018-04-24","5448","","","","","","",""
"2018-04-25","5499","","","","","","",""
"2018-04-26","5492","","","","","","",""
"2018-04-27","5437","","","","","","",""
"2018-04-30","","","-12.18","79.78","33.7","","",""
"2018-05-02","5403","","","","","","",""
"2018-05-03","5408","","","","","","",""
"2018-05-04","5410","","","","","","",""
"2018-05-07","5424","","","","","","",""
"2018-05-08","5417","","","","","","",""
"2018-05-09","5415","","","","","","",""
"2018-05-10","5412","","","","","","",""
"2018-05-11","5435","","","","","","",""
"2018-05-14","5485","","","","","","",""
"2018-05-15","5476","","","","","","",""
"2018-05-16","5493","","","","","","",""
"2018-05-17","5511","","","","","","",""
"2018-05-18","5498","","","","","","",""
"2018-05-21","5523","","","","","","",""
"2018-05-22","5519","","","","","","",""
"2018-05-23","5512","","","","","","",""
"2018-05-24","5538","","","","","","",""
"2018-05-25","5524","","","","","","",""
"2018-05-28","5451","","","","","","",""
"2018-05-29","5458","","","","","","",""
"2018-05-30","5463","","","","","","",""
"2018-05-31","5455","","-91.61","101.1","-73.54","","",""
"2018-06-01","5482","","","","","","",""
"2018-06-04","5498","","","","","","",""
"2018-06-05","5453","","","","","","",""
"2018-06-06","5404","","","","","","",""
"2018-06-07","5410","","","","","","",""
"2018-06-08","5248","","","","","","",""
"2018-06-11","5277","","","","","","",""
"2018-06-12","5282","","","","","","",""
"2018-06-13","5224","","","","","","",""
"2018-06-14","5223","","","","","","",""
"2018-06-15","5220","","","","","","",""
"2018-06-19","5106","","","","","","",""
"2018-06-20","5127","","","","","","",""
"2018-06-21","5131","","","","","","",""
"2018-06-22","5144","","","","","","",""
"2018-06-25","5154","","","","","","",""
"2018-06-26","5160","","","","","","",""
"2018-06-27","5166","","","","","","",""
"2018-06-28","5115","","","","","","",""
"2018-06-29","5122","","","","","","",""
"2018-06-30","","","-75.6","75.98","-49.13","","",""
"2018-07-02","5069","","","","","","",""
"2018-07-03","5049","","","","","","",""
"2018-07-04","5019","","","","","","",""
"2018-07-05","4949","","","","","","",""
"2018-07-06","4952","","","","","","",""
"2018-07-09","4905","","","","","","",""
"2018-07-10","4862","","","","","","",""
"2018-07-11","4793","","","","","","",""
"2018-07-12","4799","","","","","","",""
"2018-07-13","4849","","","","","","",""
"2018-07-16","4841","","","","","","",""
"2018-07-17","4928","","","","","","",""
"2018-07-18","4944","","","","","","",""
"2018-07-19","4930","","","","","","",""
"2018-07-20","4845","","","","","","",""
"2018-07-23","4833","","","","","","",""
"2018-07-24","4842","","","","","","",""
"2018-07-25","4879","","","","","","",""
"2018-07-26","4882","","","","","","",""
"2018-07-27","4913","","","","","","",""
"2018-07-30","4989","","","","","","",""
"2018-07-31","5120","15.8","-110.29","110.32","-86.98","","",""
"2018-08-01","5043","","","","","","",""
"2018-08-02","5019","","","","","","",""
"2018-08-03","5100","","","","","","",""
"2018-08-06","5164","","","","","","",""
"2018-08-07","5138","","","","","","",""
"2018-08-08","5160","","","","","","",""
"2018-08-09","5147","","","","","","",""
"2018-08-10","5130","","","","","","",""
"2018-08-13","5153","","","","","","",""
"2018-08-14","5061","","","","","","",""
"2018-08-15","4959","","","","","","",""
"2018-08-16","4972","","","","","","",""
"2018-08-17","4916","","","","","","",""
"2018-08-20","4990","","","","","","",""
"2018-08-21","4997","","","","","","",""
"2018-08-22","5003","","","","","","",""
"2018-08-23","5002","","","","","","",""
"2018-08-24","5090","","","","","","",""
"2018-08-27","5101","","","","","","",""
"2018-08-28","5056","","","","","","",""
"2018-08-29","4990","","","","","","",""
"2018-08-30","4998","","","","","","",""
"2018-08-31","5003","6.3","-128.6","128.6","-115.39","","",""
"2018-09-03","4954","","","","","","",""
"2018-09-04","4960","","","","","","",""
"2018-09-05","4962","","","","","","",""
"2018-09-06","4975","","","","","","",""
"2018-09-07","4927","","","","","","",""
"2018-09-10","4865","","","","","","",""
"2018-09-11","4912","","","","","","",""
"2018-09-12","4919","","","","","","",""
"2018-09-13","4979","","","","","","",""
"2018-09-14","4979","","","","","","",""
"2018-09-17","4975","","","","","","",""
"2018-09-18","4929","","","","","","",""
"2018-09-19","4919","","","","","","",""
"2018-09-20","4935","","","","","","",""
"2018-09-21","4930","","","","","","",""
"2018-09-25","4969","","","","","","",""
"2018-09-26","5039","","","","","","",""
"2018-09-27","4996","","","","","","",""
"2018-09-28","5001","","","","","","",""
"2018-09-30","","14.6","-96.35","96.35","-79.17","","",""
"2018-10-08","5137","","","","","","",""
"2018-10-09","5183","","","","","","",""
"2018-10-10","5134","","","","","","",""
"2018-10-11","5068","","","","","","",""
"2018-10-12","5117","","","","","","",""
"2018-10-15","5116","","","","","","",""
"2018-10-16","5131","","","","","","",""
"2018-10-17","5151","","","","","","",""
"2018-10-18","5168","","","","","","",""
"2018-10-19","5206","","","","","","",""
"2018-10-22","5193","","","","","","",""
"2018-10-23","5166","","","","","","",""
"2018-10-24","5121","","","","","","",""
"2018-10-25","5176","","","","","","",""
"2018-10-26","5122","","","","","","",""
"2018-10-29","5072","","","","","","",""
"2018-10-30","5085","","","","","","",""
"2018-10-31","5093","37.3","18.93","11.18","50.47","","",""
"2018-11-01","5046","","","","","","",""
"2018-11-02","5017","","","","","","",""
"2018-11-05","5072","","","","","","",""
"2018-11-06","5059","","","","","","",""
"2018-11-07","5043","","","","","","",""
"2018-11-08","5098","","","","","","",""
"2018-11-09","5084","","","","","","",""
"2018-11-12","5045","","","","","","",""
"2018-11-13","4997","","","","","","",""
"2018-11-14","5001","","","","","","",""
"2018-11-15","5006","","","","","","",""
"2018-11-16","5017","","","","","","",""
"2018-11-19","4944","","","","","","",""
"2018-11-20","4914","","","","","","",""
"2018-11-21","4959","","","","","","",""
"2018-11-22","4938","","","","","","",""
"2018-11-23","4933","","","","","","",""
"2018-11-26","4928","","","","","","",""
"2018-11-27","4962","","","","","","",""
"2018-11-28","4964","","","","","","",""
"2018-11-29","4939","","","","","","",""
"2018-11-30","4927","136.5","21.63","20.94","53.43","","",""
"2018-12-03","4948","","","","","","",""
"2018-12-04","4881","","","","","","",""
"2018-12-05","4884","","","","","","",""
"2018-12-06","4906","","","","","","",""
"2018-12-07","4958","","","","","","",""
"2018-12-10","4947","","","","","","",""
"2018-12-11","4907","","","","","","",""
"2018-12-12","4918","","","","","","",""
"2018-12-13","4926","","","","","","",""
"2018-12-14","4967","","","","","","",""
"2018-12-17","5020","","","","","","",""
"2018-12-18","5013","","","","","","",""
"2018-12-19","4979","","","","","","",""
"2018-12-20","4974","","","","","","",""
"2018-12-21","4885","","","","","","",""
"2018-12-24","4834","","","","","","",""
"2018-12-25","4806","","","","","","",""
"2018-12-26","4822","","","","","","",""
"2018-12-27","4733","","","","","","",""
"2018-12-28","4700","","","","","","",""
"2018-12-31","","361.7","68.71","98.69","83.75","","",""
"2019-01-02","4688","","","","","","",""
"2019-01-03","4670","","","","","","",""
"2019-01-04","4713","","","","","","",""
"2019-01-07","4740","","","","","","",""
"2019-01-08","4779","","","","","","",""
"2019-01-09","4782","","","","","","",""
"2019-01-10","4754","","","","","","",""
"2019-01-11","4769","","","","","","",""
"2019-01-14","4766","","","","","","",""
"2019-01-15","4792","","","","","","",""
"2019-01-16","4918","","","","","","",""
"2019-01-17","4892","","","","","","",""
"2019-01-18","4961","","","","","","",""
"2019-01-21","5107","","","","","","",""
"2019-01-22","5024","","","","","","",""
"2019-01-23","5047","","","","","","",""
"2019-01-24","5030","","","","","","",""
"2019-01-25","5033","","","","","","",""
"2019-01-28","5005","","","","","","",""
"2019-01-29","5040","","","","","","",""
"2019-01-30","5021","","","","","","",""
"2019-01-31","5043","","141.77","121.46","153.22","","",""
"2019-02-01","5052","","","","","","",""
"2019-02-11","5178","","","","","","",""
"2019-02-12","5185","","","","","","",""
"2019-02-13","5120","","","","","","",""
"2019-02-14","5020","","","","","","",""
"2019-02-15","4977","","","","","","",""
"2019-02-18","5067","","","","","","",""
"2019-02-19","5078","","","","","","",""
"2019-02-20","5111","","","","","","",""
"2019-02-21","5139","","","","","","",""
"2019-02-22","5203","","","","","","",""
"2019-02-25","5174","","","","","","",""
"2019-02-26","5214","","","","","","",""
"2019-02-27","5159","","","","","","",""
"2019-02-28","5162","","148.7","85.71","148.73","","",""
"2019-03-01","5191","","","","","","",""
"2019-03-04","5130","","","","","","",""
"2019-03-05","5129","","","","","","",""
"2019-03-06","5107","","","","","","",""
"2019-03-07","5084","","","","","","",""
"2019-03-08","5074","","","","","","",""
"2019-03-11","5120","","","","","","",""
"2019-03-12","5074","","","","","","",""
"2019-03-13","5103","","","","","","",""
"2019-03-14","5122","","","","","","",""
"2019-03-15","5114","","","","","","",""
"2019-03-18","5158","","","","","","",""
"2019-03-19","5157","","","","","","",""
"2019-03-20","5130","","","","","","",""
"2019-03-21","5117","","","","","","",""
"2019-03-22","5072","","","","","","",""
"2019-03-25","5041","","","","","","",""
"2019-03-26","5056","","","","","","",""
"2019-03-27","5044","","","","","","",""
"2019-03-28","5035","","","","","","",""
"2019-03-29","5047","","","","","","",""
"2019-03-31","","352.6","100.96","151.02","105.41","213.5","1449.5",""
"2019-04-01","5059","","","","","","",""
"2019-04-02","5080","","","","","","",""
"2019-04-03","5083","","","","","","",""
"2019-04-04","5071","","","","","","",""
"2019-04-08","5107","","","","","","",""
"2019-04-09","5078","","","","","","",""
"2019-04-10","5212","","","","","","",""
"2019-04-11","5220","","","","","","",""
"2019-04-12","5258","","","","","","",""
"2019-04-15","5420","","","","","","",""
"2019-04-16","5378","","","","","","",""
"2019-04-17","5364","","","","","","",""
"2019-04-18","5285","","","","","","",""
"2019-04-19","5340","","","","","","",""
"2019-04-22","5360","","","","","","",""
"2019-04-23","5343","","","","","","",""
"2019-04-24","5339","","","","","","",""
"2019-04-25","5284","","","","","","",""
"2019-04-26","5214","","","","","","",""
"2019-04-29","5211","","","","","","",""
"2019-04-30","5122","77","-9.49","87.94","23.18","204.9","1314.4",""
"2019-05-06","5092","","","","","","",""
"2019-05-07","5138","","","","","","",""
"2019-05-08","5115","","","","","","",""
"2019-05-09","5134","","","","","","",""
"2019-05-10","5168","","","","","","",""
"2019-05-13","5170","","","","","","",""
"2019-05-14","5088","","","","","","",""
"2019-05-15","5118","","","","","","",""
"2019-05-16","5163","","","","","","",""
"2019-05-17","5109","","","","","","",""
"2019-05-20","5079","","","","","","",""
"2019-05-21","5150","","","","","","",""
"2019-05-22","4938","","","","","","",""
"2019-05-23","4931","","","","","","",""
"2019-05-24","4963","","","","","","",""
"2019-05-27","4949","","","","","","",""
"2019-05-28","4950","","","","","","",""
"2019-05-29","4974","","","","","","",""
"2019-05-30","4946","","","","","","",""
"2019-05-31","4943","17.1","-81.68","89.83","-45.21","219.8","1454.7",""
"2019-06-03","4960","","","","","","",""
"2019-06-04","5025","","","","","","",""
"2019-06-05","5029","","","","","","",""
"2019-06-06","4979","","","","","","",""
"2019-06-10","5030","","","","","","",""
"2019-06-11","5037","","","","","","",""
"2019-06-12","5061","","","","","","",""
"2019-06-13","5156","","","","","","",""
"2019-06-14","5137","","","","","","",""
"2019-06-17","5095","","","","","","",""
"2019-06-18","5095","","","","","","",""
"2019-06-19","5121","","","","","","",""
"2019-06-20","5128","","","","","","",""
"2019-06-21","5057","","","","","","",""
"2019-06-24","5011","","","","","","",""
"2019-06-25","5020","","","","","","",""
"2019-06-26","4997","","","","","","",""
"2019-06-27","4975","","","","","","",""
"2019-06-28","5010","","","","","","",""
"2019-06-30","","15.8","-94.52","94.52","-81.74","234.3","1719.9",""
"2019-07-01","5030","","","","","","",""
"2019-07-02","5066","","","","","","",""
"2019-07-03","5055","","","","","","",""
"2019-07-04","5111","","","","","","",""
"2019-07-05","5295","","","","","","",""
"2019-07-08","5239","","","","","","",""
"2019-07-09","5133","","","","","","",""
"2019-07-10","5185","","","","","","",""
"2019-07-11","5205","","","","","","",""
"2019-07-12","5187","","","","","","",""
"2019-07-15","5237","","","","","","",""
"2019-07-16","5208","","","","","","",""
"2019-07-17","5189","","","","","","",""
"2019-07-18","5189","","","","","","",""
"2019-07-19","5145","","","","","","",""
"2019-07-22","5150","","","","","","",""
"2019-07-23","5202","","","","","","",""
"2019-07-24","5299","","","","","","",""
"2019-07-25","5266","","","","","","",""
"2019-07-26","5291","","","","","","",""
"2019-07-29","5364","","","","","","",""
"2019-07-30","5290","","","","","","",""
"2019-07-31","5322","13.8","-95.3","95.3","-52.42","231.5","1717.2",""
"2019-08-01","5349","","","","","","",""
"2019-08-02","5338","","","","","","",""
"2019-08-05","5395","","","","","","",""
"2019-08-06","5349","","","","","","",""
"2019-08-07","5402","","","","","","",""
"2019-08-08","5386","","","","","","",""
"2019-08-09","5494","","","","","","",""
"2019-08-12","5564","","","","","","",""
"2019-08-13","5585","","","","","","",""
"2019-08-14","5536","","","","","","",""
"2019-08-15","5490","","","","","","",""
"2019-08-16","5439","","","","","","",""
"2019-08-19","5460","","","","","","",""
"2019-08-20","5463","","","","","","",""
"2019-08-21","5436","","","","","","",""
"2019-08-22","5521","","","","","","",""
"2019-08-23","5502","","","","","","",""
"2019-08-26","5457","","","","","","",""
"2019-08-27","5353","","","","","","",""
"2019-08-28","5387","","","","","","",""
"2019-08-29","5363","","","","","","",""
"2019-08-30","5368","","","","","","",""
"2019-08-31","","13.2","-103.67","103.67","-57.94","234.7","1717.9",""
"2019-09-02","5376","","","","","","",""
"2019-09-03","5446","","","","","","",""
"2019-09-04","5473","","","","","","",""
"2019-09-05","5483","","","","","","",""
"2019-09-06","5486","","","","","","",""
"2019-09-09","5549","","","","","","",""
"2019-09-10","5477","","","","","","",""
"2019-09-11","5524","","","","","","",""
"2019-09-12","5490","","","","","","",""
"2019-09-16","5548","","","","","","",""
"2019-09-17","5479","","","","","","",""
"2019-09-18","5424","","","","","","",""
"2019-09-19","5437","","","","","","",""
"2019-09-20","5411","","","","","","",""
"2019-09-23","5404","","","","","","",""
"2019-09-24","5410","","","","","","",""
"2019-09-25","5471","","","","","","",""
"2019-09-26","5524","","","","","","",""
"2019-09-27","5532","","","","","","",""
"2019-09-30","5507","17","-80.37","80.37","-40.4","231.2","1618.7",""
"2019-10-08","5561","","","","","","",""
"2019-10-09","5575","","","","","","",""
"2019-10-10","5593","","","","","","",""
"2019-10-11","5529","","","","","","",""
"2019-10-14","5539","","","","","","",""
"2019-10-15","5549","","","","","","",""
"2019-10-16","5496","","","","","","",""
"2019-10-17","5517","","","","","","",""
"2019-10-18","5535","","","","","","",""
"2019-10-21","5598","","","","","","",""
"2019-10-22","5507","","","","","","",""
"2019-10-23","5502","","","","","","",""
"2019-10-24","5508","","","","","","",""
"2019-10-25","5523","","","","","","",""
"2019-10-28","5539","","","","","","",""
"2019-10-29","5625","","","","","","",""
"2019-10-30","5604","","","","","","",""
"2019-10-31","5718","41.6","26.3","13.6","69.48","227.4","1161.6",""
"2019-11-01","5706","","","","","","",""
"2019-11-04","5723","","","","","","",""
"2019-11-05","5754","","","","","","",""
"2019-11-06","5754","","","","","","",""
"2019-11-07","5587","","","","","","",""
"2019-11-08","5593","","","","","","",""
"2019-11-11","5585","","","","","","",""
"2019-11-12","5614","","","","","","",""
"2019-11-13","5612","","","","","","",""
"2019-11-14","5633","","","","","","",""
"2019-11-15","5594","","","","","","",""
"2019-11-18","5589","","","","","","",""
"2019-11-19","5615","","","","","","",""
"2019-11-20","5651","","","","","","",""
"2019-11-21","5577","","","","","","",""
"2019-11-22","5576","","","","","","",""
"2019-11-25","5582","","","","","","",""
"2019-11-26","5584","","","","","","",""
"2019-11-27","5530","","","","","","",""
"2019-11-28","5563","","","","","","",""
"2019-11-29","5553","","","","","","",""
"2019-11-30","","100","44.16","43.22","75.16","228.1","1127.9",""
"2019-12-02","5551","","","","","","",""
"2019-12-03","5564","","","","","","",""
"2019-12-04","5540","","","","","","",""
"2019-12-05","5563","","","","","","",""
"2019-12-06","5526","","","","","","",""
"2019-12-09","5471","","","","","","",""
"2019-12-10","5465","","","","","","",""
"2019-12-11","5485","","","","","","",""
"2019-12-12","5474","","","","","","",""
"2019-12-13","5471","","","","","","",""
"2019-12-16","5408","","","","","","",""
"2019-12-17","5409","","","","","","",""
"2019-12-18","5418","","","","","","",""
"2019-12-19","5414","","","","","","",""
"2019-12-20","5464","","","","","","",""
"2019-12-23","5417","","","","","","",""
"2019-12-24","5429","","","","","","",""
"2019-12-25","5442","","","","","","",""
"2019-12-26","5434","","","","","","",""
"2019-12-27","5498","","","","","","",""
"2019-12-30","5600","","","","","","",""
"2019-12-31","5581","281.7","111.48","140.96","130.31","258.9","1403.5",""
"2020-01-02","5576","","","","","","",""
"2020-01-03","5572","","","","","","",""
"2020-01-06","5569","","","","","","",""
"2020-01-07","5720","","","","","","",""
"2020-01-08","5725","","","","","","",""
"2020-01-09","5709","","","","","","",""
"2020-01-10","5789","","","","","","",""
"2020-01-13","5840","","","","","","",""
"2020-01-14","5862","","","","","","",""
"2020-01-15","5839","","","","","","",""
"2020-01-16","5860","","","","","","",""
"2020-01-17","5847","","","","","","",""
"2020-01-20","5724","","","","","","",""
"2020-01-21","5679","","","","","","",""
"2020-01-22","5670","","","","","","",""
"2020-01-23","5622","","","","","","",""
"2020-01-31","","","139.48","122.27","155.48","","",""
"2020-02-03","5481","","","","","","",""
"2020-02-04","5680","","","","","","",""
"2020-02-05","5662","","","","","","",""
"2020-02-06","5765","","","","","","",""
"2020-02-07","5773","","","","","","",""
"2020-02-10","5751","","","","","","",""
"2020-02-11","5729","","","","","","",""
"2020-02-12","5771","","","","","","",""
"2020-02-13","5757","","","","","","",""
"2020-02-14","5669","","","","","","",""
"2020-02-17","5789","","","","","","",""
"2020-02-18","5748","","","","","","",""
"2020-02-19","5751","","","","","","",""
"2020-02-20","5776","","","","","","",""
"2020-02-21","5774","","","","","","",""
"2020-02-24","5822","","","","","","",""
"2020-02-25","5806","","","","","","",""
"2020-02-26","5734","","","","","","",""
"2020-02-27","5735","","","","","","",""
"2020-02-28","5664","","","","","","",""
"2020-02-29","","","160.26","81.64","176.26","","",""
"2020-03-02","5750","","","","","","",""
"2020-03-03","5691","","","","","","",""
"2020-03-04","5679","","","","","","",""
"2020-03-05","5728","","","","","","",""
"2020-03-06","5721","","","","","","",""
"2020-03-09","5574","","","","","","",""
"2020-03-10","5657","","","","","","",""
"2020-03-11","5632","","","","","","",""
"2020-03-12","5548","","","","","","",""
"2020-03-13","5553","","","","","","",""
"2020-03-16","5516","","","","","","",""
"2020-03-17","5514","","","","","","",""
"2020-03-18","5468","","","","","","",""
"2020-03-19","5487","","","","","","",""
"2020-03-20","5496","","","","","","",""
"2020-03-23","5511","","","","","","",""
"2020-03-24","5539","","","","","","",""
"2020-03-25","5512","","","","","","",""
"2020-03-26","5491","","","","","","",""
"2020-03-27","5453","","","","","","",""
"2020-03-30","5502","","","","","","",""
"2020-03-31","5503","164","23.41","75.23","31.41","195.1","1384.2",""
"2020-04-01","5353","","","","","","",""
"2020-04-02","5339","","","","","","",""
"2020-04-03","5290","","","","","","",""
"2020-04-07","5344","","","","","","",""
"2020-04-08","5376","","","","","","",""
"2020-04-09","5358","","","","","","",""
"2020-04-10","5347","","","","","","",""
"2020-04-13","5329","","","","","","",""
"2020-04-14","5291","","","","","","",""
"2020-04-15","5281","","","","","","",""
"2020-04-16","5273","","","","","","",""
"2020-04-17","5276","","","","","","",""
"2020-04-20","5265","","","","","","",""
"2020-04-21","5159","","","","","","",""
"2020-04-22","5134","","","","","","",""
"2020-04-23","5163","","","","","","",""
"2020-04-24","5092","","","","","","",""
"2020-04-27","4931","","","","","","",""
"2020-04-28","4833","","","","","","",""
"2020-04-29","4932","","","","","","",""
"2020-04-30","5015","60.6","-36.02","75.82","-24.02","221.4","1402.1",""
"2020-05-06","5027","","","","","","",""
"2020-05-07","5123","","","","","","",""
"2020-05-08","5115","","","","","","",""
"2020-05-11","5124","","","","","","",""
"2020-05-12","5045","","","","","","",""
"2020-05-13","5026","","","","","","",""
"2020-05-14","4924","","","","","","",""
"2020-05-15","4921","","","","","","",""
"2020-05-18","4918","","","","","","",""
"2020-05-19","4991","","","","","","",""
"2020-05-20","5006","","","","","","",""
"2020-05-21","5085","","","","","","",""
"2020-05-22","4976","","","","","","",""
"2020-05-25","5037","","","","","","",""
"2020-05-26","5041","","","","","","",""
"2020-05-27","5009","","","","","","",""
"2020-05-28","5036","","","","","","",""
"2020-05-29","4937","","","","","","",""
"2020-05-31","","37.4","-58.58","78.32","-28.58","250.1","1565.3","409.63"
"2020-06-01","4968","","","","","","",""
"2020-06-02","4944","","","","","","",""
"2020-06-03","5072","","","","","","",""
"2020-06-04","5051","","","","","","",""
"2020-06-05","5090","","","","","","",""
"2020-06-08","5166","","","","","","",""
"2020-06-09","5139","","","","","","",""
"2020-06-10","5088","","","","","","",""
"2020-06-11","5042","","","","","","",""
"2020-06-12","5076","","","","","","",""
"2020-06-15","5028","","","","","","",""
"2020-06-16","5096","","","","","","",""
"2020-06-17","5087","","","","","","",""
"2020-06-18","5100","","","","","","",""
"2020-06-19","5084","","","","","","",""
"2020-06-22","5104","","","","","","",""
"2020-06-23","5125","","","","","","",""
"2020-06-24","5104","","","","","","",""
"2020-06-29","4982","","","","","","",""
"2020-06-30","5011","32.1","-77.27","78.55","-36.27","253.9","1803.7","331.9"
"2020-07-01","5019","","","","","","",""
"2020-07-02","5048","","","","","","",""
"2020-07-03","5118","","","","","","",""
"2020-07-06","5146","","","","","","",""
"2020-07-07","5142","","","","","","",""
"2020-07-08","5252","","","","","","",""
"2020-07-09","5244","","","","","","",""
"2020-07-10","5211","","","","","","",""
"2020-07-13","5199","","","","","","",""
"2020-07-14","5237","","","","","","",""
"2020-07-15","5213","","","","","","",""
"2020-07-16","5188","","","","","","",""
"2020-07-17","5115","","","","","","",""
"2020-07-20","5153","","","","","","",""
"2020-07-21","5173","","","","","","",""
"2020-07-22","5126","","","","","","",""
"2020-07-23","5114","","","","","","",""
"2020-07-24","5075","","","","","","",""
"2020-07-27","5013","","","","","","",""
"2020-07-28","5023","","","","","","",""
"2020-07-29","5030","","","","","","",""
"2020-07-30","5010","","","","","","",""
"2020-07-31","5036","29.7","-86.11","86.11","-55.11","251.2","1689.6","245.79"
"2020-08-03","5049","","","","","","",""
"2020-08-04","5085","","","","","","",""
"2020-08-05","5082","","","","","","",""
"2020-08-06","5049","","","","","","",""
"2020-08-07","5132","","","","","","",""
"2020-08-10","5093","","","","","","",""
"2020-08-11","5041","","","","","","",""
"2020-08-12","5065","","","","","","",""
"2020-08-13","5046","","","","","","",""
"2020-08-14","5102","","","","","","",""
"2020-08-17","5058","","","","","","",""
"2020-08-18","5056","","","","","","",""
"2020-08-19","5039","","","","","","",""
"2020-08-20","5056","","","","","","",""
"2020-08-21","5055","","","","","","",""
"2020-08-24","5073","","","","","","",""
"2020-08-25","5085","","","","","","",""
"2020-08-26","5156","","","","","","",""
"2020-08-27","5156","","","","","","",""
"2020-08-28","5194","","","","","","",""
"2020-08-31","5189","21.9","-106.42","106.42","-38.42","252.5","1766","139.37"
"2020-09-01","5163","","","","","","",""
"2020-09-02","5188","","","","","","",""
"2020-09-03","5159","","","","","","",""
"2020-09-04","5180","","","","","","",""
"2020-09-07","5171","","","","","","",""
"2020-09-08","5254","","","","","","",""
"2020-09-09","5156","","","","","","",""
"2020-09-10","5159","","","","","","",""
"2020-09-11","5174","","","","","","",""
"2020-09-14","5221","","","","","","",""
"2020-09-15","5230","","","","","","",""
"2020-09-16","5253","","","","","","",""
"2020-09-17","5308","","","","","","",""
"2020-09-18","5345","","","","","","",""
"2020-09-21","5327","","","","","","",""
"2020-09-22","5237","","","","","","",""
"2020-09-23","5263","","","","","","",""
"2020-09-24","5235","","","","","","",""
"2020-09-25","5227","","","","","","",""
"2020-09-28","5163","","","","","","",""
"2020-09-29","5113","","","","","","",""
"2020-09-30","5081","25.3","-82.75","82.75","-28.75","257.7","1718","56.62"
"2020-10-09","5163","","","","","","",""
"2020-10-12","5258","","","","","","",""
"2020-10-13","5264","","","","","","",""
"2020-10-14","5275","","","","","","",""
"2020-10-15","5281","","","","","","",""
"2020-10-16","5299","","","","","","",""
"2020-10-19","5308","","","","","","",""
"2020-10-20","5380","","","","","","",""
"2020-10-21","5343","","","","","","",""
"2020-10-22","5308","","","","","","",""
"2020-10-23","5246","","","","","","",""
"2020-10-26","5251","","","","","","",""
"2020-10-27","5237","","","","","","",""
"2020-10-28","5250","","","","","","",""
"2020-10-29","5270","","","","","","",""
"2020-10-30","5203","","","","","","",""
"2020-10-31","","81.3","28.29","14.97","116.29","261.4","1080.6",""
"2020-11-02","5142","","","","","","",""
"2020-11-03","5200","","","","","","",""
"2020-11-04","5142","","","","","","",""
"2020-11-05","5117","","","","","","",""
"2020-11-06","5121","","","","","","",""
"2020-11-09","5108","","","","","","",""
"2020-11-10","5127","","","","","","",""
"2020-11-11","5139","","","","","","",""
"2020-11-12","5144","","","","","","",""
"2020-11-13","5123","","","","","","",""
"2020-11-16","5057","","","","","","",""
"2020-11-17","5096","","","","","","",""
"2020-11-18","5040","","","","","","",""
"2020-11-19","5056","","","","","","",""
"2020-11-20","5042","","","","","","",""
"2020-11-23","5130","","","","","","",""
"2020-11-24","5144","","","","","","",""
"2020-11-25","5164","","","","","","",""
"2020-11-26","5133","","","","","","",""
"2020-11-27","5108","","","","","","",""
"2020-11-30","5117","116","39.64","28.42","110.64","239","1041","67.93"
"2020-12-01","5066","","","","","","",""
"2020-12-02","5051","","","","","","",""
"2020-12-03","5010","","","","","","",""
"2020-12-04","5057","","","","","","",""
"2020-12-07","5012","","","","","","",""
"2020-12-08","5009","","","","","","",""
"2020-12-09","4935","","","","","","",""
"2020-12-10","5015","","","","","","",""
"2020-12-11","5027","","","","","","",""
"2020-12-14","5039","","","","","","",""
"2020-12-15","5047","","","","","","",""
"2020-12-16","5054","","","","","","",""
"2020-12-17","5185","","","","","","",""
"2020-12-18","5205","","","","","","",""
"2020-12-21","5186","","","","","","",""
"2020-12-22","5202","","","","","","",""
"2020-12-23","5245","","","","","","",""
"2020-12-24","5222","","","","","","",""
"2020-12-25","5218","","","","","","",""
"2020-12-28","5210","","","","","","",""
"2020-12-29","5244","","","","","","",""
"2020-12-30","5281","","","","","","",""
"2020-12-31","5215","306.2","138.39","103.67","229.39","251.1","1254.9","206.32"
"2021-01-04","5330","","","","","","",""
"2021-01-05","5340","","","","","","",""
"2021-01-06","5355","","","","","","",""
"2021-01-07","5337","","","","","","",""
"2021-01-08","5266","","","","","","",""
"2021-01-11","5179","","","","","","",""
"2021-01-12","5209","","","","","","",""
"2021-01-13","5225","","","","","","",""
"2021-01-14","5273","","","","","","",""
"2021-01-15","5450","","","","","","",""
"2021-01-18","5448","","","","","","",""
"2021-01-19","5435","","","","","","",""
"2021-01-20","5330","","","","","","",""
"2021-01-21","5332","","","","","","",""
"2021-01-22","5258","","","","","","",""
"2021-01-25","5262","","","","","","",""
"2021-01-26","5268","","","","","","",""
"2021-01-27","5286","","","","","","",""
"2021-01-28","5226","","","","","","",""
"2021-01-29","5215","","","","","","",""
"2021-01-31","","","196.65","109.36","258.65","","","402.97"
"2021-02-01","5266","","","","","","",""
"2021-02-02","5283","","","","","","",""
"2021-02-03","5328","","","","","","",""
"2021-02-04","5318","","","","","","",""
"2021-02-05","5342","","","","","","",""
"2021-02-08","5305","","","","","","",""
"2021-02-09","5248","","","","","","",""
"2021-02-10","5238","","","","","","",""
"2021-02-18","5383","","","","","","",""
"2021-02-19","5429","","","","","","",""
"2021-02-22","5441","","","","","","",""
"2021-02-23","5472","","","","","","",""
"2021-02-24","5446","","","","","","",""
"2021-02-25","5500","","","","","","",""
"2021-02-26","5390","","","","","","",""
"2021-02-28","","","126.2","82.08","169.2","","","529.17"
"2021-03-01","5453","","","","","","",""
"2021-03-02","5433","","","","","","",""
"2021-03-03","5517","","","","","","",""
"2021-03-04","5494","","","","","","",""
"2021-03-05","5409","","","","","","",""
"2021-03-08","5434","","","","","","",""
"2021-03-09","5366","","","","","","",""
"2021-03-10","5340","","","","","","",""
"2021-03-11","5384","","","","","","",""
"2021-03-12","5428","","","","","","",""
"2021-03-15","5351","","","","","","",""
"2021-03-16","5336","","","","","","",""
"2021-03-17","5374","","","","","","",""
"2021-03-18","5397","","","","","","",""
"2021-03-19","5289","","","","","","",""
"2021-03-22","5303","","","","","","",""
"2021-03-23","5304","","","","","","",""
"2021-03-24","5318","","","","","","",""
"2021-03-25","5337","","","","","","",""
"2021-03-26","5272","","","","","","",""
"2021-03-29","5313","","","","","","",""
"2021-03-30","5324","","","","","","",""
"2021-03-31","5269","209.5","64.95","79.4","84.95","256.9","1770.7","594.12"
"2021-04-01","5330","","","","","","",""
"2021-04-02","5333","","","","","","",""
"2021-04-06","5372","","","","","","",""
"2021-04-07","5377","","","","","","",""
"2021-04-08","5362","","","","","","",""
"2021-04-09","5362","","","","","","",""
"2021-04-12","5348","","","","","","",""
"2021-04-13","5314","","","","","","",""
"2021-04-14","5272","","","","","","",""
"2021-04-15","5309","","","","","","",""
"2021-04-16","5410","","","","","","",""
"2021-04-19","5449","","","","","","",""
"2021-04-20","5443","","","","","","",""
"2021-04-21","5464","","","","","","",""
"2021-04-22","5486","","","","","","",""
"2021-04-23","5482","","","","","","",""
"2021-04-26","5490","","","","","","",""
"2021-04-27","5534","","","","","","",""
"2021-04-28","5542","","","","","","",""
"2021-04-29","5550","","","","","","",""
"2021-04-30","5464","62.5","-35.73","77.67","-17.73","245.5","1577.2","558.39"
"2021-05-06","5571","","","","","","",""
"2021-05-07","5610","","","","","","",""
"2021-05-10","5626","","","","","","",""
"2021-05-11","5627","","","","","","",""
"2021-05-12","5786","","","","","","",""
"2021-05-13","5720","","","","","","",""
"2021-05-14","5665","","","","","","",""
"2021-05-17","5636","","","","","","",""
"2021-05-18","5672","","","","","","",""
"2021-05-19","5598","","","","","","",""
"2021-05-20","5613","","","","","","",""
"2021-05-21","5639","","","","","","",""
"2021-05-24","5597","","","","","","",""
"2021-05-25","5623","","","","","","",""
"2021-05-26","5573","","","","","","",""
"2021-05-27","5516","","","","","","",""
"2021-05-28","5529","","","","","","",""
"2021-05-31","5548","36.1","-81.15","93.69","-63.15","266.9","1657.2","477.24"
"2021-06-01","5609","","","","","","",""
"2021-06-02","5587","","","","","","",""
"2021-06-03","5636","","","","","","",""
"2021-06-04","5532","","","","","","",""
"2021-06-07","5492","","","","","","",""
"2021-06-08","5442","","","","","","",""
"2021-06-09","5469","","","","","","",""
"2021-06-10","5529","","","","","","",""
"2021-06-11","5561","","","","","","",""
"2021-06-15","5479","","","","","","",""
"2021-06-16","5407","","","","","","",""
"2021-06-17","5413","","","","","","",""
"2021-06-18","5406","","","","","","",""
"2021-06-21","5389","","","","","","",""
"2021-06-22","5446","","","","","","",""
"2021-06-23","5475","","","","","","",""
"2021-06-24","5498","","","","","","",""
"2021-06-25","5539","","","","","","",""
"2021-06-28","5545","","","","","","",""
"2021-06-29","5588","","","","","","",""
"2021-06-30","5605","41.6","-93.79","93.95","-50.79","268.9","1884.9","383.45"
"2021-07-01","5616","","","","","","",""
"2021-07-02","5668","","","","","","",""
"2021-07-05","5648","","","","","","",""
"2021-07-06","5672","","","","","","",""
"2021-07-07","5604","","","","","","",""
"2021-07-08","5592","","","","","","",""
"2021-07-09","5517","","","","","","",""
"2021-07-12","5554","","","","","","",""
"2021-07-13","5481","","","","","","",""
"2021-07-14","5510","","","","","","",""
"2021-07-15","5520","","","","","","",""
"2021-07-16","5526","","","","","","",""
"2021-07-19","5609","","","","","","",""
"2021-07-20","5570","","","","","","",""
"2021-07-21","5594","","","","","","",""
"2021-07-22","5625","","","","","","",""
"2021-07-23","5599","","","","","","",""
"2021-07-26","5544","","","","","","",""
"2021-07-27","5654","","","","","","",""
"2021-07-28","5641","","","","","","",""
"2021-07-29","5675","","","","","","",""
"2021-07-30","5621","","","","","","",""
"2021-07-31","","34","-102.96","102.96","-59.96","253.4","1887.2","280.49"
"2021-08-02","5582","","","","","","",""
"2021-08-03","5556","","","","","","",""
"2021-08-04","5576","","","","","","",""
"2021-08-05","5578","","","","","","",""
"2021-08-06","5680","","","","","","",""
"2021-08-09","5690","","","","","","",""
"2021-08-10","5628","","","","","","",""
"2021-08-11","5652","","","","","","",""
"2021-08-12","5654","","","","","","",""
"2021-08-13","6007","","","","","","",""
"2021-08-16","6039","","","","","","",""
"2021-08-17","6034","","","","","","",""
"2021-08-18","5988","","","","","","",""
"2021-08-19","5958","","","","","","",""
"2021-08-20","5892","","","","","","",""
"2021-08-23","5878","","","","","","",""
"2021-08-24","5916","","","","","","",""
"2021-08-25","5862","","","","","","",""
"2021-08-26","5857","","","","","","",""
"2021-08-27","5842","","","","","","",""
"2021-08-30","5881","","","","","","",""
"2021-08-31","5871","32.4","-90.28","90.28","-40.28","259.4","1790.8","190.21"
"2021-09-01","5824","","","","","","",""
"2021-09-02","5884","","","","","","",""
"2021-09-03","5913","","","","","","",""
"2021-09-06","5942","","","","","","",""
"2021-09-07","5961","","","","","","",""
"2021-09-08","5953","","","","","","",""
"2021-09-09","5926","","","","","","",""
"2021-09-10","5863","","","","","","",""
"2021-09-13","5828","","","","","","",""
"2021-09-14","5838","","","","","","",""
"2021-09-15","5779","","","","","","",""
"2021-09-16","5885","","","","","","",""
"2021-09-17","5846","","","","","","",""
"2021-09-22","5758","","","","","","",""
"2021-09-23","5752","","","","","","",""
"2021-09-24","5809","","","","","","",""
"2021-09-27","5793","","","","","","",""
"2021-09-28","5747","","","","","","",""
"2021-09-29","5781","","","","","","",""
"2021-09-30","5812","29.9","-85.33","85.33","1.67","261.8","1597.6","104.88"
"2021-10-08","5874","","","","","","",""
"2021-10-11","5948","","","","","","",""
"2021-10-12","6020","","","","","","",""
"2021-10-13","5962","","","","","","",""
"2021-10-14","5970","","","","","","",""
"2021-10-15","5958","","","","","","",""
"2021-10-18","5944","","","","","","",""
"2021-10-19","5917","","","","","","",""
"2021-10-20","5901","","","","","","",""
"2021-10-21","5965","","","","","","",""
"2021-10-22","5865","","","","","","",""
"2021-10-25","5890","","","","","","",""
"2021-10-26","5929","","","","","","",""
"2021-10-27","6078","","","","","","",""
"2021-10-28","5953","","","","","","",""
"2021-10-29","5978","","","","","","",""
"2021-10-31","","64.3","24.5","4.7","105.5","283.4","1294.1",""
"2021-11-01","5925","","","","","","",""
"2021-11-02","5984","","","","","","",""
"2021-11-03","5941","","","","","","",""
"2021-11-04","5945","","","","","","",""
"2021-11-05","6002","","","","","","",""
"2021-11-08","6086","","","","","","",""
"2021-11-09","6124","","","","","","",""
"2021-11-10","6132","","","","","","",""
"2021-11-11","6045","","","","","","",""
"2021-11-12","6108","","","","","","",""
"2021-11-15","6075","","","","","","",""
"2021-11-16","6058","","","","","","",""
"2021-11-17","6079","","","","","","",""
"2021-11-18","6141","","","","","","",""
"2021-11-19","6069","","","","","","",""
"2021-11-22","6067","","","","","","",""
"2021-11-23","6037","","","","","","",""
"2021-11-24","5992","","","","","","",""
"2021-11-25","5985","","","","","","",""
"2021-11-26","5931","","","","","","",""
"2021-11-29","5927","","","","","","",""
"2021-11-30","5889","104.3","34.57","12.14","97.57","258","1170","59.07"
"2021-12-01","5856","","","","","","",""
"2021-12-02","5800","","","","","","",""
"2021-12-03","5811","","","","","","",""
"2021-12-06","5822","","","","","","",""
"2021-12-07","5827","","","","","","",""
"2021-12-08","5889","","","","","","",""
"2021-12-09","5920","","","","","","",""
"2021-12-10","5776","","","","","","",""
"2021-12-13","5845","","","","","","",""
"2021-12-14","5802","","","","","","",""
"2021-12-15","5791","","","","","","",""
"2021-12-16","5780","","","","","","",""
"2021-12-17","5812","","","","","","",""
"2021-12-20","5705","","","","","","",""
"2021-12-21","5705","","","","","","",""
"2021-12-22","5727","","","","","","",""
"2021-12-23","5744","","","","","","",""
"2021-12-24","5748","","","","","","",""
"2021-12-27","5758","","","","","","",""
"2021-12-28","5766","","","","","","",""
"2021-12-29","5748","","","","","","",""
"2021-12-30","5748","","","","","","",""
"2021-12-31","5777","277.7","90.79","111.85","130.79","281.2","1358.8","149.86"
"2022-01-04","5804","","","","","","",""
"2022-01-05","5783","","","","","","",""
"2022-01-06","5711","","","","","","",""
"2022-01-07","5723","","","","","","",""
"2022-01-10","5745","","","","","","",""
"2022-01-11","5745","","","","","","",""
"2022-01-12","5798","","","","","","",""
"2022-01-13","5805","","","","","","",""
"2022-01-14","5823","","","","","","",""
"2022-01-17","5827","","","","","","",""
"2022-01-18","5828","","","","","","",""
"2022-01-19","5828","","","","","","",""
"2022-01-20","5868","","","","","","",""
"2022-01-21","5807","","","","","","",""
"2022-01-24","5805","","","","","","",""
"2022-01-25","5761","","","","","","",""
"2022-01-26","5722","","","","","","",""
"2022-01-27","5692","","","","","","",""
"2022-01-28","5706","","","","","","",""
"2022-01-31","","","172.4","81.21","213.48","","","322.26"
"2022-02-07","5666","","","","","","",""
"2022-02-08","5720","","","","","","",""
"2022-02-09","5716","","","","","","",""
"2022-02-10","5779","","","","","","",""
"2022-02-11","5699","","","","","","",""
"2022-02-14","5731","","","","","","",""
"2022-02-15","5720","","","","","","",""
"2022-02-16","5723","","","","","","",""
"2022-02-17","5686","","","","","","",""
"2022-02-18","5703","","","","","","",""
"2022-02-21","5692","","","","","","",""
"2022-02-22","5720","","","","","","",""
"2022-02-23","5748","","","","","","",""
"2022-02-24","5772","","","","","","",""
"2022-02-25","5754","","","","","","",""
"2022-02-28","5696","","122.4","63.1","163","490.2","2702.1","444.66"
"2022-03-01","5702","","","","","","",""
"2022-03-02","5787","","","","","","",""
"2022-03-03","5825","","","","","","",""
"2022-03-04","5795","","","","","","",""
"2022-03-07","5910","","","","","","",""
"2022-03-08","5869","","","","","","",""
"2022-03-09","5899","","","","","","",""
"2022-03-10","5850","","","","","","",""
"2022-03-11","5859","","","","","","",""
"2022-03-14","5870","","","","","","",""
"2022-03-15","5785","","","","","","",""
"2022-03-16","5788","","","","","","",""
"2022-03-17","5768","","","","","","",""
"2022-03-18","5787","","","","","","",""
"2022-03-21","5809","","","","","","",""
"2022-03-22","5819","","","","","","",""
"2022-03-23","5787","","","","","","",""
"2022-03-24","5775","","","","","","",""
"2022-03-25","5810","","","","","","",""
"2022-03-28","5849","","","","","","",""
"2022-03-29","5866","","","","","","",""
"2022-03-30","5817","","","","","","",""
"2022-03-31","5799","256.6","73.15","97.74","85.32","250.1","1723.7","517.81"
"2022-04-01","5792","","","","","","",""
"2022-04-06","5876","","","","","","",""
"2022-04-07","5863","","","","","","",""
"2022-04-08","5927","","","","","","",""
"2022-04-11","6017","","","","","","",""
"2022-04-12","6048","","","","","","",""
"2022-04-13","6020","","","","","","",""
"2022-04-14","6040","","","","","","",""
"2022-04-15","6065","","","","","","",""
"2022-04-18","6039","","","","","","",""
"2022-04-19","6070","","","","","","",""
"2022-04-20","6022","","","","","","",""
"2022-04-21","6006","","","","","","",""
"2022-04-22","6012","","","","","","",""
"2022-04-25","5909","","","","","","",""
"2022-04-26","5889","","","","","","",""
"2022-04-27","5866","","","","","","",""
"2022-04-28","5867","","","","","","",""
"2022-04-29","5876","","","","","","",""
"2022-04-30","","72.4","-26.43","72.93","15.57","238.8","1410.1","491.38"
"2022-05-05","5891","","","","","","",""
"2022-05-06","5847","","","","","","",""
"2022-05-09","5860","","","","","","",""
"2022-05-10","5819","","","","","","",""
"2022-05-11","5838","","","","","","",""
"2022-05-12","5808","","","","","","",""
"2022-05-13","5812","","","","","","",""
"2022-05-16","5917","","","","","","",""
"2022-05-17","5935","","","","","","",""
"2022-05-18","5943","","","","","","",""
"2022-05-19","5957","","","","","","",""
"2022-05-20","5977","","","","","","",""
"2022-05-23","5995","","","","","","",""
"2022-05-24","5990","","","","","","",""
"2022-05-25","6016","","","","","","",""
"2022-05-26","6030","","","","","","",""
"2022-05-27","6047","","","","","","",""
"2022-05-30","6026","","","","","","",""
"2022-05-31","6088","54","-75.99","93.61","-49.99","275.9","1543.6","415.3"
"2022-06-01","6078","","","","","","",""
"2022-06-02","6090","","","","","","",""
"2022-06-06","6080","","","","","","",""
"2022-06-07","6089","","","","","","",""
"2022-06-08","6035","","","","","","",""
"2022-06-09","6057","","","","","","",""
"2022-06-10","6101","","","","","","",""
"2022-06-13","6001","","","","","","",""
"2022-06-14","6000","","","","","","",""
"2022-06-15","5995","","","","","","",""
"2022-06-16","5944","","","","","","",""
"2022-06-17","5934","","","","","","",""
"2022-06-20","5916","","","","","","",""
"2022-06-21","5919","","","","","","",""
"2022-06-22","5868","","","","","","",""
"2022-06-23","5868","","","","","","",""
"2022-06-24","5847","","","","","","",""
"2022-06-27","5855","","","","","","",""
"2022-06-28","5876","","","","","","",""
"2022-06-29","5846","","","","","","",""
"2022-06-30","5842","47.2","-60.39","63.72","-46.39","275.1","1828","355"
"2022-07-01","5805","","","","","","",""
"2022-07-04","5813","","","","","","",""
"2022-07-05","5795","","","","","","",""
"2022-07-06","5729","","","","","","",""
"2022-07-07","5745","","","","","","",""
"2022-07-08","5775","","","","","","",""
"2022-07-11","5783","","","","","","",""
"2022-07-12","5776","","","","","","",""
"2022-07-13","5803","","","","","","",""
"2022-07-14","5766","","","","","","",""
"2022-07-15","5762","","","","","","",""
"2022-07-18","5844","","","","","","",""
"2022-07-19","5830","","","","","","",""
"2022-07-20","5782","","","","","","",""
"2022-07-21","5763","","","","","","",""
"2022-07-22","5768","","","","","","",""
"2022-07-25","5662","","","","","","",""
"2022-07-26","5688","","","","","","",""
"2022-07-27","5735","","","","","","",""
"2022-07-28","5807","","","","","","",""
"2022-07-29","5805","","","","","","",""
"2022-07-31","","30.6","-49.91","50.32","-21.91","249.2","1973","304.67"
"2022-08-01","5767","","","","","","",""
"2022-08-02","5716","","","","","","",""
"2022-08-03","5617","","","","","","",""
"2022-08-04","5600","","","","","","",""
"2022-08-05","5592","","","","","","",""
"2022-08-08","5617","","","","","","",""
"2022-08-09","5593","","","","","","",""
"2022-08-10","5599","","","","","","",""
"2022-08-11","5661","","","","","","",""
"2022-08-12","5608","","","","","","",""
"2022-08-15","5577","","","","","","",""
"2022-08-16","5578","","","","","","",""
"2022-08-17","5558","","","","","","",""
"2022-08-18","5517","","","","","","",""
"2022-08-19","5484","","","","","","",""
"2022-08-22","5528","","","","","","",""
"2022-08-23","5529","","","","","","",""
"2022-08-24","5513","","","","","","",""
"2022-08-25","5493","","","","","","",""
"2022-08-26","5525","","","","","","",""
"2022-08-29","5548","","","","","","",""
"2022-08-30","5498","","","","","","",""
"2022-08-31","5532","25.7","-77.66","77.66","-9.66","257","1885.4","201.54"
"2022-09-01","5494","","","","","","",""
"2022-09-02","5494","","","","","","",""
"2022-09-05","5519","","","","","","",""
"2022-09-06","5525","","","","","","",""
"2022-09-07","5486","","","","","","",""
"2022-09-08","5486","","","","","","",""
"2022-09-09","5529","","","","","","",""
"2022-09-13","5564","","","","","","",""
"2022-09-14","5583","","","","","","",""
"2022-09-15","5628","","","","","","",""
"2022-09-16","5611","","","","","","",""
"2022-09-19","5591","","","","","","",""
"2022-09-20","5586","","","","","","",""
"2022-09-21","5639","","","","","","",""
"2022-09-22","5638","","","","","","",""
"2022-09-23","5623","","","","","","",""
"2022-09-26","5539","","","","","","",""
"2022-09-27","5539","","","","","","",""
"2022-09-28","5496","","","","","","",""
