date,close,纯碱：产量：中国（周）,纯碱：开工率：中国（周）,重质纯碱：国内企业：产量（周）,纯碱：损失量：中国（日）,纯碱：总开工率：中国（日）,纯碱：表观消费量：中国（月）,纯碱：重质：库存：中国（周）,纯碱：库存平均可用天数：中国（周）,纯碱：期末库存：中国（月）,纯碱：轻质：库存：中国（周）
"2016-01-31","","","","","","","176.67","","","",""
"2016-02-29","","","","","","","198.57","","","",""
"2016-03-31","","","","","","","207.43","","","",""
"2016-04-30","","","","","","","206.12","","","",""
"2016-05-31","","","","","","","200.14","","","",""
"2016-06-30","","","","","","","197.9","","","",""
"2016-07-31","","","","","","","188.47","","","",""
"2016-08-31","","","","","","","191.15","","","",""
"2016-09-30","","","","","","","197.66","","","",""
"2016-10-31","","","","","","","210.49","","","",""
"2016-11-30","","","","","","","219.6","","","",""
"2016-12-31","","","","","","","219.76","","","",""
"2017-01-31","","","","","","","215.44","","","",""
"2017-02-28","","","","","","","213","","","",""
"2017-03-31","","","","","","","212.06","","","",""
"2017-04-30","","","","","","","217.05","","","",""
"2017-05-31","","","","","","","197.84","","","",""
"2017-06-30","","","","","","","217.07","","","",""
"2017-07-31","","","","","","","207.08","","","",""
"2017-08-31","","","","","","","203.12","","","",""
"2017-09-30","","","","","","","217","","","",""
"2017-10-31","","","","","","","229.89","","","",""
"2017-11-30","","","","","","","232.36","","","",""
"2017-12-31","","","","","","","215.85","","","",""
"2018-01-05","","56.32","","26.17","","","","","9.28","",""
"2018-01-12","","55.74","","26.14","","","","","10","",""
"2018-01-19","","55.34","","26.14","","","","","10","",""
"2018-01-26","","54.43","","25.88","","","","","10","",""
"2018-01-31","","","","","","","204.38","","","89.04",""
"2018-02-02","","56.44","","26.87","","","","","10","",""
"2018-02-09","","55.84","83.33","26.52","","","","","10","",""
"2018-02-16","","57.32","83.81","27.09","","","","","9.28","",""
"2018-02-23","","56.29","83.1","26.53","","","","","9.28","",""
"2018-02-28","","","","","","","208.41","","","79.29",""
"2018-03-02","","54.12","77.38","25.55","","","","","","",""
"2018-03-09","","52.41","78.81","24.37","","","","","12.14","",""
"2018-03-16","","52.97","78.1","24.53","","","","","11.28","",""
"2018-03-23","","51.84","83.1","24.55","","","","","9.57","",""
"2018-03-30","","54.51","89.74","25.23","","","","","7.57","",""
"2018-03-31","","","","","","","203.98","","","41.55",""
"2018-04-06","","54.18","88.64","24.81","","","","","6.57","",""
"2018-04-13","","49.99","76.05","25.3","","","","","6","",""
"2018-04-20","","47.78","75.26","24.5","","","","","5","",""
"2018-04-27","","46.77","77.63","22.07","","","","","4.57","",""
"2018-04-30","","","","","","","198.56","","","22.45",""
"2018-05-04","","51.93","82.89","25.14","","","","","3.66","",""
"2018-05-11","","51.4","86.32","24.5","","","","","3.22","",""
"2018-05-18","","52.5","85.79","24.82","","","","","3.31","",""
"2018-05-25","","49.24","81.58","22.83","","","","","3.36","",""
"2018-05-31","","","","","","","199.91","","","23.97",""
"2018-06-01","","52.23","85","24.83","","","","","3.24","",""
"2018-06-08","","43.47","73.95","20.18","","","","","2.87","",""
"2018-06-15","","50.7","84.21","23.63","","","","","3.39","",""
"2018-06-22","","48.22","81.84","21.93","","","","","4.29","",""
"2018-06-29","","51.38","82.5","23.91","","","","","5","",""
"2018-06-30","","","","","","","196.6","","","53.07",""
"2018-07-06","","47.87","83.51","20.9","","","","","7.1","",""
"2018-07-13","","48.49","87.57","21.11","","","","","7.64","",""
"2018-07-20","","50.04","84.05","23.41","","","","","8.59","",""
"2018-07-27","","46.29","76.49","21.44","","","","","9.11","",""
"2018-07-31","","","","","","","193.92","","","51.55",""
"2018-08-03","","46.03","73.85","21.86","","","","","8.9","",""
"2018-08-10","","48.29","77.73","23.2","","","","","7.36","",""
"2018-08-17","","46.06","74.35","21.98","","","","","6.83","",""
"2018-08-24","","42.93","70.45","21.67","","","","","6.61","",""
"2018-08-31","","46.93","78.11","22.07","","","202.72","","5.83","29.33",""
"2018-09-07","","47.8","72.97","22.83","","","","","4.92","",""
"2018-09-14","","50.72","76.35","24.45","","","","","4.19","",""
"2018-09-21","","52.18","81.05","24.83","","","","","3.9","",""
"2018-09-28","","55.48","84.87","26.33","","","","","3.45","",""
"2018-09-30","","","","","","","205.62","","","18.29",""
"2018-10-05","","55.48","84.87","26.33","","","","","3.01","",""
"2018-10-12","","52.74","82.45","24.8","","","","","2.61","",""
"2018-10-19","","51.29","85.35","24.37","","","","","2.61","",""
"2018-10-26","","53.56","87.32","25.77","","","","","2.8","",""
"2018-10-31","","","","","","","216.39","","","17.07",""
"2018-11-02","","53.04","82.3","25.98","","","","","2.61","",""
"2018-11-09","","52.03","81.89","25.2","","","","","2.23","",""
"2018-11-16","","52.17","83.03","25.38","","","","","2.03","",""
"2018-11-23","","53.05","86.49","25.67","","","","","2.07","",""
"2018-11-30","","52.53","88.24","24.73","","","214.25","","2.15","15.23",""
"2018-12-07","","52.14","86.43","24.76","","","","","2.02","",""
"2018-12-14","","54.65","91.96","25.79","","","","","2.03","",""
"2018-12-21","","54.49","88.14","25.85","","","","","2.28","",""
"2018-12-28","","53.22","85.29","25.96","","","","","2.63","",""
"2018-12-31","","","","","","","228.84","","","22.71",""
"2019-01-04","","52.21","79.02","25.62","","","","","2.43","",""
"2019-01-11","","53.36","82.92","26.14","","","","","2.45","",""
"2019-01-18","","53.65","85.81","25.64","","","","","2.64","",""
"2019-01-25","","54","83.06","25.57","","","","","2.81","",""
"2019-01-31","","","","","","","196.27","","","25.53",""
"2019-02-01","","55.99","89.72","26.41","","","","","2.55","",""
"2019-02-08","","55.99","89.72","26.41","","","","","2.55","",""
"2019-02-15","","57.75","92.84","27.23","","","","","5.47","",""
"2019-02-22","","57.66","84","27.12","","","","","6.01","",""
"2019-02-28","","","","","","","198.29","","","60.82",""
"2019-03-01","","56.34","89.43","26.7","","","","","6.08","",""
"2019-03-08","","56.9","88.35","26.73","","","","","6.07","",""
"2019-03-15","","52.34","79.54","24.83","","","","","6.07","",""
"2019-03-22","","52.64","82.41","24.88","","","","","5.2","",""
"2019-03-29","","50.11","79.89","24.13","","","","","4.35","",""
"2019-03-31","","","","","","","210.12","","","34.37",""
"2019-04-05","","48.42","82.57","22.6","","","","","3.44","",""
"2019-04-12","","50.62","87.32","23.46","","","","","2.54","",""
"2019-04-19","","51.18","87.92","24.16","","","","","2.19","",""
"2019-04-26","","53.04","91.64","25.63","","","","","2.35","",""
"2019-04-30","","","","","","","210.19","","","25.52",""
"2019-05-03","","53.63","89","25.17","","","","","","",""
"2019-05-10","","56.1","95.03","26.08","","","","","2.33","",""
"2019-05-17","","55.4","97.43","26.28","","","","","2.55","",""
"2019-05-24","","53.09","88.78","25.3","","","","","3.01","",""
"2019-05-31","","51.26","85.57","24.12","","","222.35","","3.38","43.44",""
"2019-06-07","","52.33","88.18","24.66","","","","","3.77","",""
"2019-06-14","","50.69","88.91","23.64","","","","","4.34","",""
"2019-06-21","","48.49","82.7","22.37","","","","","5.52","",""
"2019-06-28","","51.89","86.08","24.5","","","","","6.15","",""
"2019-06-30","","","","","","","220.86","","","70.07",""
"2019-07-05","","52.66","80.45","25.34","","","","","6.74","",""
"2019-07-12","","53.22","81.82","25.96","","","","","7.01","",""
"2019-07-19","","53.82","89.55","25.15","","","","","6.72","",""
"2019-07-26","","52","84.89","24.71","","","","","6.66","",""
"2019-07-31","","","","","","","222.09","","","43.99",""
"2019-08-02","","51.33","85.29","24.54","","","","","5.28","",""
"2019-08-09","","48.38","80.43","23.73","","","","","4.4","",""
"2019-08-16","","50.46","83.27","24.59","","","","","4.19","",""
"2019-08-23","","50.04","81.81","23.4","","","","","3.68","",""
"2019-08-30","","52.36","86.11","24.06","","","","","4.02","",""
"2019-08-31","","","","","","","223","","","30.43",""
"2019-09-06","","51.58","86.3","23.87","","","","","3.28","",""
"2019-09-13","","53.03","91.16","24.77","","","","","3.04","",""
"2019-09-20","","53.24","89.27","25.02","","","","","3.24","",""
"2019-09-27","","52.8","89.19","25.21","","","","","3.27","",""
"2019-09-30","","","","","","","235.62","","","30.93",""
"2019-10-04","","52.8","89.19","25.21","","","","","3.28","",""
"2019-10-11","","53.52","91.08","25.57","","","","","3.09","",""
"2019-10-18","","51.08","81.35","25.05","","","","","3.78","",""
"2019-10-25","","52.55","82.43","25.67","","","","","3.78","",""
"2019-10-31","","","","","","","242.11","","","46.83",""
"2019-11-01","","54.47","87.84","25.9","","","","","3.89","",""
"2019-11-08","","55.69","91.49","26.4","","","","","4.27","",""
"2019-11-15","","55.35","90","27.12","","","","","4.68","",""
"2019-11-22","","55.92","89.65","26.61","","","","","5.59","",""
"2019-11-29","","57.87","92.51","27.41","","","","","5.76","",""
"2019-11-30","","","","","","","253.56","","","74.34",""
"2019-12-06","1561","56.01","88.38","26.48","","","","","6.89","",""
"2019-12-09","1572","","","","","","","","","",""
"2019-12-10","1634","","","","","","","","","",""
"2019-12-11","1649","","","","","","","","","",""
"2019-12-12","1630","","","","","","","","","",""
"2019-12-13","1630","54.57","83.61","26.83","","","","","7.43","",""
"2019-12-16","1632","","","","","","","","","",""
"2019-12-17","1623","","","","","","","","","",""
"2019-12-18","1628","","","","","","","","","",""
"2019-12-19","1626","","","","","","","","","",""
"2019-12-20","1611","54.21","81.81","26.73","","","","","7.74","",""
"2019-12-23","1601","","","","","","","","","",""
"2019-12-24","1604","","","","","","","","","",""
"2019-12-25","1603","","","","","","","","","",""
"2019-12-26","1609","","","","","","","","","",""
"2019-12-27","1608","53.03","81.19","26.36","","","","","8.05","",""
"2019-12-30","1633","","","","","","","","","",""
"2019-12-31","1633","","","","","","244.11","","","74.62",""
"2020-01-01","","","","","2.29","","","","","",""
"2020-01-02","1625","","","","1.95","","","","","",""
"2020-01-03","1629","55.93","85.73","27.97","1.88","","","","7.46","",""
"2020-01-04","","","","","1.88","","","","","",""
"2020-01-05","","","","","1.87","","","","","",""
"2020-01-06","1638","","","","1.9","","","","","",""
"2020-01-07","1627","","","","2.02","","","","","",""
"2020-01-08","1630","","","","2.02","","","","","",""
"2020-01-09","1632","","","","2.07","","","","","",""
"2020-01-10","1658","58.3","83.23","29.03","1.84","","","","7.03","",""
"2020-01-11","","","","","1.84","","","","","",""
"2020-01-12","","","","","1.77","","","","","",""
"2020-01-13","1653","","","","1.78","","","","","",""
"2020-01-14","1653","","","","1.93","","","","","",""
"2020-01-15","1665","","","","2.39","","","","","",""
"2020-01-16","1668","","","","2.54","","","","","",""
"2020-01-17","1677","57.88","82.61","28.82","2.48","","","","6.71","",""
"2020-01-18","","","","","2.48","","","","","",""
"2020-01-19","","","","","2.55","","","","","",""
"2020-01-20","1667","","","","2.5","","","","","",""
"2020-01-21","1655","","","","2.5","","","","","",""
"2020-01-22","1642","","","","2.5","","","","","",""
"2020-01-23","1615","","","","2.5","","","","","",""
"2020-01-24","","54.43","77.72","26.88","2.39","","","","5.85","",""
"2020-01-25","","","","","2.39","","","","","",""
"2020-01-26","","","","","2.39","","","","","",""
"2020-01-27","","","","","2.34","","","","","",""
"2020-01-28","","","","","2.34","","","","","",""
"2020-01-29","","","","","2.34","","","","","",""
"2020-01-30","","","","","2.34","","","","","",""
"2020-01-31","","55.39","79.08","27.16","2.34","","244.86","","5.9","89.07",""
"2020-02-01","","","","","2.31","","","","","",""
"2020-02-02","","","","","2.71","","","","","",""
"2020-02-03","1519","","","","2.86","","","","","",""
"2020-02-04","1561","","","","2.95","","","","","",""
"2020-02-05","1560","","","","2.92","","","","","",""
"2020-02-06","1574","","","","2.95","","","","","",""
"2020-02-07","1574","52.95","75.59","26.49","3.43","","","","8.91","",""
"2020-02-08","","","","","3.39","","","","","",""
"2020-02-09","","","","","3.39","","","","","",""
"2020-02-10","1568","","","","3.4","","","","","",""
"2020-02-11","1579","","","","3.4","","","","","",""
"2020-02-12","1578","","","","3.37","","","","","",""
"2020-02-13","1581","","","","3.36","","","","","",""
"2020-02-14","1578","48.21","68.82","24.49","3.31","","","","9.97","",""
"2020-02-15","","","","","3.31","","","","","",""
"2020-02-16","","","","","3.27","","","","","",""
"2020-02-17","1586","","","","3.26","","","","","",""
"2020-02-18","1583","","","","3.27","","","","","",""
"2020-02-19","1587","","","","3","","","","","",""
"2020-02-20","1586","","","","3","","","","","",""
"2020-02-21","1579","49.5","70.68","25.2","2.91","","","","10.9","",""
"2020-02-22","","","","","2.91","","","","","",""
"2020-02-23","","","","","2.9","","","","","",""
"2020-02-24","1587","","","","2.88","","","","","",""
"2020-02-25","1605","","","","2.83","","","","","",""
"2020-02-26","1581","","","","3.02","","","","","",""
"2020-02-27","1575","","","","3.05","","","","","",""
"2020-02-28","1565","51.44","73.44","25.51","2.82","","","","11.24","",""
"2020-02-29","","","","","2.82","","203.56","","","105.5",""
"2020-03-01","","","","","2.84","","","","","",""
"2020-03-02","1587","","","","2.84","","","","","",""
"2020-03-03","1571","","","","2.66","","","","","",""
"2020-03-04","1574","","","","2.5","","","","","",""
"2020-03-05","1556","","","","2.5","","","","","",""
"2020-03-06","1553","52.95","75.61","25.96","2.28","","","","10.55","",""
"2020-03-07","","","","","2.28","","","","","",""
"2020-03-08","","","","","2.23","","","","","",""
"2020-03-09","1527","","","","2.19","","","","","",""
"2020-03-10","1539","","","","2.17","","","","","",""
"2020-03-11","1542","","","","2.12","","","","","",""
"2020-03-12","1522","","","","2.24","","","","","",""
"2020-03-13","1518","56.41","80.31","28.17","2.18","","","","11.17","",""
"2020-03-14","","","","","2.13","","","","","",""
"2020-03-15","","","","","2.13","","","","","",""
"2020-03-16","1505","","","","2.21","","","","","",""
"2020-03-17","1486","","","","2.26","","","","","",""
"2020-03-18","1466","","","","2.44","","","","","",""
"2020-03-19","1441","","","","2.44","","","","","",""
"2020-03-20","1450","56.14","79.91","27.83","2.42","","","","11.37","",""
"2020-03-21","","","","","2.38","","","","","",""
"2020-03-22","","","","","2.07","","","","","",""
"2020-03-23","1427","","","","2.12","","","","","",""
"2020-03-24","1424","","","","2.1","","","","","",""
"2020-03-25","1419","","","","2.12","","","","","",""
"2020-03-26","1396","","","","2.12","","","","","",""
"2020-03-27","1383","56.61","80.83","28.13","2.12","","","","11.46","",""
"2020-03-28","","","","","1.98","","","","","",""
"2020-03-29","","","","","1.98","","","","","",""
"2020-03-30","1339","","","","2.28","","","","","",""
"2020-03-31","1365","","","","2.18","","234.21","","","116.42",""
"2020-04-01","1371","","","","2.01","","","","","",""
"2020-04-02","1385","","","","2.01","","","","","",""
"2020-04-03","1371","57.37","81.91","28.64","1.96","","","","11.64","",""
"2020-04-04","","","","","1.94","","","","","",""
"2020-04-05","","","","","1.94","","","","","",""
"2020-04-06","","","","","2.09","","","","","",""
"2020-04-07","1372","","","","2.07","","","","","",""
"2020-04-08","1371","","","","2.09","","","","","",""
"2020-04-09","1384","","","","2.09","","","","","",""
"2020-04-10","1360","57.76","82.48","28.62","2.54","","","","12.57","",""
"2020-04-11","","","","","2.52","","","","","",""
"2020-04-12","","","","","2.48","","","","","",""
"2020-04-13","1335","","","","2.46","","","","","",""
"2020-04-14","1347","","","","2.44","","","","","",""
"2020-04-15","1388","","","","2.46","","","","","",""
"2020-04-16","1355","","","","2.46","","","","","",""
"2020-04-17","1356","54.57","77.69","27.52","2.58","","","","14.1","",""
"2020-04-18","","","","","2.56","","","","","",""
"2020-04-19","","","","","2.56","","","","","",""
"2020-04-20","1494","","","","2.43","","","","","",""
"2020-04-21","1475","","","","2.35","","","","","",""
"2020-04-22","1467","","","","2.66","","","","","",""
"2020-04-23","1481","","","","2.43","","","","","",""
"2020-04-24","1479","54.37","77.39","27.52","2.71","","","","14.98","",""
"2020-04-25","","","","","2.66","","","","","",""
"2020-04-26","","","","","2.65","","","","","",""
"2020-04-27","1477","","","","2.52","","","","","",""
"2020-04-28","1451","","","","2.4","","","","","",""
"2020-04-29","1443","","","","2.4","","","","","",""
"2020-04-30","1447","","","","2.3","","234.14","","","156.88",""
"2020-05-01","","54.31","77.3","27.78","2.92","","","","15.51","",""
"2020-05-02","","","","","2.87","","","","","",""
"2020-05-03","","","","","2.93","","","","","",""
"2020-05-04","","","","","2.93","","","","","",""
"2020-05-05","","","","","2.97","","","","","",""
"2020-05-06","1455","","","","2.97","","","","","",""
"2020-05-07","1455","","","","2.97","","","","","",""
"2020-05-08","1439","51.38","73.14","25.75","3.36","","","","15.69","",""
"2020-05-09","","","","","3.36","","","","","",""
"2020-05-10","","","","","3.28","","","","","",""
"2020-05-11","1415","","","","3.28","","","","","",""
"2020-05-12","1427","","","","3.26","","","","","",""
"2020-05-13","1432","","","","3.26","","","","","",""
"2020-05-14","1426","","","","3.01","","","","","",""
"2020-05-15","1435","49.15","69.96","23.4","3.16","","","","16.11","",""
"2020-05-16","","","","","3.16","","","","","",""
"2020-05-17","","","","","3.37","","","","","",""
"2020-05-18","1448","","","","3.37","","","","","",""
"2020-05-19","1441","","","","3.47","","","","","",""
"2020-05-20","1450","","","","3.47","","","","","",""
"2020-05-21","1450","","","","3.37","","","","","",""
"2020-05-22","1422","48.61","69.19","23.64","3.35","","","","17.11","",""
"2020-05-23","","","","","3.36","","","","","",""
"2020-05-24","","","","","3.6","","","","","",""
"2020-05-25","1441","","","","3.47","","","","","",""
"2020-05-26","1464","","","","3.98","","","","","",""
"2020-05-27","1459","","","","3.86","","","","","",""
"2020-05-28","1462","","","","3.76","","","","","",""
"2020-05-29","1476","46.55","66.28","21.7","3.73","","","","17.12","",""
"2020-05-30","","","","","3.73","","","","","",""
"2020-05-31","","","","","4.13","","209.88","","","164.82",""
"2020-06-01","1476","","","","4.08","","","","","",""
"2020-06-02","1471","","","","3.72","","","","","",""
"2020-06-03","1485","","","","4.2","","","","","",""
"2020-06-04","1466","","","","4.2","","","","","",""
"2020-06-05","1470","44.16","62.85","20.27","4.27","","","","16.48","",""
"2020-06-06","","","","","4.17","","","","","",""
"2020-06-07","","","","","3.92","","","","","",""
"2020-06-08","1465","","","","3.92","","","","","",""
"2020-06-09","1436","","","","4.06","","","","","",""
"2020-06-10","1432","","","","4.11","","","","","",""
"2020-06-11","1431","","","","3.85","","","","","",""
"2020-06-12","1436","43.63","62.1","20.72","3.87","","","","15.85","",""
"2020-06-13","","","","","3.87","","","","","",""
"2020-06-14","","","","","3.36","","","","","",""
"2020-06-15","1445","","","","3.19","","","","","",""
"2020-06-16","1448","","","","3.1","","","","","",""
"2020-06-17","1439","","","","3.05","","","","","",""
"2020-06-18","1432","","","","3.05","","","","","",""
"2020-06-19","1440","48.47","68.99","23.36","3.07","","","","14.96","",""
"2020-06-20","","","","","3.07","","","","","",""
"2020-06-21","","","","","3.07","","","","","",""
"2020-06-22","1436","","","","3.03","","","","","",""
"2020-06-23","1427","","","","3.01","","","","","",""
"2020-06-24","1401","","","","2.97","","","","","",""
"2020-06-25","","","","","2.97","","","","","",""
"2020-06-26","","50.77","72.26","23.89","2.73","","","","14.21","",""
"2020-06-27","","","","","2.73","","","","","",""
"2020-06-28","","","","","2.67","","","","","",""
"2020-06-29","1394","","","","2.67","","","","","",""
"2020-06-30","1393","","","","2.67","","194.12","","","133.99",""
"2020-07-01","1368","","","","3.3","","","","","",""
"2020-07-02","1370","","","","3.26","","","","","",""
"2020-07-03","1375","51.91","73.88","25.02","3.45","","","","13.4","",""
"2020-07-04","","","","","3.53","","","","","",""
"2020-07-05","","","","","3.25","","","","","",""
"2020-07-06","1381","","","","3.25","","","","","",""
"2020-07-07","1369","","","","3.25","","","","","",""
"2020-07-08","1391","","","","3.25","","","","","",""
"2020-07-09","1394","","","","3.25","","","","","",""
"2020-07-10","1389","48.73","69.37","23.96","3.4","","","","12.5","",""
"2020-07-11","","","","","3.4","","","","","",""
"2020-07-12","","","","","3.36","","","","","",""
"2020-07-13","1397","","","","3.17","","","","","",""
"2020-07-14","1388","","","","2.86","","","","","",""
"2020-07-15","1381","","","","2.86","","","","","",""
"2020-07-16","1373","","","","2.86","","","","","",""
"2020-07-17","1356","50.03","71.21","24.53","2.81","","","","11.42","",""
"2020-07-18","","","","","2.55","","","","","",""
"2020-07-19","","","","","2.44","","","","","",""
"2020-07-20","1306","","","","2.44","","","","","",""
"2020-07-21","1303","","","","2.34","","","","","",""
"2020-07-22","1316","","","","2.34","","","","","",""
"2020-07-23","1324","","","","2.34","","","","","",""
"2020-07-24","1320","54.85","78.07","26.09","2.27","","","","11.46","",""
"2020-07-25","","","","","2.18","","","","","",""
"2020-07-26","","","","","2.37","","","","","",""
"2020-07-27","1324","","","","2.37","","","","","",""
"2020-07-28","1325","","","","2.64","","","","","",""
"2020-07-29","1327","","","","2.45","","","","","",""
"2020-07-30","1317","","","","2.45","","","","","",""
"2020-07-31","1327","55.48","78.27","26.9","2.39","","216.08","","11.25","102.33",""
"2020-08-01","","","","","2.39","","","","","",""
"2020-08-02","","","","","2.39","","","","","",""
"2020-08-03","1376","","","","2.5","","","","","",""
"2020-08-04","1414","","","","2.5","","","","","",""
"2020-08-05","1406","","","","2.41","","","","","",""
"2020-08-06","1417","","","","2.8","","","","","",""
"2020-08-07","1472","54.85","77.37","26.2","2.76","","","","10.23","",""
"2020-08-08","","","","","2.64","","","","","",""
"2020-08-09","","","","","2.63","","","","","",""
"2020-08-10","1440","","","","2.56","","","","","",""
"2020-08-11","1439","","","","2.57","","","","","",""
"2020-08-12","1411","","","","2.49","","","","","",""
"2020-08-13","1404","","","","2.88","","","","","",""
"2020-08-14","1374","53.37","75.29","25.7","2.83","","","","10.42","",""
"2020-08-15","","","","","2.83","","","","","",""
"2020-08-16","","","","","2.79","","","","","",""
"2020-08-17","1378","","","","2.99","","","","","",""
"2020-08-18","1387","","","","3.1","","","","","",""
"2020-08-19","1409","","","","3.1","","","","","",""
"2020-08-20","1592","","","","2.92","","","","","",""
"2020-08-21","1603","51.42","72.53","24.64","3.3","68.87","","51.06","9.33","","42.19"
"2020-08-22","","","","","3.3","68.87","","","","",""
"2020-08-23","","","","","3.29","69.01","","","","",""
"2020-08-24","1650","","","","3.1","70.9","","","","",""
"2020-08-25","1684","","","","3.03","71.56","","","","",""
"2020-08-26","1675","","","","3.05","71.38","","","","",""
"2020-08-27","1665","","","","3.05","71.38","","","","",""
"2020-08-28","1683","49.82","70.28","23.87","2.96","71.38","","44.73","8.4","","39.48"
"2020-08-29","","","","","2.96","71.38","","","","",""
"2020-08-30","","","","","3.13","69.2","","","","",""
"2020-08-31","1742","","","","3.07","71.16","210.53","","","84.21",""
"2020-09-01","1758","","","","3.07","71.15","","","","",""
"2020-09-02","1796","","","","3.15","70.36","","","","",""
"2020-09-03","1785","","","","3.43","67.59","","","","",""
"2020-09-04","1765","50.17","70.77","23.74","3.45","67.59","","35.77","7.4","","37.85"
"2020-09-05","","","","","3.45","67.59","","","","",""
"2020-09-06","","","","","3.45","67.59","","","","",""
"2020-09-07","1787","","","","3.49","67.59","","","","",""
"2020-09-08","1762","","","","3.62","65.72","","","","",""
"2020-09-09","1727","","","","3.42","67.75","","","","",""
"2020-09-10","1739","","","","3.39","68.04","","","","",""
"2020-09-11","1777","46.67","67.24","21.83","3.46","67.35","","32.15","6.4","","32.34"
"2020-09-12","","","","","3.1","70.86","","","","",""
"2020-09-13","","","","","2.92","72.68","","","","",""
"2020-09-14","1729","","","","2.87","73.17","","","","",""
"2020-09-15","1667","","","","2.82","73.68","","","","",""
"2020-09-16","1680","","","","2.94","72.51","","","","",""
"2020-09-17","1675","","","","2.8","73.86","","","","",""
"2020-09-18","1709","51.05","71.02","24.24","2.57","76.08","","27.89","5.9","","31.51"
"2020-09-19","","","","","2.57","76.08","","","","",""
"2020-09-20","","","","","2.57","76.08","","","","",""
"2020-09-21","1682","","","","2.57","76.08","","","","",""
"2020-09-22","1730","","","","2.54","76.42","","","","",""
"2020-09-23","1751","","","","2.54","76.38","","","","",""
"2020-09-24","1742","","","","2.54","76.38","","","","",""
"2020-09-25","1724","54.02","76.21","25.49","2.36","78.15","","25.59","5.2","","26.14"
"2020-09-26","","","","","2.38","77.95","","","","",""
"2020-09-27","","","","","2.38","77.95","","","","",""
"2020-09-28","1708","","","","2.43","77.46","","","","",""
"2020-09-29","1706","","","","2.4","77.78","","","","",""
"2020-09-30","1717","","","","2.4","77.78","209.58","","","51.73",""
"2020-10-01","","","","","2.49","77.78","","","","",""
"2020-10-02","","55.17","77.83","26.33","2.31","78.97","","25.79","5.1","","24.73"
"2020-10-03","","","","","2.31","78.97","","","","",""
"2020-10-04","","","","","2.57","76.45","","","","",""
"2020-10-05","","","","","2.44","77.74","","","","",""
"2020-10-06","","","","","2.27","79.42","","","","",""
"2020-10-07","","","","","2.19","80.21","","","","",""
"2020-10-08","","","","","2.15","80.6","","","","",""
"2020-10-09","1691","55.94","78.91","27.01","2.15","80.08","","28.2","6.1","","32.33"
"2020-10-10","","","","","2.36","78.5","","","","",""
"2020-10-11","","","","","2.36","78.5","","","","",""
"2020-10-12","1725","","","","2.38","78.27","","","","",""
"2020-10-13","1730","","","","2.39","78.23","","","","",""
"2020-10-14","1707","","","","2.39","78.23","","","","",""
"2020-10-15","1673","","","","2.39","78.23","","","","",""
"2020-10-16","1680","55.69","78.57","26.85","2.31","80.43","","34.21","7.2","","37.55"
"2020-10-17","","","","","2.17","81.34","","","","",""
"2020-10-18","","","","","2.15","81.54","","","","",""
"2020-10-19","1621","","","","2.14","81.62","","","","",""
"2020-10-20","1637","","","","2.12","81.8","","","","",""
"2020-10-21","1640","","","","2.06","82.45","","","","",""
"2020-10-22","1627","","","","2.06","82.55","","","","",""
"2020-10-23","1605","57.21","81.68","27.71","1.97","83.18","","40.47","8.5","","44.61"
"2020-10-24","","","","","2.12","81.68","","","","",""
"2020-10-25","","","","","2.16","81.29","","","","",""
"2020-10-26","1616","","","","2.35","79.21","","","","",""
"2020-10-27","1617","","","","2.35","79.03","","","","",""
"2020-10-28","1610","","","","2.17","81","","","","",""
"2020-10-29","1583","","","","2.17","81","","","","",""
"2020-10-30","1568","56.73","80.99","27.92","2.11","81.96","","46.14","9.5","","49.02"
"2020-10-31","","","","","2.26","80.46","244.94","","","95.16",""
"2020-11-01","","","","","2.44","78.62","","","","",""
"2020-11-02","1606","","","","2.68","76.26","","","","",""
"2020-11-03","1578","","","","2.65","76.56","","","","",""
"2020-11-04","1574","","","","2.65","76.56","","","","",""
"2020-11-05","1553","","","","2.65","76.56","","","","",""
"2020-11-06","1552","54.73","78.14","26.58","2.73","74.68","","49.54","10.45","","55.54"
"2020-11-07","","","","","2.68","76.27","","","","",""
"2020-11-08","","","","","2.6","76.27","","","","",""
"2020-11-09","1522","","","","2.51","77.97","","","","",""
"2020-11-10","1532","","","","2.52","77.87","","","","",""
"2020-11-11","1522","","","","2.52","77.87","","","","",""
"2020-11-12","1523","","","","2.52","77.87","","","","",""
"2020-11-13","1534","53.91","76.97","26.03","2.6","77.04","","54.52","11.82","","63.75"
"2020-11-14","","","","","2.6","77.04","","","","",""
"2020-11-15","","","","","2.6","77.04","","","","",""
"2020-11-16","1543","","","","2.56","77.44","","","","",""
"2020-11-17","1543","","","","2.47","78.37","","","","",""
"2020-11-18","1530","","","","2.37","79.37","","","","",""
"2020-11-19","1549","","","","2.37","79.37","","","","",""
"2020-11-20","1523","54.6","77.95","26.2","2.34","79.6","","61.95","12.78","","65.88"
"2020-11-21","","","","","2.34","79.6","","","","",""
"2020-11-22","","","","","2.34","79.6","","","","",""
"2020-11-23","1515","","","","2.24","80.68","","","","",""
"2020-11-24","1494","","","","2.24","80.68","","","","",""
"2020-11-25","1487","","","","2.24","80.68","","","","",""
"2020-11-26","1491","","","","2.24","80.68","","","","",""
"2020-11-27","1520","56.18","80.22","27.22","2.22","80.81","","63.7","13.58","","72.13"
"2020-11-28","","","","","2.22","80.81","","","","",""
"2020-11-29","","","","","2.24","80.62","","","","",""
"2020-11-30","1477","","","","2.73","75.72","235.74","","","135.83",""
"2020-12-01","1446","","","","2.5","78.04","","","","",""
"2020-12-02","1441","","","","2.43","78.74","","","","",""
"2020-12-03","1445","","","","2.3","80.04","","","","",""
"2020-12-04","1445","55.5","79.25","26.89","2.35","79.55","","67.54","14.2","","74.46"
"2020-12-05","","","","","2.38","79.25","","","","",""
"2020-12-06","","","","","2.38","79.25","","","","",""
"2020-12-07","1415","","","","2.4","79.02","","","","",""
"2020-12-08","1420","","","","2.47","78.38","","","","",""
"2020-12-09","1375","","","","2.55","77.58","","","","",""
"2020-12-10","1338","","","","2.64","76.61","","","","",""
"2020-12-11","1330","55.21","78.52","26.8","2.64","76.64","","63.4","14.16","","78.26"
"2020-12-12","","","","","2.64","76.64","","","","",""
"2020-12-13","","","","","2.7","76.09","","","","",""
"2020-12-14","1388","","","","2.71","75.94","","","","",""
"2020-12-15","1385","","","","2.9","74.08","","","","",""
"2020-12-16","1385","","","","2.97","73.39","","","","",""
"2020-12-17","1419","","","","2.97","73.39","","","","",""
"2020-12-18","1416","52.65","75.17","26.97","3.27","69.49","","60.49","13.51","","74.63"
"2020-12-19","","","","","3.27","69.49","","","","",""
"2020-12-20","","","","","3.44","67.84","","","","",""
"2020-12-21","1666","","","","3.61","66.71","","","","",""
"2020-12-22","1618","","","","3.66","65.61","","","","",""
"2020-12-23","1644","","","","3.89","63.38","","","","",""
"2020-12-24","1657","","","","4.05","61.81","","","","",""
"2020-12-25","1650","46.95","66.26","24.61","4.07","61.61","","50.62","12.07","","70.09"
"2020-12-26","","","","","4.08","61.52","","","","",""
"2020-12-27","","","","","4","62.31","","","","",""
"2020-12-28","1619","","","","3.69","65.33","","","","",""
"2020-12-29","1593","","","","3.76","64.67","","","","",""
"2020-12-30","1600","","","","3.57","66.58","","","","",""
"2020-12-31","1611","","","","3.52","67.03","216.31","","","99.89",""
"2021-01-01","","45.48","64.15","23.66","3.36","68.46","","43.39","9.99","","56.5"
"2021-01-02","","","","","3.34","68.7","","","","",""
"2021-01-03","","","","","3.38","68.3","","","","",""
"2021-01-04","1609","","","","3.33","68.8","","","","",""
"2021-01-05","1599","","","","3.19","70.19","","","","",""
"2021-01-06","1650","","","","3.14","70.69","","","","",""
"2021-01-07","1637","","","","3.04","71.64","","","","",""
"2021-01-08","1608","49.38","69.54","24.96","2.78","74.17","","43.12","9.5","","51.86"
"2021-01-09","","","","","2.75","74.47","","","","",""
"2021-01-10","","","","","2.74","74.65","","","","",""
"2021-01-11","1548","","","","2.68","75.19","","","","",""
"2021-01-12","1529","","","","3.28","69.24","","","","",""
"2021-01-13","1503","","","","3.23","69.78","","","","",""
"2021-01-14","1522","","","","3.09","71.12","","","","",""
"2021-01-15","1547","51.6","72.66","26.61","2.99","72.11","","42.37","9.1","","49.06"
"2021-01-16","","","","","2.74","74.62","","","","",""
"2021-01-17","","","","","2.74","74.62","","","","",""
"2021-01-18","1556","","","","2.66","75.42","","","","",""
"2021-01-19","1547","","","","2.57","76.32","","","","",""
"2021-01-20","1583","","","","2.66","75.39","","","","",""
"2021-01-21","1570","","","","2.62","75.76","","","","",""
"2021-01-22","1552","53.19","74.89","27.94","2.62","76.19","","42.5","8.7","","44.49"
"2021-01-23","","","","","2.73","75.1","","","","",""
"2021-01-24","","","","","2.69","75.57","","","","",""
"2021-01-25","1578","","","","2.79","74.53","","","","",""
"2021-01-26","1576","","","","2.79","74.53","","","","",""
"2021-01-27","1559","","","","3.02","72.27","","","","",""
"2021-01-28","1603","","","","2.97","72.79","","","","",""
"2021-01-29","1618","52.56","74.42","27.07","2.72","75.24","","38.79","8","","41.54"
"2021-01-30","","","","","2.61","76.32","","","","",""
"2021-01-31","","","","","2.53","77.11","221.95","","","80.33",""
"2021-02-01","1596","","","","2.35","78.94","","","","",""
"2021-02-02","1614","","","","2.35","78.94","","","","",""
"2021-02-03","1637","","","","2.35","78.94","","","","",""
"2021-02-04","1633","","","","2.35","78.94","","","","",""
"2021-02-05","1627","54.92","77.77","28.51","2.3","79.38","","39.37","7.8","","38.56"
"2021-02-06","","","","","2.3","79.38","","","","",""
"2021-02-07","","","","","2.25","79.91","","","","",""
"2021-02-08","1645","","","","2.03","82.09","","","","",""
"2021-02-09","1618","","","","2.03","82.09","","","","",""
"2021-02-10","1598","","","","2.03","82.09","","","","",""
"2021-02-11","","","","","2.16","80.8","","","","",""
"2021-02-12","","57.07","80.82","29.61","2.1","81.34","","40.68","8.1","","40.54"
"2021-02-13","","","","","2.1","81.34","","","","",""
"2021-02-14","","","","","2.08","81.62","","","","",""
"2021-02-15","","","","","2.08","81.62","","","","",""
"2021-02-16","","","","","2.08","81.62","","","","",""
"2021-02-17","","","","","2.08","81.62","","","","",""
"2021-02-18","1668","","","","2.08","81.62","","","","",""
"2021-02-19","1666","57.58","81.54","29.86","2","82.38","","55.81","10.8","","52.31"
"2021-02-20","","","","","2","82.38","","","","",""
"2021-02-21","","","","","1.94","82.98","","","","",""
"2021-02-22","1745","","","","1.95","82.83","","","","",""
"2021-02-23","1763","","","","1.93","83.04","","","","",""
"2021-02-24","1781","","","","1.93","83.04","","","","",""
"2021-02-25","1847","","","","1.93","83.04","","","","",""
"2021-02-26","1836","58.48","82.82","30.22","1.83","84.06","","51.31","10.1","","49.97"
"2021-02-27","","","","","1.83","84.06","","","","",""
"2021-02-28","","","","","1.83","84.06","224.15","","","101.28",""
"2021-03-01","1908","","","","2.01","82.22","","","","",""
"2021-03-02","1907","","","","2.01","82.28","","","","",""
"2021-03-03","1905","","","","2.01","82.28","","","","",""
"2021-03-04","1848","","","","2.13","81.06","","","","",""
"2021-03-05","1841","58.51","82.86","29.95","2.1","81.4","","55.11","10.6","","50.42"
"2021-03-06","","","","","2.1","81.4","","","","",""
"2021-03-07","","","","","2.09","81.5","","","","",""
"2021-03-08","1917","","","","2.15","80.9","","","","",""
"2021-03-09","1942","","","","2.11","81.26","","","","",""
"2021-03-10","1963","","","","2.12","81.16","","","","",""
"2021-03-11","1892","","","","2.05","81.86","","","","",""
"2021-03-12","1879","57.45","81.35","29.51","2.05","81.55","","53.37","10.3","","49.71"
"2021-03-13","","","","","2","82.03","","","","",""
"2021-03-14","","","","","1.94","82.62","","","","",""
"2021-03-15","1941","","","","1.93","82.67","","","","",""
"2021-03-16","1920","","","","1.93","82.67","","","","",""
"2021-03-17","1997","","","","1.91","82.92","","","","",""
"2021-03-18","1996","","","","1.9","83.02","","","","",""
"2021-03-19","1944","58.5","82.5","30.3","1.76","84.4","","50.95","9.5","","44.16"
"2021-03-20","","","","","1.76","84.4","","","","",""
"2021-03-21","","","","","1.75","84.5","","","","",""
"2021-03-22","1924","","","","1.75","84.5","","","","",""
"2021-03-23","1923","","","","1.67","85.31","","","","",""
"2021-03-24","1920","","","","1.83","83.69","","","","",""
"2021-03-25","1887","","","","1.83","83.69","","","","",""
"2021-03-26","1903","59.81","84.35","31.38","2.03","81.77","","47.69","8.8","","40.47"
"2021-03-27","","","","","2.02","81.86","","","","",""
"2021-03-28","","","","","2.02","81.86","","","","",""
"2021-03-29","1868","","","","1.9","83","","","","",""
"2021-03-30","1883","","","","1.93","82.75","","","","",""
"2021-03-31","1875","","","","1.93","82.75","249.88","","","88.16",""
"2021-04-01","1904","","","","1.93","82.75","","","","",""
"2021-04-02","1913","58.43","82.39","30.86","1.78","84.15","","44.47","8.3","","38.3"
"2021-04-03","","","","","1.74","84.57","","","","",""
"2021-04-04","","","","","1.94","82.66","","","","",""
"2021-04-05","","","","","1.83","83.7","","","","",""
"2021-04-06","1884","","","","1.83","83.7","","","","",""
"2021-04-07","1852","","","","1.97","82.31","","","","",""
"2021-04-08","1842","","","","1.77","84.33","","","","",""
"2021-04-09","1913","59.3","83.63","30.95","1.85","83.54","","46.96","8.4","","36.83"
"2021-04-10","","","","","1.91","82.96","","","","",""
"2021-04-11","","","","","1.91","82.96","","","","",""
"2021-04-12","1891","","","","1.91","82.91","","","","",""
"2021-04-13","1907","","","","2.16","80.45","","","","",""
"2021-04-14","1912","","","","1.99","82.12","","","","",""
"2021-04-15","1873","","","","1.91","82.91","","","","",""
"2021-04-16","1904","58.36","82.32","30.35","1.63","85.63","","43.14","8.1","","37.56"
"2021-04-17","","","","","1.68","85.14","","","","",""
"2021-04-18","","","","","1.68","85.14","","","","",""
"2021-04-19","1968","","","","1.78","84.24","","","","",""
"2021-04-20","1976","","","","1.82","83.84","","","","",""
"2021-04-21","1935","","","","1.82","83.84","","","","",""
"2021-04-22","1933","","","","1.82","83.84","","","","",""
"2021-04-23","1923","59.94","84.52","31.05","1.69","85.09","","45.87","8.7","","40.89"
"2021-04-24","","","","","1.78","84.22","","","","",""
"2021-04-25","","","","","1.78","84.22","","","","",""
"2021-04-26","1947","","","","1.75","84.46","","","","",""
"2021-04-27","2001","","","","1.69","85.09","","","","",""
"2021-04-28","2005","","","","1.69","85.09","","","","",""
"2021-04-29","2045","","","","1.69","85.09","","","","",""
"2021-04-30","2087","59.85","84.4","31.1","1.72","85.2","246.35","47.74","9","90.36","42.62"
"2021-05-01","","","","","1.72","85.2","","","","",""
"2021-05-02","","","","","1.72","85.2","","","","",""
"2021-05-03","","","","","1.72","85.2","","","","",""
"2021-05-04","","","","","1.72","85.2","","","","",""
"2021-05-05","","","","","1.97","82.71","","","","",""
"2021-05-06","2190","","","","1.97","82.71","","","","",""
"2021-05-07","2162","59.6","83.98","30.89","1.91","83.37","","49.13","9.5","","45.63"
"2021-05-08","","","","","2.12","81.29","","","","",""
"2021-05-09","","","","","2.11","81.34","","","","",""
"2021-05-10","2172","","","","2.44","78.12","","","","",""
"2021-05-11","2152","","","","2.41","78.42","","","","",""
"2021-05-12","2249","","","","2.41","78.42","","","","",""
"2021-05-13","2211","","","","2.41","78.8","","","","",""
"2021-05-14","2201","56.36","79.91","29.17","2.25","80","","46.75","9.2","","44.97"
"2021-05-15","","","","","2.25","80","","","","",""
"2021-05-16","","","","","2.22","80.26","","","","",""
"2021-05-17","2238","","","","2.22","80.28","","","","",""
"2021-05-18","2229","","","","2.03","82.2","","","","",""
"2021-05-19","2131","","","","1.97","82.79","","","","",""
"2021-05-20","2081","","","","1.94","83.04","","","","",""
"2021-05-21","2087","57.29","81.23","29.92","2.08","82.66","","44.28","8.6","","42.07"
"2021-05-22","","","","","2.08","82.66","","","","",""
"2021-05-23","","","","","2.08","82.66","","","","",""
"2021-05-24","2101","","","","2.26","80.84","","","","",""
"2021-05-25","2138","","","","2.53","78.21","","","","",""
"2021-05-26","2135","","","","2.53","78.21","","","","",""
"2021-05-27","2129","","","","2.53","78.21","","","","",""
"2021-05-28","2176","56.77","80.49","29.68","2.1","79.2","","37.96","8","","41.8"
"2021-05-29","","","","","2.06","79.6","","","","",""
"2021-05-30","","","","","2.06","79.6","","","","",""
"2021-05-31","2181","","","","2.01","80.01","247.53","","","79.76",""
"2021-06-01","2289","","","","2.01","80.01","","","","",""
"2021-06-02","2288","","","","2","80.11","","","","",""
"2021-06-03","2265","","","","2","80.11","","","","",""
"2021-06-04","2245","56.29","79.33","29.28","1.96","80.51","","32.85","7.2","","39.25"
"2021-06-05","","","","","2.11","79.02","","","","",""
"2021-06-06","","","","","2.2","78.17","","","","",""
"2021-06-07","2235","","","","2.15","78.69","","","","",""
"2021-06-08","2244","","","","2.17","78.49","","","","",""
"2021-06-09","2197","","","","2.07","79.46","","","","",""
"2021-06-10","2142","","","","2.07","79.46","","","","",""
"2021-06-11","2175","55.8","78.64","29.43","2.06","79.57","","31.05","6.8","","36.84"
"2021-06-12","","","","","2.06","79.57","","","","",""
"2021-06-13","","","","","2.06","79.57","","","","",""
"2021-06-14","","","","","2.15","78.7","","","","",""
"2021-06-15","2168","","","","2.15","78.7","","","","",""
"2021-06-16","2174","","","","2.23","77.9","","","","",""
"2021-06-17","2222","","","","2.07","79.49","","","","",""
"2021-06-18","2185","55.77","78.6","29.85","2.15","78.66","","29.29","6.2","","32.67"
"2021-06-19","","","","","2.3","77.15","","","","",""
"2021-06-20","","","","","2.31","77.05","","","","",""
"2021-06-21","2189","","","","2.26","77.59","","","","",""
"2021-06-22","2212","","","","2.02","79.99","","","","",""
"2021-06-23","2175","","","","2.02","79.99","","","","",""
"2021-06-24","2238","","","","2.02","79.99","","","","",""
"2021-06-25","2283","55.47","78.16","30.02","1.55","80.15","","27.41","5.5","","27.91"
"2021-06-26","","","","","2","79.9","","","","",""
"2021-06-27","","","","","2.03","79.9","","","","",""
"2021-06-28","2229","","","","2.03","79.9","","","","",""
"2021-06-29","2195","","","","2.03","79.9","","","","",""
"2021-06-30","2232","","","","2.12","79.01","237.54","","","55.32",""
"2021-07-01","2187","","","","2.12","79.01","","","","",""
"2021-07-02","2266","56.05","78.99","30.72","2.2","78.18","","23.63","4.9","","25.67"
"2021-07-03","","","","","2.5","75.2","","","","",""
"2021-07-04","","","","","2.68","73.41","","","","",""
"2021-07-05","2269","","","","2.29","77.29","","","","",""
"2021-07-06","2319","","","","2.54","74.81","","","","",""
"2021-07-07","2268","","","","2.49","75.31","","","","",""
"2021-07-08","2273","","","","2.49","75.31","","","","",""
"2021-07-09","2272","53.36","75.19","29.31","3.07","69.52","","25.32","4.9","","24.16"
"2021-07-10","","","","","3.07","69.52","","","","",""
"2021-07-11","","","","","3.26","67.67","","","","",""
"2021-07-12","2270","","","","3.29","67.37","","","","",""
"2021-07-13","2297","","","","3.29","67.37","","","","",""
"2021-07-14","2294","","","","3.07","69.56","","","","",""
"2021-07-15","2272","","","","3.1","69.21","","","","",""
"2021-07-16","2333","48.39","68.19","26.79","3.1","69.24","","22.59","4.4","","20.97"
"2021-07-17","","","","","2.88","71.42","","","","",""
"2021-07-18","","","","","2.75","72.67","","","","",""
"2021-07-19","2311","","","","2.68","73.45","","","","",""
"2021-07-20","2317","","","","2.78","72.39","","","","",""
"2021-07-21","2380","","","","2.78","72.39","","","","",""
"2021-07-22","2394","","","","2.78","72.39","","","","",""
"2021-07-23","2339","50.77","71.56","28.35","2.47","75.52","","21.49","3.8","","16.07"
"2021-07-24","","","","","2.49","75.25","","","","",""
"2021-07-25","","","","","2.44","75.75","","","","",""
"2021-07-26","2335","","","","2.24","77.73","","","","",""
"2021-07-27","2270","","","","2.19","78.27","","","","",""
"2021-07-28","2312","","","","2.01","80.02","","","","",""
"2021-07-29","2325","","","","2.01","80.02","","","","",""
"2021-07-30","2626","54.66","77.04","30.56","2.15","78.61","","18.4","3.3","","14.57"
"2021-07-31","","","","","2.13","78.91","231.81","","","32.97",""
"2021-08-01","","","","","2.23","77.88","","","","",""
"2021-08-02","2572","","","","2.23","77.88","","","","",""
"2021-08-03","2511","","","","2.4","76.18","","","","",""
"2021-08-04","2564","","","","2.34","76.82","","","","",""
"2021-08-05","2505","","","","2.33","76.92","","","","",""
"2021-08-06","2622","54.73","77.14","29.93","2.61","74.15","","17.16","3.3","","15.86"
"2021-08-07","","","","","2.81","72.17","","","","",""
"2021-08-08","","","","","2.86","71.67","","","","",""
"2021-08-09","2633","","","","2.86","71.67","","","","",""
"2021-08-10","2656","","","","2.86","71.67","","","","",""
"2021-08-11","2679","","","","2.86","71.67","","","","",""
"2021-08-12","2658","","","","2.86","71.67","","","","",""
"2021-08-13","2732","51.01","71.67","27.97","2.72","73.05","","19.2","3.5","","15.32"
"2021-08-14","","","","","2.53","74.93","","","","",""
"2021-08-15","","","","","2.15","78.73","","","","",""
"2021-08-16","2757","","","","2.12","79.04","","","","",""
"2021-08-17","2724","","","","1.99","80.3","","","","",""
"2021-08-18","2696","","","","1.98","80.46","","","","",""
"2021-08-19","2696","","","","1.98","80.46","","","","",""
"2021-08-20","2742","55.27","77.67","29.12","1.96","80.56","","18.44","3.3","","14.72"
"2021-08-21","","","","","1.96","80.56","","","","",""
"2021-08-22","","","","","2.26","77.59","","","","",""
"2021-08-23","2732","","","","2.43","75.96","","","","",""
"2021-08-24","2735","","","","2.33","76.97","","","","",""
"2021-08-25","2730","","","","2.33","76.97","","","","",""
"2021-08-26","2647","","","","2.26","77.69","","","","",""
"2021-08-27","2694","55.21","77.58","29.01","2.15","78.68","","21.26","3.4","","11.99"
"2021-08-28","","","","","2.15","78.68","","","","",""
"2021-08-29","","","","","2.11","79.12","","","","",""
"2021-08-30","2718","","","","2.19","78.31","","","","",""
"2021-08-31","2689","","","","2.29","77.37","236.61","","","33.75",""
"2021-09-01","2704","","","","2.43","75.99","","","","",""
"2021-09-02","2687","","","","2.43","75.99","","","","",""
"2021-09-03","2727","54.99","77.27","29.5","2.42","76.03","","20.7","3.5","","14.13"
"2021-09-04","","","","","2.42","76.03","","","","",""
"2021-09-05","","","","","2.41","76.13","","","","",""
"2021-09-06","2739","","","","2.44","75.83","","","","",""
"2021-09-07","2865","","","","2.3","77.24","","","","",""
"2021-09-08","2903","","","","2.19","78.33","","","","",""
"2021-09-09","2984","","","","2.19","78.33","","","","",""
"2021-09-10","2964","54.36","76.39","28.52","","80.68","","21.63","3.4","","12.67"
"2021-09-11","","","","","2.02","79.98","","","","",""
"2021-09-12","","","","","2.07","79.49","","","","",""
"2021-09-13","2958","","","","2.05","79.74","","","","",""
"2021-09-14","2882","","","","2.06","79.64","","","","",""
"2021-09-15","2888","","","","2.06","79.64","","","","",""
"2021-09-16","3000","","","","2.07","79.49","","","","",""
"2021-09-17","2912","56.46","79.33","28.78","2.31","77.16","","18.45","3","","11.77"
"2021-09-18","","","","","2.82","72.11","","","","",""
"2021-09-19","","","","","2.79","72.41","","","","",""
"2021-09-20","","","","","2.86","71.71","","","","",""
"2021-09-21","","","","","2.86","71.71","","","","",""
"2021-09-22","3174","","","","2.72","73.07","","","","",""
"2021-09-23","3216","","","","2.66","73.65","","","","",""
"2021-09-24","3118","51.63","72.55","25.6","2.63","73.95","","15.49","2.7","","11.07"
"2021-09-25","","","","","2.63","73.95","","","","",""
"2021-09-26","","","","","2.63","73.93","","","","",""
"2021-09-27","3384","","","","2.73","72.92","","","","",""
"2021-09-28","3390","","","","2.74","72.92","","","","",""
"2021-09-29","3435","","","","2.74","72.92","","","","",""
"2021-09-30","3512","","","","2.78","72.52","226.53","","","26.58",""
"2021-10-01","","51.86","72.86","25.5","2.73","72.99","","15.92","2.7","","10.66"
"2021-10-02","","","","","2.48","75.47","","","","",""
"2021-10-03","","","","","2.59","74.34","","","","",""
"2021-10-04","","","","","2.53","74.98","","","","",""
"2021-10-05","","","","","2.43","75.97","","","","",""
"2021-10-06","","","","","2.37","76.56","","","","",""
"2021-10-07","","","","","2.33","76.88","","","","",""
"2021-10-08","3362","53.27","74.86","27.58","2.43","76","","17.88","2.9","","11.47"
"2021-10-09","","","","","2.43","76","","","","",""
"2021-10-10","","","","","2.72","73.1","","","","",""
"2021-10-11","3500","","","","2.77","72.55","","","","",""
"2021-10-12","3583","","","","2.54","74.86","","","","",""
"2021-10-13","3478","","","","2.56","74.66","","","","",""
"2021-10-14","3430","","","","2.64","73.88","","","","",""
"2021-10-15","3435","52.66","73.99","26.54","2.5","75.24","","18.71","2.9","","10.59"
"2021-10-16","","","","","2.5","75.24","","","","",""
"2021-10-17","","","","","2.47","75.54","","","","",""
"2021-10-18","3570","","","","2.4","76.29","","","","",""
"2021-10-19","3459","","","","2.39","76.32","","","","",""
"2021-10-20","3221","","","","2.39","76.32","","","","",""
"2021-10-21","3134","","","","2.39","76.32","","","","",""
"2021-10-22","3010","53.7","75.44","27.94","2.49","75.4","","20.21","3.4","","13.42"
"2021-10-23","","","","","2.21","78.17","","","","",""
"2021-10-24","","","","","2.15","","","","","",""
"2021-10-25","2828","","","","2.15","","","","","",""
"2021-10-26","2778","","","","2.29","","","","","",""
"2021-10-27","2833","","","","2.5","75.28","","","","",""
"2021-10-28","2860","","","","","75.28","","","","",""
"2021-10-29","2801","54.46","76.53","28.05","2.47","75.72","","21.11","3.6","","14.74"
"2021-10-30","","","","","2.47","75.72","","","","",""
"2021-10-31","","","","","2.47","75.72","237.36","","","35.85",""
"2021-11-01","2604","","","","2.45","75.91","","","","",""
"2021-11-02","2563","","","","2.47","75.73","","","","",""
"2021-11-03","2802","","","","2.43","76.11","","","","",""
"2021-11-04","2638","","","","2.43","76.11","","","","",""
"2021-11-05","2565","53.98","75.86","28.26","2.37","76.73","","23.1","4.1","","17.7"
"2021-11-06","","","","","2.05","79.81","","","","",""
"2021-11-07","","","","","2.05","79.87","","","","",""
"2021-11-08","2513","","","","2.02","80.16","","","","",""
"2021-11-09","2560","","","","2.1","79.34","","","","",""
"2021-11-10","2512","","","","2.1","79.34","","","","",""
"2021-11-11","2684","","","","2.17","78.64","","","","",""
"2021-11-12","2527","56.31","79.13","29.04","2.02","80.14","","29.64","5.9","","29.17"
"2021-11-13","","","","","2.2","78.37","","","","",""
"2021-11-14","","","","","2.41","76.34","","","","",""
"2021-11-15","2497","","","","2.58","74.6","","","","",""
"2021-11-16","2544","","","","2.78","72.66","","","","",""
"2021-11-17","2607","","","","2.78","72.66","","","","",""
"2021-11-18","2586","","","","2.78","72.66","","","","",""
"2021-11-19","2699","53.62","75.35","27.66","2.75","72.95","","37.71","7.6","","37.82"
"2021-11-20","","","","","2.67","73.71","","","","",""
"2021-11-21","","","","","2.68","73.61","","","","",""
"2021-11-22","2684","","","","2.68","73.66","","","","",""
"2021-11-23","2412","","","","2.16","78.77","","","","",""
"2021-11-24","2492","","","","2.39","76.46","","","","",""
"2021-11-25","2469","","","","2.39","76.46","","","","",""
"2021-11-26","2366","53.44","75.09","27.64","2.13","79.1","","48.39","10","","51.19"
"2021-11-27","","","","","1.9","81.27","","","","",""
"2021-11-28","","","","","1.79","82.39","","","","",""
"2021-11-29","2455","","","","1.79","82.39","","","","",""
"2021-11-30","2417","","","","1.79","82.39","231.27","","","99.58",""
"2021-12-01","2588","","","","1.74","82.92","","","","",""
"2021-12-02","2538","","","","1.74","82.92","","","","",""
"2021-12-03","2523","58.3","81.91","31.37","1.62","84.1","","63.72","12.6","","62.14"
"2021-12-04","","","","","1.62","84.1","","","","",""
"2021-12-05","","","","","1.75","82.82","","","","",""
"2021-12-06","2561","","","","1.75","82.82","","","","",""
"2021-12-07","2552","","","","1.75","82.82","","","","",""
"2021-12-08","2378","","","","1.75","82.82","","","","",""
"2021-12-09","2238","","","","1.75","82.82","","","","",""
"2021-12-10","2258","59.2","83.19","31.73","1.83","83.28","","73.66","14.7","","73.13"
"2021-12-11","","","","","1.67","83.57","","","","",""
"2021-12-12","","","","","1.67","83.57","","","","",""
"2021-12-13","2288","","","","1.67","83.57","","","","",""
"2021-12-14","2304","","","","1.83","82","","","","",""
"2021-12-15","2223","","","","1.96","80.71","","","","",""
"2021-12-16","2327","","","","1.92","81.1","","","","",""
"2021-12-17","2374","58.74","82.54","31.77","1.81","82.19","","83.28","16.1","","77.61"
"2021-12-18","","","","","1.81","82.19","","","","",""
"2021-12-19","","","","","1.92","81.07","","","","",""
"2021-12-20","2285","","","","2.04","79.93","","","","",""
"2021-12-21","2335","","","","2.17","78.69","","","","",""
"2021-12-22","2329","","","","2.17","78.69","","","","",""
"2021-12-23","2318","","","","2.56","74.81","","","","",""
"2021-12-24","2293","56.69","79.65","30.53","1.85","80.66","","91.4","17.1","","80.07"
"2021-12-25","","","","","2.2","77.03","","","","",""
"2021-12-26","","","","","2.2","77.03","","","","",""
"2021-12-27","2285","","","","2.21","76.9","","","","",""
"2021-12-28","2285","","","","1.87","80.48","","","","",""
"2021-12-29","2286","","","","1.87","80.48","","","","",""
"2021-12-30","2244","","","","1.85","80.32","","","","",""
"2021-12-31","2183","52.86","78.99","28.57","1.88","80.38","248.65","98.3","18.2","181.89","83.59"
"2022-01-01","","","","","1.7","82.19","","","","",""
"2022-01-02","","","","","1.7","82.19","","","","",""
"2022-01-03","","","","","1.65","82.71","","","","",""
"2022-01-04","2221","","","","1.74","81.82","","","","",""
"2022-01-05","2250","","","","1.56","83.7","","","","",""
"2022-01-06","2312","","","","1.56","83.7","","","","",""
"2022-01-07","2337","55.14","82.38","29.43","1.57","83.61","","99.57","18.4","","83.94"
"2022-01-08","","","","","1.5","84.34","","","","",""
"2022-01-09","","","","","1.6","83.29","","","","",""
"2022-01-10","2413","","","","1.6","83.29","","","","",""
"2022-01-11","2470","","","","1.7","82.26","","","","",""
"2022-01-12","2486","","","","1.78","81.43","","","","",""
"2022-01-13","2461","","","","1.78","81.43","","","","",""
"2022-01-14","2593","55.42","82.81","30.51","1.65","82.72","","103.77","18.2","","78.26"
"2022-01-15","","","","","1.65","82.72","","","","",""
"2022-01-16","","","","","1.65","82.72","","","","",""
"2022-01-17","2553","","","","1.71","82.08","","","","",""
"2022-01-18","2558","","","","1.65","82.76","","","","",""
"2022-01-19","2596","","","","1.84","80.72","","","","",""
"2022-01-20","2574","","","","1.84","80.72","","","","",""
"2022-01-21","2712","54.92","82.06","30.87","1.74","81.8","","95.43","16.4","","68.57"
"2022-01-22","","","","","1.69","82.31","","","","",""
"2022-01-23","","","","","1.65","82.7","","","","",""
"2022-01-24","2685","","","","1.56","83.72","","","","",""
"2022-01-25","2700","","","","1.52","84.06","","","","",""
"2022-01-26","2768","","","","1.52","84.06","","","","",""
"2022-01-27","2849","","","","1.52","84.06","","","","",""
"2022-01-28","2880","55.71","83.24","30.66","1.52","84.06","","83.68","14.9","","65.46"
"2022-01-29","","","","","1.52","84.06","","","","",""
"2022-01-30","","","","","1.52","84.06","","","","",""
"2022-01-31","","","","","1.52","84.06","238.78","","","149.14",""
"2022-02-01","","","","","1.58","83.46","","","","",""
"2022-02-02","","","","","1.58","83.46","","","","",""
"2022-02-03","","","","","1.58","83.46","","","","",""
"2022-02-04","","55.9","83.8","30.71","1.57","83.62","","83.68","14.9","","65.46"
"2022-02-05","","","","","1.57","83.62","","","","",""
"2022-02-06","","","","","1.57","83.62","","","","",""
"2022-02-07","2968","","","","1.57","83.62","","","","",""
"2022-02-08","2987","","","","1.59","83.39","","","","",""
"2022-02-09","2957","","","","1.59","83.39","","","","",""
"2022-02-10","3125","","","","1.59","83.39","","","","",""
"2022-02-11","2973","55.9","83.52","30.47","1.34","85.76","","92.42","16.8","","75.35"
"2022-02-12","","","","","1.34","85.76","","","","",""
"2022-02-13","","","","","1.34","85.76","","","","",""
"2022-02-14","2954","","","","1.36","85.54","","","","",""
"2022-02-15","2867","","","","1.3","86.18","","","","",""
"2022-02-16","2912","","","","1.6","82.98","","","","",""
"2022-02-17","2756","","","","1.6","82.98","","","","",""
"2022-02-18","2803","55.8","84.99","30.17","1.68","82.12","","91.1","16.4","","66.72"
"2022-02-19","","","","","1.68","82.12","","","","",""
"2022-02-20","","","","","1.69","82.02","","","","",""
"2022-02-21","2912","","","","1.38","85.34","","","","",""
"2022-02-22","2854","","","","1.2","87.26","","","","",""
"2022-02-23","2876","","","","1.2","87.26","","","","",""
"2022-02-24","2787","","","","1.2","87.26","","","","",""
"2022-02-25","2605","55.65","84.77","29.85","1.21","87.15","","82.41","14.9","","57.45"
"2022-02-26","","","","","1.21","87.15","","","","",""
"2022-02-27","","","","","1.21","87.15","","","","",""
"2022-02-28","2593","","","","1.12","88.11","221.11","","","139.86",""
"2022-03-01","2605","","","","1.12","88.11","","","","",""
"2022-03-02","2669","","","","1.09","88.37","","","","",""
"2022-03-03","2736","","","","1.09","88.37","","","","",""
"2022-03-04","2708","57.62","87.77","31.78","1.15","87.77","","75.63","13.8","","54.03"
"2022-03-05","","","","","1.15","87.77","","","","",""
"2022-03-06","","","","","1.15","87.77","","","","",""
"2022-03-07","2749","","","","1.05","88.81","","","","",""
"2022-03-08","2652","","","","1.05","88.81","","","","",""
"2022-03-09","2505","","","","1.03","89.03","","","","",""
"2022-03-10","2642","","","","1","89.24","","","","",""
"2022-03-11","2573","58.08","88.46","32.09","1","89.34","","79.66","14.3","","55.05"
"2022-03-12","","","","","0.98","89.56","","","","",""
"2022-03-13","","","","","0.95","89.88","","","","",""
"2022-03-14","2450","","","","0.95","89.88","","","","",""
"2022-03-15","2449","","","","0.95","89.88","","","","",""
"2022-03-16","2453","","","","0.95","89.88","","","","",""
"2022-03-17","2457","","","","0.95","89.88","","","","",""
"2022-03-18","2526","58.93","89.75","32.22","1.23","87.01","","83.59","14.8","","55.34"
"2022-03-19","","","","","1.23","87.01","","","","",""
"2022-03-20","","","","","1.35","85.76","","","","",""
"2022-03-21","2451","","","","1.35","85.76","","","","",""
"2022-03-22","2481","","","","1.35","85.76","","","","",""
"2022-03-23","2559","","","","1.25","86.82","","","","",""
"2022-03-24","2611","","","","1.25","86.82","","","","",""
"2022-03-25","2905","57.29","86.42","31.86","1.29","86.37","","83.4","15","","58"
"2022-03-26","","","","","1.37","85.52","","","","",""
"2022-03-27","","","","","1.37","85.52","","","","",""
"2022-03-28","2907","","","","1.37","85.52","","","","",""
"2022-03-29","2970","","","","1.37","85.52","","","","",""
"2022-03-30","3025","","","","1.37","85.52","","","","",""
"2022-03-31","3014","","","","1.37","85.52","242.17","","","137.41",""
"2022-04-01","3040","56.77","85.64","31.73","1.04","89.07","","77","14.5","","60.41"
"2022-04-02","","","","","1.3","86.26","","","","",""
"2022-04-03","","","","","1.49","84.25","","","","",""
"2022-04-04","","","","","1.49","84.25","","","","",""
"2022-04-05","","","","","1.13","88.05","","","","",""
"2022-04-06","2941","","","","1.11","88.27","","","","",""
"2022-04-07","2916","","","","0.97","89.8","","","","",""
"2022-04-08","2944","57.31","86.45","32.35","1.17","87.68","","77.61","14.7","","62.37"
"2022-04-09","","","","","1.34","85.89","","","","",""
"2022-04-10","","","","","1.24","86.95","","","","",""
"2022-04-11","2947","","","","1.16","87.79","","","","",""
"2022-04-12","3099","","","","1.05","88.94","","","","",""
"2022-04-13","3081","","","","1.05","88.94","","","","",""
"2022-04-14","3138","","","","1.05","88.94","","","","",""
"2022-04-15","3135","58.35","88.01","31.93","0.94","90.11","","77.98","14.8","","62.83"
"2022-04-16","","","","","0.94","90.11","","","","",""
"2022-04-17","","","","","1.07","88.74","","","","",""
"2022-04-18","3244","","","","1.28","86.47","","","","",""
"2022-04-19","3213","","","","1.17","87.67","","","","",""
"2022-04-20","3107","","","","1.03","89.17","","","","",""
"2022-04-21","3110","","","","1.03","89.17","","","","",""
"2022-04-22","3106","58.85","88.78","32.51","1.03","89.17","","75.6","14.2","","59.45"
"2022-04-23","","","","","1.03","89.17","","","","",""
"2022-04-24","","","","","1.03","89.17","","","","",""
"2022-04-25","2893","","","","1.07","88.7","","","","",""
"2022-04-26","2884","","","","1.05","88.91","","","","",""
"2022-04-27","2966","","","","0.93","90.18","","","","",""
"2022-04-28","3012","","","","0.93","90.18","","","","",""
"2022-04-29","3004","59.23","89.35","32.79","0.93","90.18","","64.7","12.4","","53.38"
"2022-04-30","","","","","0.93","90.18","235.95","","","118.08",""
"2022-05-01","","","","","0.89","90.59","","","","",""
"2022-05-02","","","","","0.85","91.01","","","","",""
"2022-05-03","","","","","0.83","91.22","","","","",""
"2022-05-04","","","","","0.83","91.22","","","","",""
"2022-05-05","3061","","","","0.93","90.17","","","","",""
"2022-05-06","2982","60.09","90.65","33.03","1.15","87.85","","54.85","10.7","","46.7"
"2022-05-07","","","","","1.59","83.21","","","","",""
"2022-05-08","","","","","1.56","83.55","","","","",""
"2022-05-09","2928","","","","1.45","84.71","","","","",""
"2022-05-10","2778","","","","1.47","84.53","","","","",""
"2022-05-11","2855","","","","1.16","87.8","","","","",""
"2022-05-12","2781","","","","1.16","87.8","","","","",""
"2022-05-13","2807","56.64","85.43","30.97","1.15","87.87","","48.31","9.2","","39.39"
"2022-05-14","","","","","1.33","85.91","","","","",""
"2022-05-15","","","","","1.3","86.23","","","","",""
"2022-05-16","2874","","","","1.3","86.23","","","","",""
"2022-05-17","2851","","","","1.12","88.15","","","","",""
"2022-05-18","2818","","","","1.12","88.15","","","","",""
"2022-05-19","2947","","","","1.04","88.97","","","","",""
"2022-05-20","2986","57.62","86.93","31.99","0.96","89.82","","41.63","8.1","","35.04"
"2022-05-21","","","","","1","89.45","","","","",""
"2022-05-22","","","","","1","89.45","","","","",""
"2022-05-23","2928","","","","0.93","90.19","","","","",""
"2022-05-24","2902","","","","0.91","90.4","","","","",""
"2022-05-25","2987","","","","0.89","90.56","","","","",""
"2022-05-26","2999","","","","0.89","90.56","","","","",""
"2022-05-27","3041","59.7","90.06","33.37","0.89","90.56","","30.03","6.1","","28.1"
"2022-05-28","","","","","0.89","90.56","","","","",""
"2022-05-29","","","","","1.2","87.35","","","","",""
"2022-05-30","3072","","","","1.15","87.88","","","","",""
"2022-05-31","3078","","","","1.19","87.45","240.07","","","58.13",""
"2022-06-01","3097","","","","1.19","87.45","","","","",""
"2022-06-02","3127","","","","1","89.39","","","","",""
"2022-06-03","","58.78","88.66","32.57","0.86","90.86","","23.54","5.2","","26.06"
"2022-06-04","","","","","0.76","91.92","","","","",""
"2022-06-05","","","","","0.67","92.83","","","","",""
"2022-06-06","3033","","","","0.67","92.83","","","","",""
"2022-06-07","3064","","","","0.67","92.83","","","","",""
"2022-06-08","3098","","","","0.8","91.5","","","","",""
"2022-06-09","3048","","","","0.78","91.71","","","","",""
"2022-06-10","3010","60.36","91.79","33.52","0.8","91.5","","20.81","5","","26.44"
"2022-06-11","","","","","0.78","91.71","","","","",""
"2022-06-12","","","","","0.76","91.92","","","","",""
"2022-06-13","3025","","","","0.98","89.58","","","","",""
"2022-06-14","2914","","","","1","89.37","","","","",""
"2022-06-15","2908","","","","0.99","89.48","","","","",""
"2022-06-16","2910","","","","1.22","86.97","","","","",""
"2022-06-17","2887","59.24","90.08","33.54","1.22","86.97","","18.61","4.6","","25.55"
"2022-06-18","","","","","1.22","86.97","","","","",""
"2022-06-19","","","","","1.27","86.46","","","","",""
"2022-06-20","2872","","","","1.28","86.28","","","","",""
"2022-06-21","2760","","","","1.24","86.82","","","","",""
"2022-06-22","2661","","","","1.24","86.82","","","","",""
"2022-06-23","2747","","","","1.24","86.82","","","","",""
"2022-06-24","2711","56.99","86.66","33.04","1.28","86.34","","18.09","4.2","","21.67"
"2022-06-25","","","","","1.49","84.12","","","","",""
"2022-06-26","","","","","1.27","86.47","","","","",""
"2022-06-27","2755","","","","1.21","87.17","","","","",""
"2022-06-28","2843","","","","1.21","87.17","","","","",""
"2022-06-29","2873","","","","1.53","83.76","","","","",""
"2022-06-30","2862","","","","1.63","82.69","231.43","","","34.22",""
"2022-07-01","2744","56.07","85.28","31.84","1.97","79.08","","15.2","3.6","","19.02"
"2022-07-02","","","","","1.88","80.03","","","","",""
"2022-07-03","","","","","1.83","80.57","","","","",""
"2022-07-04","2712","","","","1.8","80.89","","","","",""
"2022-07-05","2674","","","","1.77","81.12","","","","",""
"2022-07-06","2656","","","","1.71","81.82","","","","",""
"2022-07-07","2671","","","","1.71","81.82","","","","",""
"2022-07-08","2555","53.18","80.87","30.09","1.71","81.82","","19.52","4.2","","19.98"
"2022-07-09","","","","","1.71","81.82","","","","",""
"2022-07-10","","","","","1.84","80.44","","","","",""
"2022-07-11","2552","","","","2.06","78.02","","","","",""
"2022-07-12","2446","","","","1.96","79.15","","","","",""
"2022-07-13","2481","","","","1.93","79.47","","","","",""
"2022-07-14","2435","","","","1.93","79.47","","","","",""
"2022-07-15","2452","52.37","79.64","29.49","1.85","80.29","","23.03","4.6","","21.01"
"2022-07-16","","","","","1.62","82.76","","","","",""
"2022-07-17","","","","","1.58","82.76","","","","",""
"2022-07-18","2574","","","","1.63","82.62","","","","",""
"2022-07-19","2448","","","","1.67","82.22","","","","",""
"2022-07-20","2507","","","","1.77","81.16","","","","",""
"2022-07-21","2476","","","","1.77","81.16","","","","",""
"2022-07-22","2541","53.86","81.91","30.28","1.36","85.52","","27.97","5.3","","22.04"
"2022-07-23","","","","","2","78.75","","","","",""
"2022-07-24","","","","","2","78.75","","","","",""
"2022-07-25","2530","","","","2.14","77.27","","","","",""
"2022-07-26","2580","","","","2.56","72.75","","","","",""
"2022-07-27","2573","","","","2.68","71.47","","","","",""
"2022-07-28","2613","","","","2.52","73.17","","","","",""
"2022-07-29","2624","50.33","76.53","27.88","2.62","72.11","","27.93","5.6","","25.3"
"2022-07-30","","","","","2.6","72.3","","","","",""
"2022-07-31","","","","","2.64","71.79","209.98","","","53.23",""
"2022-08-01","2592","","","","2.64","71.9","","","","",""
"2022-08-02","2400","","","","2.62","72.12","","","","",""
"2022-08-03","2392","","","","2.47","73.71","","","","",""
"2022-08-04","2266","","","","1.94","79.36","","","","",""
"2022-08-05","2264","48.32","73.48","26.62","1.69","82.06","","31.69","6","","25.2"
"2022-08-06","","","","","1.81","80.79","","","","",""
"2022-08-07","","","","","1.81","80.79","","","","",""
"2022-08-08","2390","","","","1.91","79.66","","","","",""
"2022-08-09","2380","","","","2.21","76.47","","","","",""
"2022-08-10","2331","","","","2.21","76.47","","","","",""
"2022-08-11","2385","","","","2.21","76.47","","","","",""
"2022-08-12","2374","51.8","78.78","28.9","2.28","75.73","","32.74","6.2","","25.95"
"2022-08-13","","","","","2.37","74.74","","","","",""
"2022-08-14","","","","","2.37","74.74","","","","",""
"2022-08-15","2349","","","","2.62","72.14","","","","",""
"2022-08-16","2343","","","","2.92","68.91","","","","",""
"2022-08-17","2283","","","","2.91","69.04","","","","",""
"2022-08-18","2304","","","","2.91","69.04","","","","",""
"2022-08-19","2238","47.38","72.05","26.47","3.1","67.01","","31.41","5.9","","24.18"
"2022-08-20","","","","","3","68.08","","","","",""
"2022-08-21","","","","","2.79","70.29","","","","",""
"2022-08-22","2358","","","","2.89","69.22","","","","",""
"2022-08-23","2373","","","","2.89","69.22","","","","",""
"2022-08-24","2365","","","","2.65","71.76","","","","",""
"2022-08-25","2373","","","","2.47","73.68","","","","",""
"2022-08-26","2418","46.19","70.23","24.47","2.52","73.21","","29.11","5.3","","20.83"
"2022-08-27","","","","","2.47","73.74","","","","",""
"2022-08-28","","","","","2.54","72.91","","","","",""
"2022-08-29","2386","","","","2.92","68.95","","","","",""
"2022-08-30","2338","","","","2.92","68.9","","","","",""
"2022-08-31","2367","","","","2.68","71.47","194.3","","","49.94",""
"2022-09-01","2315","","","","2.64","71.88","","","","",""
"2022-09-02","2302","47.17","71.73","23.89","2.44","73.99","","23.66","4.6","","20.28"
"2022-09-03","","","","","2.18","76.81","","","","",""
"2022-09-04","","","","","2.14","77.24","","","","",""
"2022-09-05","2345","","","","1.91","79.69","","","","",""
"2022-09-06","2288","","","","2.02","78.46","","","","",""
"2022-09-07","2279","","","","2.01","78.64","","","","",""
"2022-09-08","2276","","","","2.01","78.64","","","","",""
"2022-09-09","2306","51.06","77.64","26.54","1.81","80.77","","26.57","4.6","","17.13"
"2022-09-10","","","","","1.73","81.57","","","","",""
"2022-09-11","","","","","1.57","83.27","","","","",""
"2022-09-12","","","","","1.34","85.69","","","","",""
"2022-09-13","2360","","","","1.71","81.82","","","","",""
"2022-09-14","2306","","","","1.71","81.82","","","","",""
"2022-09-15","2301","","","","1.71","81.82","","","","",""
"2022-09-16","2282","54.15","82.35","28.65","1.69","81.96","","29.43","4.9","","16.77"
"2022-09-17","","","","","1.66","82.28","","","","",""
"2022-09-18","","","","","1.46","84.47","","","","",""
"2022-09-19","2307","","","","1.46","84.47","","","","",""
"2022-09-20","2319","","","","1.62","82.73","","","","",""
"2022-09-21","2318","","","","1.62","82.73","","","","",""
"2022-09-22","2399","","","","1.62","82.73","","","","",""
"2022-09-23","2397","54.61","83.05","29.12","1.22","86.99","","30.52","4.6","","14.12"
"2022-09-24","","","","","1.34","85.73","","","","",""
"2022-09-25","","","","","1.46","84.45","","","","",""
"2022-09-26","2425","","","","1.46","84.45","","","","",""
"2022-09-27","2466","","","","1.76","81.26","","","","",""
"2022-09-28","2467","","","","1.74","81.53","","","","",""
"2022-09-29","2488","","","","1.74","81.53","","","","",""
"2022-09-30","2537","55.04","83.71","29.95","1.67","82.27","","22.51","3.6","34.21","11.7"
"2022-10-01","","","","","1.47","84.4","","","","",""
"2022-10-02","","","","","1.38","85.36","","","","",""
"2022-10-03","","","","","0.98","89.62","","","","",""
"2022-10-04","","","","","0.98","89.62","","","","",""
"2022-10-05","","","","","0.98","89.62","","","","",""
"2022-10-06","","","","","0.98","89.62","","","","",""
"2022-10-07","","57.4","87.29","29.85","1","89.33","","23.14","4.1","","15.96"
"2022-10-08","","","","","0.79","91.6","","","","",""
"2022-10-09","","","","","0.79","91.6","","","","",""
"2022-10-10","2530","","","","","","","","","",""
