date,close,菜油：产量：中国（周）,USDA：菜油：精炼：产量（月）,USDA：菜油：毛油：产量（月）,菜油：成交量合计：中国（日）,USDA：菜油：精炼：加工使用量（月）,USDA：菜油：毛油精炼：使用量（月）,菜油：进口：炼油厂：库存：中国（周）,菜油：进口：炼油厂：提货量：中国（周）,USDA：菜油：精炼：期末库存（月）,USDA：菜油：毛油：期末库存（月）
"2015-10-02","","4.0334","","","","","","","","",""
"2015-10-09","","4.1194","","","","","","","","",""
"2015-10-16","","2.9971","","","","","","","","",""
"2015-10-23","","2.9412","","","","","","","","",""
"2015-10-30","","3.2852","","","","","","","","",""
"2015-11-06","","3.8872","","","","","","","","",""
"2015-11-13","","3.7453","","","","","","","","",""
"2015-11-20","","3.0659","","","","","","","","",""
"2015-11-27","","2.3134","","","","","","","","",""
"2015-12-04","","2.6488","","","","","","","","",""
"2015-12-11","","2.5499","","","","","","","","",""
"2015-12-18","","2.2489","","","","","","","","",""
"2015-12-25","","3.1046","","","","","","","","",""
"2016-01-01","","2.6531","","","","","","","","",""
"2016-01-04","5656","","","","6500","","","","","",""
"2016-01-05","5696","","","","300","","","","","",""
"2016-01-06","5632","","","","2200","","","","","",""
"2016-01-07","5624","","","","2900","","","","","",""
"2016-01-08","5622","3.0788","","","800","","","","","",""
"2016-01-11","5584","","","","7800","","","","","",""
"2016-01-12","5534","","","","16000","","","","","",""
"2016-01-13","5540","","","","2900","","","","","",""
"2016-01-14","5540","","","","3600","","","","","",""
"2016-01-15","5538","2.9326","","","14600","","","","","",""
"2016-01-18","5568","","","","800","","","","","",""
"2016-01-19","5582","","","","1900","","","","","",""
"2016-01-20","5548","","","","500","","","","","",""
"2016-01-21","5532","","","","2000","","","","","",""
"2016-01-22","5572","2.9799","","","800","","","","","",""
"2016-01-25","5574","","","","700","","","","","",""
"2016-01-26","5580","","","","200","","","","","",""
"2016-01-27","5584","","","","700","","","","","",""
"2016-01-28","5568","","","","1100","","","","","",""
"2016-01-29","5546","2.0812","","","500","","","","","",""
"2016-02-01","5546","","","","0","","","","","",""
"2016-02-02","5578","","","","0","","","","","",""
"2016-02-03","5552","","","","","","","","","",""
"2016-02-04","5570","","","","","","","","","",""
"2016-02-05","5576","","","","","","","","","",""
"2016-02-15","5642","","","","0","","","","","",""
"2016-02-16","5626","","","","1720","","","","","",""
"2016-02-17","5612","","","","","","","","","",""
"2016-02-18","5622","","","","1950","","","","","",""
"2016-02-19","5588","1.0965","","","","","","","","",""
"2016-02-22","5592","","","","4700","","","","","",""
"2016-02-23","5560","","","","4200","","","","","",""
"2016-02-24","5526","","","","4000","","","","","",""
"2016-02-25","5514","","","","1300","","","","","",""
"2016-02-26","5494","3.8657","","","650","","","","","",""
"2016-02-29","5492","","","","800","","","","","",""
"2016-03-01","5484","","","","3300","","","","","",""
"2016-03-02","5458","","","","5600","","","","","",""
"2016-03-03","5468","","","","850","","","","","",""
"2016-03-04","5494","3.4271","","","1200","","","","","",""
"2016-03-07","5558","","","","1000","","","","","",""
"2016-03-08","5540","","","","0","","","","","",""
"2016-03-09","5546","","","","6000","","","","","",""
"2016-03-10","5538","","","","0","","","","","",""
"2016-03-11","5760","3.4486","","","0","","","","","",""
"2016-03-14","5770","","","","0","","","","","",""
"2016-03-15","5750","","","","0","","","","","",""
"2016-03-16","5750","","","","400","","","","","",""
"2016-03-17","5856","","","","1000","","","","","",""
"2016-03-18","5896","2.8466","","","2300","","","","","",""
"2016-03-21","5938","","","","7100","","","","","",""
"2016-03-22","5980","","","","12000","","","","","",""
"2016-03-23","5928","","","","8000","","","","","",""
"2016-03-24","5854","","","","3200","","","","","",""
"2016-03-25","5920","2.5112","","","8500","","","","","",""
"2016-03-28","5902","","","","1000","","","","","",""
"2016-03-29","5894","","","","0","","","","","",""
"2016-03-30","5850","","","","900","","","","","",""
"2016-03-31","5862","","","","1400","","","","","",""
"2016-04-01","5966","2.7133","","","10300","","","","","",""
"2016-04-05","5960","","","","5000","","","","","",""
"2016-04-06","5890","","","","1200","","","","","",""
"2016-04-07","5924","","","","2000","","","","","",""
"2016-04-08","5886","2.365","","","1000","","","","","",""
"2016-04-11","5972","","","","0","","","","","",""
"2016-04-12","5972","","","","0","","","","","",""
"2016-04-13","6012","","","","","","","","","",""
"2016-04-14","6062","","","","100","","","","","",""
"2016-04-15","5998","3.1003","","","2000","","","","","",""
"2016-04-18","5994","","","","300","","","","","",""
"2016-04-19","6066","","","","0","","","","","",""
"2016-04-20","6166","","","","1150","","","","","",""
"2016-04-21","6310","","","","1100","","","","","",""
"2016-04-22","6234","2.5929","","","1000","","","","","",""
"2016-04-25","6202","","","","0","","","","","",""
"2016-04-26","6194","","","","0","","","","","",""
"2016-04-27","6186","","","","4000","","","","","",""
"2016-04-28","6070","","","","8700","","","","","",""
"2016-04-29","6006","3.784","","","2950","","","","","",""
"2016-05-03","6044","","","","700","","","","","",""
"2016-05-04","6084","","","","600","","","","","",""
"2016-05-05","6074","","","","0","","","","","",""
"2016-05-06","5978","3.956","","","2800","","","","","",""
"2016-05-09","6112","","","","300","","","","","",""
"2016-05-10","6118","","","","0","","","","","",""
"2016-05-11","6286","","","","1100","","","","","",""
"2016-05-12","6240","","","","150","","","","","",""
"2016-05-13","5986","3.6034","","","2800","","","","","",""
"2016-05-16","6002","","","","1100","","","","","",""
"2016-05-17","6132","","","","2100","","","","","",""
"2016-05-18","6122","","","","2000","","","","","",""
"2016-05-19","6074","","","","0","","","","","",""
"2016-05-20","6038","3.6034","","","1500","","","","","",""
"2016-05-23","5856","","","","1800","","","","","",""
"2016-05-24","5872","","","","500","","","","","",""
"2016-05-25","5852","","","","1300","","","","","",""
"2016-05-26","5974","","","","200","","","","","",""
"2016-05-27","5946","3.397","","","0","","","","","",""
"2016-05-30","6096","","","","400","","","","","",""
"2016-05-31","6060","","136502","112422","0","148301","140461","","","66343",""
"2016-06-01","6086","","","","0","","","","","",""
"2016-06-02","6122","","","","500","","","","","",""
"2016-06-03","6276","3.1777","","","0","","","","","",""
"2016-06-06","6320","","","","5000","","","","","",""
"2016-06-07","6386","","","","100","","","","","",""
"2016-06-08","6318","","","","100","","","","","",""
"2016-06-10","","2.1887","","","","","","","","",""
"2016-06-12","","","","","0","","","","","",""
"2016-06-13","6272","","","","3000","","","","","",""
"2016-06-14","6210","","","","6000","","","","","",""
"2016-06-15","6170","","","","3500","","","","","",""
"2016-06-16","6090","","","","0","","","","","",""
"2016-06-17","6086","1.6555","","","300","","","","","",""
"2016-06-20","6102","","","","0","","","","","",""
"2016-06-21","6078","","","","7200","","","","","",""
"2016-06-22","6134","","","","2800","","","","","",""
"2016-06-23","6110","","","","3700","","","","","",""
"2016-06-24","6036","2.9928","","","0","","","","","",""
"2016-06-27","6144","","","","1000","","","","","",""
"2016-06-28","6196","","","","4000","","","","","",""
"2016-06-29","6172","","","","0","","","","","",""
"2016-06-30","6240","","151681","167583","11000","159341","157125","","","56223",""
"2016-07-01","6278","2.9584","","","0","","","","","",""
"2016-07-04","6522","","","","0","","","","","",""
"2016-07-05","6494","","","","0","","","","","",""
"2016-07-06","6252","","","","0","","","","","",""
"2016-07-07","6150","","","","2200","","","","","",""
"2016-07-08","6152","3.3239","","","","","","","","",""
"2016-07-11","6218","","","","0","","","","","",""
"2016-07-12","6170","","","","0","","","","","",""
"2016-07-13","6488","","","","0","","","","","",""
"2016-07-14","6518","","","","100","","","","","",""
"2016-07-15","6494","2.0898","","","","","","","","",""
"2016-07-18","6482","","","","0","","","","","",""
"2016-07-19","6432","","","","0","","","","","",""
"2016-07-20","6492","","","","0","","","","","",""
"2016-07-21","6490","","","","0","","","","","",""
"2016-07-22","6396","1.9737","","","0","","","","","",""
"2016-07-25","6324","","","","16200","","","","","",""
"2016-07-26","6264","","","","5700","","","","","",""
"2016-07-27","6248","","","","3150","","","","","",""
"2016-07-28","6198","","","","5700","","","","","",""
"2016-07-29","6146","3.053","","","6000","","","","","",""
"2016-07-31","","","137673","162239","","153088","142799","","","54754",""
"2016-08-01","6252","","","","5000","","","","","",""
"2016-08-02","6258","","","","1000","","","","","",""
"2016-08-03","6268","","","","0","","","","","",""
"2016-08-04","6288","","","","2000","","","","","",""
"2016-08-05","6244","3.268","","","2500","","","","","",""
"2016-08-08","6292","","","","2300","","","","","",""
"2016-08-09","6318","","","","16000","","","","","",""
"2016-08-10","6290","","","","9000","","","","","",""
"2016-08-11","6216","","","","3800","","","","","",""
"2016-08-12","6252","3.2207","","","1800","","","","","",""
"2016-08-15","6404","","","","100","","","","","",""
"2016-08-16","6438","","","","0","","","","","",""
"2016-08-17","6464","","","","500","","","","","",""
"2016-08-18","6466","","","","15100","","","","","",""
"2016-08-19","6538","3.9345","","","0","","","","","",""
"2016-08-22","6432","","","","1000","","","","","",""
"2016-08-23","6420","","","","1200","","","","","",""
"2016-08-24","6508","","","","150","","","","","",""
"2016-08-25","6382","","","","3000","","","","","",""
"2016-08-26","6344","3.2895","","","1700","","","","","",""
"2016-08-29","6338","","","","1150","","","","","",""
"2016-08-30","6354","","","","0","","","","","",""
"2016-08-31","6218","","114497","146060","500","144025","118238","","","48571","252305"
"2016-09-01","6212","","","","0","","","","","",""
"2016-09-02","6224","3.3927","","","2200","","","","","",""
"2016-09-05","6264","","","","0","","","","","",""
"2016-09-06","6278","","","","150","","","","","",""
"2016-09-07","6284","","","","0","","","","","",""
"2016-09-08","6286","","","","300","","","","","",""
"2016-09-09","6330","3.5905","","","3150","","","","","",""
"2016-09-12","6198","","","","650","","","","","",""
"2016-09-13","6232","","","","4500","","","","","",""
"2016-09-14","6104","","","","1500","","","","","",""
"2016-09-16","","4.1495","","","","","","","","",""
"2016-09-19","6184","","","","8000","","","","","",""
"2016-09-20","6390","","","","9300","","","","","",""
"2016-09-21","6356","","","","500","","","","","",""
"2016-09-22","6370","","","","3500","","","","","",""
"2016-09-23","6422","3.1605","","","1000","","","","","",""
"2016-09-26","6460","","","","1000","","","","","",""
"2016-09-27","6406","","","","1000","","","","","",""
"2016-09-28","6326","","","","0","","","","","",""
"2016-09-29","6322","","","","1000","","","","","",""
"2016-09-30","6308","3.01","175943","183019","0","159696","179376","","","52629",""
"2016-10-08","","","","","0","","","","","",""
"2016-10-09","","","","","0","","","","","",""
"2016-10-10","6256","","","","4900","","","","","",""
"2016-10-11","6380","","","","1200","","","","","",""
"2016-10-12","6422","","","","500","","","","","",""
"2016-10-13","6386","","","","1000","","","","","",""
"2016-10-14","6510","2.4381","","","0","","","","","",""
"2016-10-17","6670","","","","0","","","","","",""
"2016-10-18","6822","","","","0","","","","","",""
"2016-10-19","6948","","","","0","","","","","",""
"2016-10-20","6906","","","","1000","","","","","",""
"2016-10-21","6842","2.9971","","","500","","","","","",""
"2016-10-24","6974","","","","500","","","","","",""
"2016-10-25","6950","","","","0","","","","","",""
"2016-10-26","6988","","","","0","","","","","",""
"2016-10-27","6892","","","","","","","","","",""
"2016-10-28","6924","2.7348","","","800","","","","","",""
"2016-10-31","6878","","168687","178791","7300","172369","173485","","","52301",""
"2016-11-01","6874","","","","0","","","","","",""
"2016-11-02","6796","","","","0","","","","","",""
"2016-11-03","6832","","","","0","","","","","",""
"2016-11-04","6752","0.9718","","","0","","","","","",""
"2016-11-07","6814","","","","0","","","","","",""
"2016-11-08","6882","","","","0","","","","","",""
"2016-11-09","6810","","","","0","","","","","",""
"2016-11-10","6908","","","","4500","","","","","",""
"2016-11-11","7056","0.9245","","","5000","","","","","",""
"2016-11-14","6768","","","","","","","","","",""
"2016-11-15","6752","","","","","","","","","",""
"2016-11-16","6842","","","","","","","","","",""
"2016-11-17","6820","","","","","","","","","",""
"2016-11-18","6808","0.8127","","","","","","","","",""
"2016-11-21","6880","","","","0","","","","","",""
"2016-11-22","6910","","","","2000","","","","","",""
"2016-11-23","6894","","","","0","","","","","",""
"2016-11-24","7126","","","","0","","","","","",""
"2016-11-25","7322","1.5222","","","0","","","","","",""
"2016-11-28","7592","","","","200","","","","","",""
"2016-11-29","7510","","","","0","","","","","",""
"2016-11-30","7670","","163910","178189","0","160103","169205","","","66486",""
"2016-12-01","7662","","","","0","","","","","",""
"2016-12-02","7682","2.6875","","","0","","","","","",""
"2016-12-05","7698","","","","2000","","","","","",""
"2016-12-06","7656","","","","2000","","","","","",""
"2016-12-07","7714","","","","60","","","","","",""
"2016-12-08","7616","","","","","","","","","",""
"2016-12-09","7536","3.311","","","0","","","","","",""
"2016-12-12","7614","","","","0","","","","","",""
"2016-12-13","7596","","","","0","","","","","",""
"2016-12-14","7570","","","","0","","","","","",""
"2016-12-15","7594","","","","0","","","","","",""
"2016-12-16","7580","3.2422","","","0","","","","","",""
"2016-12-19","7626","","","","3000","","","","","",""
"2016-12-20","7430","","","","1600","","","","","",""
"2016-12-21","7416","","","","1300","","","","","",""
"2016-12-22","7326","","","","0","","","","","",""
"2016-12-23","7162","3.1218","","","0","","","","","",""
"2016-12-26","7110","","","","0","","","","","",""
"2016-12-27","7262","","","","804","","","","","",""
"2016-12-28","7226","","","","200","","","","","",""
"2016-12-29","7232","","","","1500","","","","","",""
"2016-12-30","7230","2.3994","","","0","","","","","",""
"2016-12-31","","","117307","149916","","138866","120438","","","68912","237622"
"2017-01-03","7172","","","","1000","","","","","",""
"2017-01-04","7130","","","","","","","","","",""
"2017-01-05","7124","","","","0","","","","","",""
"2017-01-06","7014","2.3908","","","","","","","","",""
"2017-01-09","7040","","","","0","","","","","",""
"2017-01-10","7092","","","","0","","","","","",""
"2017-01-11","7134","","","","1000","","","","","",""
"2017-01-12","7116","","","","5000","","","","","",""
"2017-01-13","7116","2.5499","","","2200","","","","","",""
"2017-01-16","7226","","","","2000","","","","","",""
"2017-01-17","7300","","","","0","","","","","",""
"2017-01-18","7234","","","","0","","","","","",""
"2017-01-19","7252","","","","0","","","","","",""
"2017-01-20","7194","3.8915","","","0","","","","","",""
"2017-01-23","7186","","","","","","","","","",""
"2017-01-24","7254","","","","","","","","","",""
"2017-01-25","7142","","","","","","","","","",""
"2017-01-26","7116","","","","","","","","","",""
"2017-01-27","","","","","0","","","","","",""
"2017-01-28","","","","","2064","","","","","",""
"2017-01-31","","","114721","150873","","132805","117494","","","82693",""
"2017-02-03","7056","1.8146","","","","","","","","",""
"2017-02-06","7116","","","","0","","","","","",""
"2017-02-07","7088","","","","0","","","","","",""
"2017-02-08","7166","","","","0","","","","","",""
"2017-02-09","7142","","","","240","","","","","",""
"2017-02-10","7236","3.1562","","","3000","","","","","",""
"2017-02-13","7168","","","","0","","","","","",""
"2017-02-14","7090","","","","10","","","","","",""
"2017-02-15","7062","","","","0","","","","","",""
"2017-02-16","7034","","","","0","","","","","",""
"2017-02-17","6916","3.9904","","","2000","","","","","",""
"2017-02-20","6948","","","","200","","","","","",""
"2017-02-21","6924","","","","0","","","","","",""
"2017-02-22","6904","","","","0","","","","","",""
"2017-02-23","6824","","","","0","","","","","",""
"2017-02-24","6836","3.354","","","0","","","","","",""
"2017-02-27","6812","","","","","","","","","",""
"2017-02-28","6820","","117142","139943","","130698","120579","","","80974",""
"2017-03-01","6890","","","","0","","","","","",""
"2017-03-02","6912","","","","10","","","","","",""
"2017-03-03","6898","4.2441","","","1600","","","","","",""
"2017-03-06","6882","","","","0","","","","","",""
"2017-03-07","6760","","","","0","","","","","",""
"2017-03-08","6674","","","","0","","","","","",""
"2017-03-09","6588","","","","0","","","","","",""
"2017-03-10","6430","5.1041","","","0","","","","","",""
"2017-03-13","6570","","","","","","","","","",""
"2017-03-14","6546","","","","","","","","","",""
"2017-03-15","6514","","","","","","","","","",""
"2017-03-16","6454","","","","","","","","","",""
"2017-03-17","6482","3.0143","","","","","","","","",""
"2017-03-20","6466","","","","","","","","","",""
"2017-03-21","6486","","","","0","","","","","",""
"2017-03-22","6476","","","","0","","","","","",""
"2017-03-23","6364","","","","43","","","","","",""
"2017-03-24","6622","3.5432","","","0","","","","","",""
"2017-03-27","6512","","","","0","","","","","",""
"2017-03-28","6520","","","","0","","","","","",""
"2017-03-29","6522","","","","0","","","","","",""
"2017-03-30","6444","","","","0","","","","","",""
"2017-03-31","6328","2.236","122893","156376","0","147501","125993","","","84192",""
"2017-04-05","6366","","","","0","","","","","",""
"2017-04-06","6336","","","","0","","","","","",""
"2017-04-07","6264","3.354","","","35","","","","","",""
"2017-04-10","6330","","","","0","","","","","",""
"2017-04-11","6360","","","","1000","","","","","",""
"2017-04-12","6208","","","","0","","","","","",""
"2017-04-13","6278","","","","0","","","","","",""
"2017-04-14","6306","4.0721","","","150","","","","","",""
"2017-04-17","6340","","","","800","","","","","",""
"2017-04-18","6314","","","","0","","","","","",""
"2017-04-19","6222","","","","1500","","","","","",""
"2017-04-20","6266","","","","0","","","","","",""
"2017-04-21","6276","4.7214","","","500","","","","","",""
"2017-04-24","6350","","","","550","","","","","",""
"2017-04-25","6306","","","","0","","","","","",""
"2017-04-26","6280","","","","1020","","","","","",""
"2017-04-27","6342","","","","130","","","","","",""
"2017-04-28","6312","4.4591","","","","","","","","",""
"2017-04-30","","","126667","141282","","148682","129821","","","70452","252570"
"2017-05-02","6432","","","","1000","","","","","",""
"2017-05-03","6434","","","","7500","","","","","",""
"2017-05-04","6426","","","","1800","","","","","",""
"2017-05-05","6350","3.6378","","","0","","","","","",""
"2017-05-08","6452","","","","0","","","","","",""
"2017-05-09","6434","","","","1000","","","","","",""
"2017-05-10","6382","","","","0","","","","","",""
"2017-05-11","6460","","","","92","","","","","",""
"2017-05-12","6430","3.913","","","300","","","","","",""
"2017-05-15","6452","","","","2400","","","","","",""
"2017-05-16","6516","","","","0","","","","","",""
"2017-05-17","6516","","","","7312","","","","","",""
"2017-05-18","6460","","","","0","","","","","",""
"2017-05-19","6410","4.4376","","","0","","","","","",""
"2017-05-22","6484","","","","","","","","","",""
"2017-05-23","6412","","","","","","","","","",""
"2017-05-24","6340","","","","","","","","","",""
"2017-05-25","6320","","","","1500","","","","","",""
"2017-05-26","6218","4.7429","","","500","","","","","",""
"2017-05-31","6032","","99453","93072","0","132287","102291","","","75320","218989"
"2017-06-01","6034","","","","3000","","","","","",""
"2017-06-02","6048","3.913","","","900","","","","","",""
"2017-06-05","6084","","","","250","","","","","",""
"2017-06-06","6150","","","","650","","","","","",""
"2017-06-07","6164","","","","30","","","","","",""
"2017-06-08","6146","","","","0","","","","","",""
"2017-06-09","6234","4.3602","","","","","","","","",""
"2017-06-12","6314","","","","","","","","","",""
"2017-06-13","6270","","","","0","","","","","",""
"2017-06-14","6296","","","","","","","","","",""
"2017-06-15","6322","","","","0","","","","","",""
"2017-06-16","6376","4.1495","","","0","","","","","",""
"2017-06-19","6440","","","","36","","","","","",""
"2017-06-20","6370","","","","1000","","","","","",""
"2017-06-21","6320","","","","200","","","","","",""
"2017-06-22","6290","","","","400","","","","","",""
"2017-06-23","6270","3.2379","","","0","","","","","",""
"2017-06-26","6278","","","","0","","","","","",""
"2017-06-27","6354","","","","0","","","","","",""
"2017-06-28","6372","","","","1500","","","","","",""
"2017-06-29","6408","","","","3500","","","","","",""
"2017-06-30","6386","4.4161","123762","137528","0","131335","126836","","","77373","228934"
"2017-07-03","6458","","","","0","","","","","",""
"2017-07-04","6340","","","","","","","","","",""
"2017-07-05","6372","","","","1000","","","","","",""
"2017-07-06","6410","","","","","","","","","",""
"2017-07-07","6462","","","","500","","","","","",""
"2017-07-10","6584","","","","800","","","","","",""
"2017-07-11","6582","","","","0","","","","","",""
"2017-07-12","6586","","","","","","","","","",""
"2017-07-13","6532","","","","800","","","","","",""
"2017-07-14","6484","4.1495","","","0","","","","","",""
"2017-07-17","6538","","","","0","","","","","",""
"2017-07-18","6518","","","","0","","","","","",""
"2017-07-19","6566","","","","1300","","","","","",""
"2017-07-20","6628","","","","1000","","","","","",""
"2017-07-21","6638","5.1643","","","800","","","","","",""
"2017-07-24","6540","","","","5500","","","","","",""
"2017-07-25","6668","","","","200","","","","","",""
"2017-07-26","6560","","","","0","","","","","",""
"2017-07-27","6616","","","","2000","","","","","",""
"2017-07-28","6510","3.9173","","","0","","","","","",""
"2017-07-31","6616","","115452","135463","2000","144772","118480","","","82269","224794"
"2017-08-01","6622","","","","1000","","","","","",""
"2017-08-02","6772","","","","2000","","","","","",""
"2017-08-03","6702","","","","3000","","","","","",""
"2017-08-04","6700","3.7195","","","5000","","","","","",""
"2017-08-07","6700","","","","0","","","","","",""
"2017-08-08","6810","","","","","","","","","",""
"2017-08-09","6840","","","","0","","","","","",""
"2017-08-10","6882","","","","0","","","","","",""
"2017-08-11","6928","4.7773","","","0","","","","","",""
"2017-08-14","6900","","","","0","","","","","",""
"2017-08-15","6880","","","","2100","","","","","",""
"2017-08-16","6776","","","","1150","","","","","",""
"2017-08-17","6820","","","","100","","","","","",""
"2017-08-18","6874","3.7711","","","1400","","","","","",""
"2017-08-21","6854","","","","1600","","","","","",""
"2017-08-22","6976","","","","4500","","","","","",""
"2017-08-23","7042","","","","5000","","","","","",""
"2017-08-24","7044","","","","2800","","","","","",""
"2017-08-25","7002","3.8184","","","0","","","","","",""
"2017-08-28","7020","","","","2000","","","","","",""
"2017-08-29","6964","","","","760","","","","","",""
"2017-08-30","6944","","","","1400","","","","","",""
"2017-08-31","6958","","136389","126810","5000","141797","140437","","","71972","214063"
"2017-09-01","6986","5.0697","","","0","","","","","",""
"2017-09-04","7024","","","","500","","","","","",""
"2017-09-05","7048","","","","2100","","","","","",""
"2017-09-06","7006","","","","600","","","","","",""
"2017-09-07","7004","","","","160","","","","","",""
"2017-09-08","6902","4.4333","","","730","","","","","",""
"2017-09-11","6942","","","","1700","","","","","",""
"2017-09-12","6914","","","","200","","","","","",""
"2017-09-13","6868","","","","4150","","","","","",""
"2017-09-14","6934","","","","4150","","","","","",""
"2017-09-15","6954","4.128","","","2500","","","","","",""
"2017-09-18","6876","","","","1000","","","","","",""
"2017-09-19","6846","","","","5000","","","","","",""
"2017-09-20","6870","","","","100","","","","","",""
"2017-09-21","6842","","","","3260","","","","","",""
"2017-09-22","6818","3.9001","","","2735","","","","","",""
"2017-09-25","6694","","","","1320","","","","","",""
"2017-09-26","6678","","","","0","","","","","",""
"2017-09-27","6672","","","","1250","","","","","",""
"2017-09-28","6566","","","","0","","","","","",""
"2017-09-29","6606","","","","2967","","","","","",""
"2017-09-30","","","149992","165119","","176130","154565","","","94807",""
"2017-10-09","6618","","","","629","","","","","",""
"2017-10-10","6578","","","","1400","","","","","",""
"2017-10-11","6574","","","","","","","","","",""
"2017-10-12","6646","","","","11560","","","","","",""
"2017-10-13","6694","2.7735","","","2750","","","","","",""
"2017-10-16","6720","","","","2400","","","","","",""
"2017-10-17","6730","","","","2200","","","","","",""
"2017-10-18","6692","","","","1500","","","","","",""
"2017-10-19","6586","","","","2700","","","","","",""
"2017-10-20","6652","2.6015","","","1000","","","","","",""
"2017-10-23","6706","","","","2095","","","","","",""
"2017-10-24","6724","","","","500","","","","","",""
"2017-10-25","6822","","","","3400","","","","","",""
"2017-10-26","6866","","","","600","","","","","",""
"2017-10-27","6888","3.6378","","","600","","","","","",""
"2017-10-30","6904","","","","3800","","","","","",""
"2017-10-31","6858","","146037","155984","0","162986","149511","","","88706","166734"
"2017-11-01","6848","","","","40","","","","","",""
"2017-11-02","6878","","","","0","","","","","",""
"2017-11-03","6846","2.1113","","","2000","","","","","",""
"2017-11-06","6850","","","","800","","","","","",""
"2017-11-07","6884","","","","70","","","","","",""
"2017-11-08","6862","","","","1000","","","","","",""
"2017-11-09","6896","","","","1000","","","","","",""
"2017-11-10","6802","3.1863","","","1350","","","","","",""
"2017-11-13","6774","","","","750","","","","","",""
"2017-11-14","6744","","","","1000","","","","","",""
"2017-11-15","6704","","","","1380","","","","","",""
"2017-11-16","6690","","","","3500","","","","","",""
"2017-11-17","6680","3.9474","","","2650","","","","","",""
"2017-11-20","6670","","","","1520","","","","","",""
"2017-11-21","6652","","","","2400","","","","","",""
"2017-11-22","6690","","","","1550","","","","","",""
"2017-11-23","6676","","","","500","","","","","",""
"2017-11-24","6702","3.0917","","","2150","","","","","",""
"2017-11-27","6822","","","","650","","","","","",""
"2017-11-28","6808","","","","4200","","","","","",""
"2017-11-29","6758","","","","3100","","","","","",""
"2017-11-30","6816","","126549","129766","1650","155300","129749","","","81801","179148"
"2017-12-01","6800","1.9006","","","600","","","","","",""
"2017-12-04","6804","","","","1300","","","","","",""
"2017-12-05","6690","","","","29","","","","","",""
"2017-12-06","6728","","","","800","","","","","",""
"2017-12-07","6640","","","","0","","","","","",""
"2017-12-08","6660","","","","0","","","","","",""
"2017-12-11","6684","","","","0","","","","","",""
"2017-12-12","6698","","","","0","","","","","",""
"2017-12-13","6688","","","","800","","","","","",""
"2017-12-14","6592","","","","0","","","","","",""
"2017-12-15","6612","1.9909","","","50","","","","","",""
"2017-12-18","6662","","","","0","","","","","",""
"2017-12-19","6594","","","","1500","","","","","",""
"2017-12-20","6596","","","","300","","","","","",""
"2017-12-21","6496","","","","52","","","","","",""
"2017-12-22","6410","2.6058","","","0","","","","","",""
"2017-12-25","6470","","","","0","","","","","",""
"2017-12-26","6458","","","","1000","","","","","",""
"2017-12-27","6472","","","","0","","","","","",""
"2017-12-28","6430","","","","3550","","","","","",""
"2017-12-29","6418","2.9154","","","0","","","","","",""
"2017-12-31","","","115972","150263","","138378","119040","","","90766","158539"
"2018-01-02","6538","","","","0","","","","","",""
"2018-01-03","6560","","","","500","","","","","",""
"2018-01-04","6602","","","","1600","","","","","",""
"2018-01-05","6628","2.8208","","","2000","","","","","",""
"2018-01-08","6580","","","","2500","","","","","",""
"2018-01-09","6590","","","","0","","","","","",""
"2018-01-10","6586","","","","3000","","","","","",""
"2018-01-11","6570","","","","","","","","","",""
"2018-01-12","6512","2.8122","","","500","","","","","",""
"2018-01-15","6492","","","","70","","","","","",""
"2018-01-16","6432","","","","100","","","","","",""
"2018-01-17","6452","","","","5000","","","","","",""
"2018-01-18","6466","","","","0","","","","","",""
"2018-01-19","6386","3.3497","","","0","","","","","",""
"2018-01-22","6444","","","","0","","","","","",""
"2018-01-23","6460","","","","3000","","","","","",""
"2018-01-24","6498","","","","10300","","","","","",""
"2018-01-25","6490","","","","0","","","","","",""
"2018-01-26","6518","2.4768","","","500","","","","","",""
"2018-01-29","6512","","","","1000","","","","","",""
"2018-01-30","6420","","","","0","","","","","",""
"2018-01-31","6458","","99880","140308","1700","132503","102096","","","109083","168408"
"2018-02-01","6424","","","","1500","","","","","",""
"2018-02-02","6344","1.9264","","","100","","","","","",""
"2018-02-05","6354","","","","0","","","","","",""
"2018-02-06","6330","","","","0","","","","","",""
"2018-02-07","6330","","","","","","","","","",""
"2018-02-08","6332","","","","1200","","","","","",""
"2018-02-09","6298","1.7888","","","300","","","","","",""
"2018-02-12","6300","","","","","","","","","",""
"2018-02-13","6298","","","","","","","","","",""
"2018-02-14","6240","","","","","","","","","",""
"2018-02-22","6238","","","","0","","","","","",""
"2018-02-23","6350","0.7138","","","0","","","","","",""
"2018-02-26","6378","","","","4900","","","","","",""
"2018-02-27","6358","","","","5100","","","","","",""
"2018-02-28","6390","","112078","128363","1000","133776","115194","","","92840",""
"2018-03-01","6390","","","","500","","","","","",""
"2018-03-02","6440","2.6961","","","5000","","","","","",""
"2018-03-05","6378","","","","4200","","","","","",""
"2018-03-06","6364","","","","4500","","","","","",""
"2018-03-07","6302","","","","1800","","","","","",""
"2018-03-08","6308","","","","1600","","","","","",""
"2018-03-09","6236","3.9474","","","1000","","","","","",""
"2018-03-12","6266","","","","4200","","","","","",""
"2018-03-13","6366","","","","10530","","","","","",""
"2018-03-14","6348","","","","7000","","","","","",""
"2018-03-15","6332","","","","22000","","","","","",""
"2018-03-16","6340","4.5408","","","4100","","","","","",""
"2018-03-19","6406","","","","0","","","","","",""
"2018-03-20","6378","","","","7500","","","","","",""
"2018-03-21","6326","","","","1800","","","","","",""
"2018-03-22","6376","","","","2110","","","","","",""
"2018-03-23","6340","4.4548","","","1100","","","","","",""
"2018-03-26","6320","","","","5600","","","","","",""
"2018-03-27","6278","","","","1350","","","","","",""
"2018-03-28","6280","","","","7700","","","","","",""
"2018-03-29","6404","","","","21700","","","","","",""
"2018-03-30","6464","2.5499","","","9100","","","","","",""
"2018-03-31","","","121234","139998","","145358","123888","","","82562",""
"2018-04-02","6558","","","","1000","","","","","",""
"2018-04-03","6548","","","","1600","","","","","",""
"2018-04-04","6574","","","","9000","","","","","",""
"2018-04-06","","2.107","","","","","","","","",""
"2018-04-09","6604","","","","5900","","","","","",""
"2018-04-10","6612","","","","12200","","","","","",""
"2018-04-11","6594","","","","4060","","","","","",""
"2018-04-12","6518","","","","0","","","","","",""
"2018-04-13","6532","2.5241","","","11000","","","","","",""
"2018-04-16","6474","","","","","","","","","",""
"2018-04-17","6476","","","","26000","","","","","",""
"2018-04-18","6468","","","","27000","","","","","",""
"2018-04-19","6530","","","","39000","","","","","",""
"2018-04-20","6548","2.9154","","","9500","","","","","",""
"2018-04-23","6556","","","","1540","","","","","",""
"2018-04-24","6486","","","","3000","","","","","",""
"2018-04-25","6510","","","","100","","","","","",""
"2018-04-26","6472","","","","200","","","","","",""
"2018-04-27","6442","3.0874","","","1100","","","","","",""
"2018-04-30","","","108678","131216","","150506","112715","","","79596","175880"
"2018-05-02","6464","","","","1700","","","","","",""
"2018-05-03","6508","","","","0","","","","","",""
"2018-05-04","6486","3.7238","","","3000","","","","","",""
"2018-05-07","6524","","","","6500","","","","","",""
"2018-05-08","6526","","","","1500","","","","","",""
"2018-05-09","6610","","","","2500","","","","","",""
"2018-05-10","6616","","","","6200","","","","","",""
"2018-05-11","6620","2.3521","","","3450","","","","","",""
"2018-05-14","6614","","","","600","","","","","",""
"2018-05-15","6610","","","","2000","","","","","",""
"2018-05-16","6533","","","","3500","","","","","",""
"2018-05-17","6560","","","","","","","","","",""
"2018-05-18","6645","2.7262","","","2035","","","","","",""
"2018-05-21","6726","","","","2000","","","","","",""
"2018-05-22","6789","","","","5800","","","","","",""
"2018-05-23","6776","","","","5000","","","","","",""
"2018-05-24","6856","","","","0","","","","","",""
"2018-05-25","6784","3.4873","","","2000","","","","","",""
"2018-05-28","6753","","","","1000","","","","","",""
"2018-05-29","6894","","","","550","","","","","",""
"2018-05-30","6970","","","","5000","","","","","",""
"2018-05-31","6954","","84077","115066","1050","137145","86730","","","81122","181168"
"2018-06-01","6949","4.0893","","","2000","","","","","",""
"2018-06-04","6926","","","","600","","","","","",""
"2018-06-05","6818","","","","4600","","","","","",""
"2018-06-06","6807","","","","1500","","","","","",""
"2018-06-07","6797","","","","1500","","","","","",""
"2018-06-08","6718","4.5193","","","3400","","","","","",""
"2018-06-11","6712","","","","5000","","","","","",""
"2018-06-12","6705","","","","3208","","","","","",""
"2018-06-13","6662","","","","2200","","","","","",""
"2018-06-14","6687","","","","8100","","","","","",""
"2018-06-15","6753","3.9173","","","100","","","","","",""
"2018-06-19","6392","","","","12000","","","","","",""
"2018-06-20","6485","","","","300","","","","","",""
"2018-06-21","6504","","","","1093","","","","","",""
"2018-06-22","6476","3.8872","","","1300","","","","","",""
"2018-06-25","6480","","","","500","","","","","",""
"2018-06-26","6438","","","","8000","","","","","",""
"2018-06-27","6492","","","","1800","","","","","",""
"2018-06-28","6477","","","","6500","","","","","",""
"2018-06-29","6485","4.0205","","","0","","","","","",""
"2018-06-30","","","124480","129663","","152352","128341","","","77254","149258"
"2018-07-02","6497","","","","2000","","","","","",""
"2018-07-03","6485","","","","405","","","","","",""
"2018-07-04","6469","","","","510","","","","","",""
"2018-07-05","6486","","","","0","","","","","",""
"2018-07-06","6474","3.8485","","","500","","","","","",""
"2018-07-09","6486","","","","7050","","","","","",""
"2018-07-10","6447","","","","500","","","","","",""
"2018-07-11","6396","","","","1800","","","","","",""
"2018-07-12","6347","","","","9620","","","","","",""
"2018-07-13","6250","4.128","","","5900","","","","","",""
"2018-07-16","6242","","","","200","","","","","",""
"2018-07-17","6243","","","","100","","","","","",""
"2018-07-18","6255","","","","300","","","","","",""
"2018-07-19","6276","","","","2000","","","","","",""
"2018-07-20","6259","4.5795","","","2400","","","","","",""
"2018-07-23","6291","","","","3100","","","","","",""
"2018-07-24","6277","","","","3200","","","","","",""
"2018-07-25","6273","","","","100","","","","","",""
"2018-07-26","6327","","","","3000","","","","","",""
"2018-07-27","6317","4.644","","","1000","","","","","",""
"2018-07-30","6319","","","","500","","","","","",""
"2018-07-31","6502","","136781","149716","3300","155330","140859","","","83321","121647"
"2018-08-01","6508","","","","4562","","","","","",""
"2018-08-02","6504","","","","1410","","","","","",""
"2018-08-03","6520","4.644","","","500","","","","","",""
"2018-08-06","6533","","","","2100","","","","","",""
"2018-08-07","6619","","","","4200","","","","","",""
"2018-08-08","6647","","","","400","","","","","",""
"2018-08-09","6660","","","","7400","","","","","",""
"2018-08-10","6660","4.515","","","3000","","","","","",""
"2018-08-13","6586","","","","1000","","","","","",""
"2018-08-14","6596","","","","1700","","","","","",""
"2018-08-15","6630","","","","4000","","","","","",""
"2018-08-16","6585","","","","1050","","","","","",""
"2018-08-17","6693","4.515","","","6500","","","","","",""
"2018-08-20","6766","","","","3000","","","","","",""
"2018-08-21","6762","","","","1800","","","","","",""
"2018-08-22","6812","","","","12500","","","","","",""
"2018-08-23","6747","","","","740","","","","","",""
"2018-08-24","6731","5.117","","","100","","","","","",""
"2018-08-27","6638","","","","0","","","","","",""
"2018-08-28","6660","","","","2000","","","","","",""
"2018-08-29","6597","","","","1900","","","","","",""
"2018-08-30","6639","","","","2000","","","","","",""
"2018-08-31","6612","5.117","110749","139345","3400","153134","116348","","","110219",""
"2018-09-03","6663","","","","5130","","","","","",""
"2018-09-04","6697","","","","7000","","","","","",""
"2018-09-05","6699","","","","3000","","","","","",""
"2018-09-06","6728","","","","1260","","","","","",""
"2018-09-07","6715","4.515","","","9500","","","","","",""
"2018-09-10","6763","","","","5500","","","","","",""
"2018-09-11","6742","","","","2700","","","","","",""
"2018-09-12","6737","","","","1000","","","","","",""
"2018-09-13","6711","","","","1850","","","","","",""
"2018-09-14","6724","5.719","","","1000","","","","","",""
"2018-09-17","6757","","","","0","","","","","",""
"2018-09-18","6709","","","","500","","","","","",""
"2018-09-19","6637","","","","2000","","","","","",""
"2018-09-20","6613","","","","200","","","","","",""
"2018-09-21","6563","5.719","","","0","","","","","",""
"2018-09-25","6617","","","","3000","","","","","",""
"2018-09-26","6704","","","","100","","","","","",""
"2018-09-27","6670","","","","200","","","","","",""
"2018-09-28","6650","5.8093","","","200","","","","","",""
"2018-09-30","","","161314","151517","","154209","166792","","","79440","115128"
"2018-10-05","","4.4763","","","","","","","","",""
"2018-10-08","6672","","","","0","","","","","",""
"2018-10-09","6805","","","","0","","","","","",""
"2018-10-10","6820","","","","9000","","","","","",""
"2018-10-11","6714","","","","500","","","","","",""
"2018-10-12","6768","4.1495","","","2500","","","","","",""
"2018-10-15","6775","","","","300","","","","","",""
"2018-10-16","6744","","","","300","","","","","",""
"2018-10-17","6766","","","","0","","","","","",""
"2018-10-18","6698","","","","800","","","","","",""
"2018-10-19","6662","3.3239","","","700","","","","","",""
"2018-10-22","6700","","","","2150","","","","","",""
"2018-10-23","6645","","","","0","","","","","",""
"2018-10-24","6585","","","","14100","","","","","",""
"2018-10-25","6539","","","","1500","","","","","",""
"2018-10-26","6547","3.8098","","","5500","","","","","",""
"2018-10-29","6580","","","","3700","","","","","",""
"2018-10-30","6550","","","","6000","","","","","",""
"2018-10-31","6545","","132411","146189","14200","162544","136809","","","84793","105828"
"2018-11-01","6535","","","","8500","","","","","",""
"2018-11-02","6416","2.6488","","","3000","","","","","",""
"2018-11-05","6469","","","","300","","","","","",""
"2018-11-06","6458","","","","0","","","","","",""
"2018-11-07","6460","","","","0","","","","","",""
"2018-11-08","6432","","","","1000","","","","","",""
"2018-11-09","6391","3.1648","","","4000","","","","","",""
"2018-11-12","6386","","","","500","","","","","",""
"2018-11-13","6371","","","","300","","","","","",""
"2018-11-14","6286","","","","100","","","","","",""
"2018-11-15","6321","","","","0","","","","","",""
"2018-11-16","6325","3.1648","","","400","","","","","",""
"2018-11-19","6294","","","","1300","","","","","",""
"2018-11-20","6335","","","","21000","","","","","",""
"2018-11-21","6353","","","","2000","","","","","",""
"2018-11-22","6388","","","","0","","","","","",""
"2018-11-23","6426","4.1323","","","0","","","","","",""
"2018-11-26","6426","","","","2000","","","","","",""
"2018-11-27","6365","","","","0","","","","","",""
"2018-11-28","6388","","","","0","","","","","",""
"2018-11-29","6383","","","","0","","","","","",""
"2018-11-30","6433","2.9498","153103","133969","0","151342","157653","","","70748","96080"
"2018-12-03","6387","","","","0","","","","","",""
"2018-12-04","6407","","","","0","","","","","",""
"2018-12-05","6430","","","","0","","","","","",""
"2018-12-06","6668","","","","0","","","","","",""
"2018-12-07","6668","3.3368","","","0","","","","","",""
"2018-12-10","6651","","","","0","","","","","",""
"2018-12-11","6636","","","","0","","","","","",""
"2018-12-12","6693","","","","1100","","","","","",""
"2018-12-13","6682","","","","400","","","","","",""
"2018-12-14","6592","4.1968","","","200","","","","","",""
"2018-12-17","6627","","","","0","","","","","",""
"2018-12-18","6618","","","","0","","","","","",""
"2018-12-19","6652","","","","6000","","","","","",""
"2018-12-20","6547","","","","3400","","","","","",""
"2018-12-21","6523","4.128","","","2000","","","","","",""
"2018-12-24","6509","","","","0","","","","","",""
"2018-12-25","6458","","","","0","","","","","",""
"2018-12-26","6460","","","","10500","","","","","",""
"2018-12-27","6436","","","","3200","","","","","",""
"2018-12-28","6435","4.5193","","","200","","","","","",""
"2018-12-31","","","127271","134385","","145845","130359","","","100815","107716"
"2019-01-02","6493","","","","260","","","","","",""
"2019-01-03","6524","","","","3000","","","","","",""
"2019-01-04","6540","4.6053","","","62200","","","","","",""
"2019-01-07","6542","","","","3300","","","","","",""
"2019-01-08","6557","","","","0","","","","","",""
"2019-01-09","6535","","","","7000","","","","","",""
"2019-01-10","6524","","","","2000","","","","","",""
"2019-01-11","6479","5.0353","","","0","","","","","",""
"2019-01-14","6436","","","","0","","","","","",""
"2019-01-15","6459","","","","0","","","","","",""
"2019-01-16","6475","","","","0","","","","","",""
"2019-01-17","6456","","","","4300","","","","","",""
"2019-01-18","6507","4.257","","","0","","","","","",""
"2019-01-21","6595","","","","0","","","","","",""
"2019-01-22","6655","","","","13000","","","","","",""
"2019-01-23","6644","","","","2000","","","","","",""
"2019-01-24","6642","","","","0","","","","","",""
"2019-01-25","6640","1.9909","","","0","","","","","",""
"2019-01-28","6738","","","","0","","","","","",""
"2019-01-29","6737","","","","0","","","","","",""
"2019-01-30","6736","","","","0","","","","","",""
"2019-01-31","6699","","124273","135572","0","138584","128949","","","96910","100172"
"2019-02-01","6690","2.4209","","","","","","","","",""
"2019-02-11","6667","","","","0","","","","","",""
"2019-02-12","6674","","","","0","","","","","",""
"2019-02-13","6678","","","","0","","","","","",""
"2019-02-14","6699","","","","0","","","","","",""
"2019-02-15","6660","1.4018","","","0","","","","","",""
"2019-02-18","6696","","","","200","","","","","",""
"2019-02-19","6779","","","","0","","","","","",""
"2019-02-20","6711","","","","8300","","","","","",""
"2019-02-21","6683","","","","3000","","","","","",""
"2019-02-22","6679","3.0358","","","2500","","","","","",""
"2019-02-25","6678","","","","0","","","","","",""
"2019-02-26","6594","","","","2200","","","","","",""
"2019-02-27","6595","","","","4500","","","","","",""
"2019-02-28","6631","","102151","115595","0","138636","105717","","","99975","97983"
"2019-03-01","6786","3.3841","","","4000","","","","","",""
"2019-03-04","6876","","","","2500","","","","","",""
"2019-03-05","6906","","","","3000","","","","","",""
"2019-03-06","7093","","","","7000","","","","","",""
"2019-03-07","7049","","","","2000","","","","","",""
"2019-03-08","7195","3.3841","","","1000","","","","","",""
"2019-03-11","7236","","","","0","","","","","",""
"2019-03-12","7006","","","","3000","","","","","",""
"2019-03-13","6904","","","","0","","","","","",""
"2019-03-14","6840","","","","0","","","","","",""
"2019-03-15","6851","2.8638","","","0","","","","","",""
"2019-03-18","6943","","","","0","","","","","",""
"2019-03-19","6980","","","","0","","","","","",""
"2019-03-20","6965","","","","0","","","","","",""
"2019-03-21","6970","","","","0","","","","","",""
"2019-03-22","7067","2.3564","","","0","","","","","",""
"2019-03-25","7064","","","","0","","","","","",""
"2019-03-26","7074","","","","0","","","","","",""
"2019-03-27","7174","","","","1000","","","","","",""
"2019-03-28","6973","","","","2000","","","","","",""
"2019-03-29","6944","2.3478","","","0","","","","","",""
"2019-03-31","","","122862","122641","","141149","126726","","","110446","84037"
"2019-04-01","6938","","","","0","","","","","",""
"2019-04-02","6967","","","","0","","","","","",""
"2019-04-03","7042","","","","0","","","","","",""
"2019-04-04","7025","","","","0","","","","","",""
"2019-04-05","","3.1003","","","","","","","","",""
"2019-04-08","7056","","","","0","","","","","",""
"2019-04-09","7052","","","","0","","","","","",""
"2019-04-10","7049","","","","0","","","","","",""
"2019-04-11","7093","","","","0","","","","","",""
"2019-04-12","7094","","","","0","","","","","",""
"2019-04-15","7042","","","","0","","","","","",""
"2019-04-16","7034","","","","0","","","","","",""
"2019-04-17","7050","","","","0","","","","","",""
"2019-04-18","6994","","","","0","","","","","",""
"2019-04-19","6991","2.7778","","","0","","","","","",""
"2019-04-22","6996","","","","0","","","","","",""
"2019-04-23","6982","","","","0","","","","","",""
"2019-04-24","6862","","","","0","","","","","",""
"2019-04-25","6842","","","","0","","","","","",""
"2019-04-26","6809","2.0726","","","0","","","","","",""
"2019-04-29","6813","","","","0","","","","","",""
"2019-04-30","6822","","103505","138933","800","142804","106330","","","108334","87801"
"2019-05-03","","1.376","","","","","","","","",""
"2019-05-06","6818","","","","0","","","","","",""
"2019-05-07","6881","","","","0","","","","","",""
"2019-05-08","6880","","","","0","","","","","",""
"2019-05-09","7006","","","","0","","","","","",""
"2019-05-10","7001","0.602","","","0","","","","","",""
"2019-05-13","7006","","","","0","","","","","",""
"2019-05-14","7001","","","","0","","","","","",""
"2019-05-15","7028","","","","0","","","","","",""
"2019-05-16","7058","","","","0","","","","","",""
"2019-05-17","7036","1.462","","","0","","","","","",""
"2019-05-20","7044","","","","0","","","","","",""
"2019-05-21","7070","","","","0","","","","","",""
"2019-05-22","7034","","","","0","","","","","",""
"2019-05-23","6982","","","","0","","","","","",""
"2019-05-24","7015","2.5757","","","0","","","","","",""
"2019-05-27","7086","","","","0","","","","","",""
"2019-05-28","7062","","","","0","","","","","",""
"2019-05-29","7145","","","","0","","","","","",""
"2019-05-30","7086","","","","0","","","","","",""
"2019-05-31","7063","2.6488","115344","113165","0","136663","118240","","","105005","77520"
"2019-06-03","7041","","","","0","","","","","",""
"2019-06-04","7094","","","","0","","","","","",""
"2019-06-05","7059","","","","0","","","","","",""
"2019-06-06","7089","","","","0","","","","","",""
"2019-06-07","","2.2919","","","","","","","","",""
"2019-06-10","7082","","","","0","","","","","",""
"2019-06-11","7090","","","","0","","","","","",""
"2019-06-12","7060","","","","0","","","","","",""
"2019-06-13","7105","","","","0","","","","","",""
"2019-06-14","7092","2.5886","","","0","","","","","",""
"2019-06-17","7092","","","","0","","","","","",""
"2019-06-18","7087","","","","0","","","","","",""
"2019-06-19","6937","","","","0","","","","","",""
"2019-06-20","6904","","","","0","","","","","",""
"2019-06-21","6880","0.7009","","","0","","","","","",""
"2019-06-24","6883","","","","0","","","","","",""
"2019-06-25","6902","","","","0","","","","","",""
"2019-06-26","6881","","","","0","","","","","",""
"2019-06-27","6929","","","","500","","","","","",""
"2019-06-28","6910","1.3072","","","0","","","","","",""
"2019-06-30","","","109656","108332","","142953","112974","","","87068","66768"
"2019-07-01","6847","","","","0","","","","","",""
"2019-07-02","6836","","","","0","","","","","",""
"2019-07-03","6852","","","","0","","","","","",""
"2019-07-04","6917","","","","300","","","","","",""
"2019-07-05","6877","2.0812","","","0","","","","","",""
"2019-07-08","6887","","","","0","","","","","",""
"2019-07-09","6834","","","","0","","","","","",""
"2019-07-10","6836","","","","0","","","","","",""
"2019-07-11","6849","","","","0","","","","","",""
"2019-07-12","6815","1.0793","","","0","","","","","",""
"2019-07-15","6944","","","","0","","","","","",""
"2019-07-16","6927","","","","0","","","","","",""
"2019-07-17","6941","","","","0","","","","","",""
"2019-07-18","6967","","","","0","","","","","",""
"2019-07-19","6929","1.2943","","","0","","","","","",""
"2019-07-22","6931","","","","0","","","","","",""
"2019-07-23","6949","","","","0","","","","","",""
"2019-07-24","6964","","","","0","","","","","",""
"2019-07-25","6937","","","","0","","","","","",""
"2019-07-26","6920","1.6168","","","0","","","","","",""
"2019-07-29","6989","","","","0","","","","","",""
"2019-07-30","6964","","","","0","","","","","",""
"2019-07-31","6933","","102407","121974","0","143445","106287","","","84217","73663"
"2019-08-01","6948","","","","0","","","","","",""
"2019-08-02","6957","1.4491","","","0","","","","","",""
"2019-08-05","7006","","","","0","","","","","",""
"2019-08-06","7091","","","","0","","","","","",""
"2019-08-07","7093","","","","0","","","","","",""
"2019-08-08","7156","","","","0","","","","","",""
"2019-08-09","7247","","","","0","","","","","",""
"2019-08-12","7285","","","","0","","","","","",""
"2019-08-13","7379","","","","0","","","","","",""
"2019-08-14","7301","","","","12000","","","","","",""
"2019-08-15","7308","","","","10000","","","","","",""
"2019-08-16","7325","","","","2000","","","","","",""
"2019-08-19","7329","","","","0","","","","","",""
"2019-08-20","7375","","","","0","","","","","",""
"2019-08-21","7357","","","","0","","","","","",""
"2019-08-22","7459","","","","0","","","","","",""
"2019-08-23","7446","","","","0","","","","","",""
"2019-08-26","7546","","","","0","","","","","",""
"2019-08-27","7425","","","","0","","","","","",""
"2019-08-28","7496","","","","0","","","","","",""
"2019-08-29","7462","","","","0","","","","","",""
"2019-08-30","7456","","","","2200","","","","","",""
"2019-08-31","","","72802","126475","","114735","75839","","","89807","70350"
"2019-09-02","7476","","","","1200","","","","","",""
"2019-09-03","7418","","","","0","","","","","",""
"2019-09-04","7478","","","","500","","","","","",""
"2019-09-05","7436","","","","500","","","","","",""
"2019-09-06","7370","","","","0","","","","","",""
"2019-09-09","7354","","","","0","","","","","",""
"2019-09-10","7378","","","","0","","","","","",""
"2019-09-11","7351","","","","0","","","","","",""
"2019-09-12","7336","","","","0","","","","","",""
"2019-09-16","7361","","","","0","","","","","",""
"2019-09-17","7366","","","","0","","","","","",""
"2019-09-18","7343","","","","0","","","","","",""
"2019-09-19","7334","","","","0","","","","","",""
"2019-09-20","7316","","","","0","","","","","",""
"2019-09-23","7381","","","","0","","","","","",""
"2019-09-24","7238","","","","0","","","","","",""
"2019-09-25","7235","","","","0","","","","","",""
"2019-09-26","7250","","","","0","","","","","",""
"2019-09-27","7136","","","","0","","","","","",""
"2019-09-30","7117","","119864","134207","0","144417","124571","","","94502","63428"
"2019-10-08","7160","","","","0","","","","","",""
"2019-10-09","7260","","","","0","","","","","",""
"2019-10-10","7292","","","","0","","","","","",""
"2019-10-11","7319","","","","0","","","","","",""
"2019-10-14","7201","","","","0","","","","","",""
"2019-10-15","7171","","","","0","","","","","",""
"2019-10-16","7210","","","","0","","","","","",""
"2019-10-17","7211","","","","0","","","","","",""
"2019-10-18","7186","","","","0","","","","","",""
"2019-10-21","7217","","","","0","","","","","",""
"2019-10-22","7184","","","","0","","","","","",""
"2019-10-23","7218","","","","0","","","","","",""
"2019-10-24","7245","","","","0","","","","","",""
"2019-10-25","7277","1.6555","","","0","","","","","",""
"2019-10-28","7315","","","","2000","","","","","",""
"2019-10-29","7316","","","","0","","","","","",""
"2019-10-30","7400","","","","0","","","","","",""
"2019-10-31","7393","","125835","157494","0","164830","126656","","","96591","49977"
"2019-11-01","7468","1.6555","","","0","","","","","",""
"2019-11-04","7499","","","","0","","","","","",""
"2019-11-05","7563","","","","0","","","","","",""
"2019-11-06","7444","","","","0","","","","","",""
"2019-11-07","7425","","","","0","","","","","",""
"2019-11-08","7456","1.6555","","","0","","","","","",""
"2019-11-11","7548","","","","0","","","","","",""
"2019-11-12","7532","","","","0","","","","","",""
"2019-11-13","7494","","","","0","","","","","",""
"2019-11-14","7482","","","","0","","","","","",""
"2019-11-15","7470","1.3115","","","0","","","","","",""
"2019-11-18","7537","","","","0","","","","","",""
"2019-11-19","7528","","","","0","","","","","",""
"2019-11-20","7583","","","","0","","","","","",""
"2019-11-21","7561","","","","0","","","","","",""
"2019-11-22","7570","1.6555","","","0","","","","","",""
"2019-11-25","7552","","","","0","","","","","",""
"2019-11-26","7520","","","","700","","","","","",""
"2019-11-27","7568","","","","0","","","","","",""
"2019-11-28","7584","","","","0","","","","","",""
"2019-11-29","7671","1.3975","","","0","","","","","",""
"2019-11-30","","","96258","126680","","159520","99526","","","101435","39937"
"2019-12-02","7599","","","","0","","","","","",""
"2019-12-03","7605","","","","0","","","","","",""
"2019-12-04","7598","","","","0","","","","","",""
"2019-12-05","7592","","","","0","","","","","",""
"2019-12-06","7551","1.3975","","","0","","","","","",""
"2019-12-09","7575","","","","0","","","","","",""
"2019-12-10","7525","","","","300","","","","","",""
"2019-12-11","7346","","","","0","","","","","",""
"2019-12-12","7381","","","","0","","","","","",""
"2019-12-13","7437","1.204","","","0","","","","","",""
"2019-12-16","7356","","","","100","","","","","",""
"2019-12-17","7414","","","","0","","","","","",""
"2019-12-18","7440","","","","0","","","","","",""
"2019-12-19","7568","","","","0","","","","","",""
"2019-12-20","7557","1.204","","","0","","","","","",""
"2019-12-23","7562","","","","0","","","","","",""
"2019-12-24","7577","","","","0","","","","","",""
"2019-12-25","7566","","","","800","","","","","",""
"2019-12-26","7650","","","","0","","","","","",""
"2019-12-27","7748","1.3115","","","1000","","","","","",""
"2019-12-30","7718","","","","0","","","","","",""
"2019-12-31","7720","","104895","146680","0","149171","108757","","","93469","37280"
"2020-01-02","7720","","","","0","","","","","",""
"2020-01-03","7739","1.0535","","","300","","","","","",""
"2020-01-06","7740","","","","0","","","","","",""
"2020-01-07","7776","","","","0","","","","","",""
"2020-01-08","7722","","","","0","","","","","",""
"2020-01-09","7827","","","","0","","","","","",""
"2020-01-10","7841","0.473","","","500","","","","","",""
"2020-01-13","7894","","","","0","","","","","",""
"2020-01-14","7817","","","","6000","","","","","",""
"2020-01-15","7753","","","","0","","","","","",""
"2020-01-16","7744","","","","0","","","","","",""
"2020-01-17","7757","1.0535","","","0","","","","","",""
"2020-01-20","7753","","","","0","","","","","",""
"2020-01-21","7607","","","","0","","","","","",""
"2020-01-22","7633","","","","","","","","","",""
"2020-01-23","7587","","","","","","","","","",""
"2020-01-31","","0.4515","100610","139259","","161230","103581","","","85492","48991"
"2020-02-03","7108","","","","","","","","","",""
"2020-02-04","7264","","","","0","","","","","",""
"2020-02-05","7376","","","","0","","","","","",""
"2020-02-06","7613","","","","0","","","","","",""
"2020-02-07","7729","0.7955","","","","","","","","",""
"2020-02-10","7704","","","","0","","","","","",""
"2020-02-11","7722","","","","0","","","","","",""
"2020-02-12","7604","","","","2000","","","","","",""
"2020-02-13","7630","","","","0","","","","","",""
"2020-02-14","7604","1.5695","","","0","","","","","",""
"2020-02-17","7745","","","","4000","","","","","",""
"2020-02-18","7748","","","","0","","","","","",""
"2020-02-19","7648","","","","0","","","","","",""
"2020-02-20","7510","","","","0","","","","","",""
"2020-02-21","7519","1.118","","","0","","","","","",""
"2020-02-24","7516","","","","0","","","","","",""
"2020-02-25","7513","","","","0","","","","","",""
"2020-02-26","7502","","","","2000","","","","","",""
"2020-02-27","7540","","","","0","","","","","",""
"2020-02-28","7315","0.602","","","0","","","","","",""
"2020-02-29","","","140223","146789","","139858","145032","","","91781","50342"
"2020-03-02","7404","","","","0","","","","","",""
"2020-03-03","7335","","","","0","","","","","",""
"2020-03-04","7338","","","","0","","","","","",""
"2020-03-05","7346","","","","0","","","","","",""
"2020-03-06","7341","1.634","","","0","","","","","",""
"2020-03-09","7027","","","","0","","","","","",""
"2020-03-10","7101","","","","0","","","","","",""
"2020-03-11","7140","","","","0","","","","","",""
"2020-03-12","6933","","","","0","","","","","",""
"2020-03-13","6875","1.7415","","","0","","","","","",""
"2020-03-16","6838","","","","0","","","","","",""
"2020-03-17","6812","","","","0","","","","","",""
"2020-03-18","6674","","","","0","","","","","",""
"2020-03-19","6729","","","","0","","","","","",""
"2020-03-20","6782","1.6555","","","2000","","","","","",""
"2020-03-23","6776","","","","10000","","","","","",""
"2020-03-24","6857","","","","0","","","","","",""
"2020-03-25","6880","","","","0","","","","","",""
"2020-03-26","6719","","","","0","","","","","",""
"2020-03-27","6849","1.9995","","","0","","","","","",""
"2020-03-30","6962","","","","6000","","","","","",""
"2020-03-31","6773","","122378","160872","8500","163284","126796","","","74609","59058"
"2020-04-01","6750","","","","1200","","","","","",""
"2020-04-02","6749","","","","1900","","","","","",""
"2020-04-03","6643","1.9135","","","0","","","","","",""
"2020-04-07","6827","","","","0","","","","","",""
"2020-04-08","6894","","","","0","","","","","",""
"2020-04-09","6976","","","","0","","","","","",""
"2020-04-10","6947","2.9885","","","0","","","","","",""
"2020-04-13","6928","","","","0","","","","","",""
"2020-04-14","6906","","","","0","","","","","",""
"2020-04-15","6876","","","","2200","","","","","",""
"2020-04-16","6813","","","","0","","","","","",""
"2020-04-17","6898","2.9885","","","0","","","","","",""
"2020-04-20","6873","","","","10000","","","","","",""
"2020-04-21","6708","","","","0","","","","","",""
"2020-04-22","6772","","","","0","","","","","",""
"2020-04-23","6847","","","","0","","","","","",""
"2020-04-24","6817","2.3865","","","0","","","","","",""
"2020-04-27","6838","","","","0","","","","","",""
"2020-04-28","6859","","","","0","","","","","",""
"2020-04-29","6865","","","","0","","","","","",""
"2020-04-30","6639","","135025","146987","0","147584","139720","","","93302","60325"
"2020-05-01","","2.6015","","","","","","","","",""
"2020-05-06","6628","","","","14000","","","","","",""
"2020-05-07","6669","","","","0","","","","","",""
"2020-05-08","6678","2.8595","","","0","","","","","",""
"2020-05-11","6711","","","","0","","","","","",""
"2020-05-12","6667","","","","0","","","","","",""
"2020-05-13","6794","","","","0","","","","","",""
"2020-05-14","6787","","","","0","","","","","",""
"2020-05-15","6806","2.193","","","0","","","","","",""
"2020-05-18","6870","","","","0","","","","","",""
"2020-05-19","6827","","","","0","","","","","",""
"2020-05-20","6832","","","","0","","","","","",""
"2020-05-21","6828","","","","0","","","","","",""
"2020-05-22","6755","2.8595","","","0","","","","","",""
"2020-05-25","6779","","","","0","","","","","",""
"2020-05-26","6748","","","","0","","","","","",""
"2020-05-27","6741","","","","0","","","","","",""
"2020-05-28","6957","","","","0","","","","","",""
"2020-05-29","6978","2.8595","","","0","","","","","",""
"2020-05-31","","","122620","161642","","150691","126876","","","123808","54629"
"2020-06-01","7030","","","","0","","","","","",""
"2020-06-02","7017","","","","0","","","","","",""
"2020-06-03","7080","","","","0","","","","","",""
"2020-06-04","7133","","","","0","","","","","",""
"2020-06-05","7124","2.3435","","","0","","","","","",""
"2020-06-08","7163","","","","0","","","","","",""
"2020-06-09","7228","","","","0","","","","","",""
"2020-06-10","7223","","","","0","","","","","",""
"2020-06-11","7308","","","","0","","","","","",""
"2020-06-12","7298","2.1715","","","0","","","","","",""
"2020-06-15","7372","","","","0","","","","","",""
"2020-06-16","7388","","","","0","","","","","",""
"2020-06-17","7429","","","","0","","","","","",""
"2020-06-18","7453","","","","0","","","","","",""
"2020-06-19","7514","2.1715","","","0","","","","","",""
"2020-06-22","7481","","","","0","","","","","",""
"2020-06-23","7491","","","","0","","","","","",""
"2020-06-24","7534","","","","0","","","","","",""
"2020-06-26","","2.1715","","","","","","","","",""
"2020-06-29","7443","","","","0","","","","","",""
"2020-06-30","7439","","115913","105607","0","143275","119752","","","75750","46477"
"2020-07-01","7492","","","","0","","","","","",""
"2020-07-02","7515","","","","0","","","","","",""
"2020-07-03","7550","","","","0","","","","","",""
"2020-07-06","7618","","","","0","","","","","",""
"2020-07-07","7625","","","","0","","","","","",""
"2020-07-08","7703","","","","0","","","","","",""
"2020-07-09","7761","","","","0","","","","","",""
"2020-07-10","7755","2.709","","","0","","","","","",""
"2020-07-13","7879","","","","0","","","","","",""
"2020-07-14","8024","","","","0","","","","","",""
"2020-07-15","8046","","","","0","","","","","",""
"2020-07-16","8134","","","","0","","","","","",""
"2020-07-17","8412","2.365","","","0","","","","","",""
"2020-07-20","8719","","","","0","","","","","",""
"2020-07-21","8700","","","","0","","","","","",""
"2020-07-22","8655","","","","0","","","","","",""
"2020-07-23","8639","","","","0","","","","","",""
"2020-07-24","8530","2.709","","","0","","","","","",""
"2020-07-27","8587","","","","0","","","","","",""
"2020-07-28","8580","","","","0","","","","","",""
"2020-07-29","8605","","","","0","","","","","",""
"2020-07-30","8591","","","","0","","","","","",""
"2020-07-31","8660","2.709","160885","173280","0","158872","166219","","","87620","40530"
"2020-08-03","8917","","","","0","","","","","",""
"2020-08-04","9038","","","","0","","","","","",""
"2020-08-05","9012","","","","0","","","","","",""
"2020-08-06","9279","","","","0","","","","","",""
"2020-08-07","9148","2.709","","","0","","","","","",""
"2020-08-10","8834","","","","0","","","","","",""
"2020-08-11","8886","","","","0","","","","","",""
"2020-08-12","8779","","","","0","","","","","",""
"2020-08-13","8878","","","","0","","","","","",""
"2020-08-14","8910","2.709","","","0","","","","","",""
"2020-08-17","9090","","","","0","","","","","",""
"2020-08-18","8634","","","","0","","","","","",""
"2020-08-19","8712","","","","0","","","","","",""
"2020-08-20","8578","","","","0","","","","","",""
"2020-08-21","8602","2.279","","","0","","","","","",""
"2020-08-24","8572","","","","0","","","","","",""
"2020-08-25","8449","","","","0","","","","","",""
"2020-08-26","8499","","","","0","","","","","",""
"2020-08-27","8462","","","","0","","","","","",""
"2020-08-28","8603","2.279","","","0","","","","","",""
"2020-08-31","8661","","116237","171497","0","149744","121354","","","97833","60789"
"2020-09-01","8710","","","","0","","","","","",""
"2020-09-02","8702","","","","0","","","","","",""
"2020-09-03","8697","","","","0","","","","","",""
"2020-09-04","8674","2.365","","","0","","","","","",""
"2020-09-07","8642","","","","0","","","","","",""
"2020-09-08","8693","","","","0","","","","","",""
"2020-09-09","8666","","","","0","","","","","",""
"2020-09-10","8640","","","","0","","","","","",""
"2020-09-11","8653","2.365","","","0","","","","","",""
"2020-09-14","8807","","","","0","","","","","",""
"2020-09-15","8795","","","","0","","","","","",""
"2020-09-16","8792","","","","0","","","","","",""
"2020-09-17","8933","","","","0","","","","","",""
"2020-09-18","9122","2.365","","","0","","","","","",""
"2020-09-21","9364","","","","0","","","","","",""
"2020-09-22","9219","","","","0","","","","","",""
"2020-09-23","9017","","","","0","","","","","",""
"2020-09-24","8923","","","","0","","","","","",""
"2020-09-25","8947","","","","0","","","","","",""
"2020-09-28","8909","","","","0","","","","","",""
"2020-09-29","8887","","","","0","","","","","",""
"2020-09-30","8820","","163924","174436","0","174345","169510","","","92021","39855"
"2020-10-09","9042","","","","0","","","","","",""
"2020-10-12","9179","","","","0","","","","","",""
"2020-10-13","9153","","","","0","","","","","",""
"2020-10-14","9151","","","","0","","","","","",""
"2020-10-15","9102","","","","0","","","","","",""
"2020-10-16","9094","","","","0","","","","","",""
"2020-10-19","8922","","","","0","","","","","",""
"2020-10-20","9017","","","","","","","","","",""
"2020-10-21","9038","","","","0","","","","","",""
"2020-10-22","9139","","","","0","","","","","",""
"2020-10-23","9107","","","","0","","","","","",""
"2020-10-26","9260","","","","0","","","","","",""
"2020-10-27","9306","","","","0","","","","","",""
"2020-10-28","9340","","","","0","","","","","",""
"2020-10-29","9559","","","","0","","","","","",""
"2020-10-30","9545","2.365","","","0","","","","","",""
"2020-10-31","","","154477","179038","","172382","159030","","","93198","57142"
"2020-11-02","9661","","","","0","","","","","",""
"2020-11-03","9739","","","","0","","","","","",""
"2020-11-04","9913","","","","0","","","","","",""
"2020-11-05","9731","","","","0","","","","","",""
"2020-11-06","9762","2.107","","","0","","","","","",""
"2020-11-09","9554","","","","0","","","","","",""
"2020-11-10","9591","","","","0","","","","","",""
"2020-11-11","9644","","","","0","","","","","",""
"2020-11-12","9744","","","","0","","","","","",""
"2020-11-13","9775","1.849","","","0","","","","","",""
"2020-11-16","9738","","","","0","","","","","",""
"2020-11-17","9839","","","","0","","","","","",""
"2020-11-18","9845","","","","0","","","","","",""
"2020-11-19","9953","","","","0","","","","","",""
"2020-11-20","9879","2.107","","","0","","","","","",""
"2020-11-23","9783","","","","0","","","","","",""
"2020-11-24","9777","","","","0","","","","","",""
"2020-11-25","9891","","","","0","","","","","",""
"2020-11-26","9779","","","","0","","","","","",""
"2020-11-27","9759","2.107","","","0","","","","","",""
"2020-11-30","9693","","146857","173513","0","154278","152242","","","74280","56250"
"2020-12-01","9764","","","","0","","","","","",""
"2020-12-02","9627","","","","0","","","","","",""
"2020-12-03","9776","","","","0","","","","","",""
"2020-12-04","9701","2.107","","","0","","","","","",""
"2020-12-07","9690","","","","0","","","","","",""
"2020-12-08","9542","","","","0","","","","","",""
"2020-12-09","9563","","","","0","","","","","",""
"2020-12-10","9439","","","","0","","","","","",""
"2020-12-11","9572","2.107","","","0","","","","","",""
"2020-12-14","9630","","","","0","","","","","",""
"2020-12-15","9612","","","","0","","","","","",""
"2020-12-16","9298","","","","0","","","","","",""
"2020-12-17","9370","","","","0","","","","","",""
"2020-12-18","9438","2.709","","","0","","","","","",""
"2020-12-21","9339","","","","0","","","","","",""
"2020-12-22","9189","","","","0","","","","","",""
"2020-12-23","9258","","","","0","","","","","",""
"2020-12-24","9540","","","","0","","","","","",""
"2020-12-25","9654","2.451","","","0","","","","","",""
"2020-12-28","9553","","","","0","","","","","",""
"2020-12-29","9484","","","","0","","","","","",""
"2020-12-30","9574","","","","0","","","","","",""
"2020-12-31","9658","","139215","163986","0","145049","144083","","","101936","55453"
"2021-01-01","","2.709","","","","","","1.48","2.2","",""
"2021-01-04","9892","","","","0","","","","","",""
"2021-01-05","9918","","","","0","","","","","",""
"2021-01-06","10041","","","","0","","","","","",""
"2021-01-07","10109","","","","0","","","","","",""
"2021-01-08","10134","2.408","","","0","","","1.35","2","",""
"2021-01-11","10088","","","","0","","","","","",""
"2021-01-12","10073","","","","0","","","","","",""
"2021-01-13","10061","","","","0","","","","","",""
"2021-01-14","9926","","","","0","","","","","",""
"2021-01-15","9884","2.408","","","0","","","1.15","2.3","",""
"2021-01-18","9944","","","","0","","","","","",""
"2021-01-19","9904","","","","0","","","","","",""
"2021-01-20","9699","","","","0","","","","","",""
"2021-01-21","9849","","","","0","","","","","",""
"2021-01-22","9776","2.408","","","0","","","1.55","2.4","",""
"2021-01-25","9804","","","","0","","","","","",""
"2021-01-26","9703","","","","0","","","","","",""
"2021-01-27","9872","","","","0","","","","","",""
"2021-01-28","9884","","","","0","","","","","",""
"2021-01-29","9825","","","","0","","","1.65","1.8","",""
"2021-01-31","","","137882","156818","","143157","142925","","","117918","67096"
"2021-02-01","9724","","","","0","","","","","",""
"2021-02-02","9627","","","","0","","","","","",""
"2021-02-03","9445","","","","0","","","","","",""
"2021-02-04","9495","","","","0","","","","","",""
"2021-02-05","9675","2.408","","","0","","","2.6","0.8","",""
"2021-02-08","9697","","","","0","","","","","",""
"2021-02-09","9815","","","","0","","","","","",""
"2021-02-10","9883","","","","","","","","","",""
"2021-02-12","","","","","","","","3.16","1.1","",""
"2021-02-18","10138","","","","0","","","","","",""
"2021-02-19","10185","2.322","","","0","","","2.25","2","",""
"2021-02-22","10243","","","","0","","","","","",""
"2021-02-23","10323","","","","0","","","","","",""
"2021-02-24","10536","","","","0","","","","","",""
"2021-02-25","10630","","","","0","","","","","",""
"2021-02-26","10481","2.494","","","0","","","2.1","1.7","",""
"2021-02-28","","","136031","136767","","147849","140840","","","81667","55844"
"2021-03-01","10525","","","","0","","","","","",""
"2021-03-02","10448","","","","0","","","","","",""
"2021-03-03","10462","","","","0","","","","","",""
"2021-03-04","10560","","","","0","","","","","",""
"2021-03-05","10558","2.752","","","0","","","1.7","2.7","",""
"2021-03-08","11035","","","","0","","","","","",""
"2021-03-09","10915","","","","0","","","","","",""
"2021-03-10","10893","","","","0","","","","","",""
"2021-03-11","10716","","","","0","","","","","",""
"2021-03-12","10724","2.752","","","0","","","1.46","2.9","",""
"2021-03-15","10821","","","","0","","","","","",""
"2021-03-16","10724","","","","0","","","","","",""
"2021-03-17","10681","","","","0","","","","","",""
"2021-03-18","10448","","","","0","","","","","",""
"2021-03-19","10365","3.139","","","0","","","1.45","2.6","",""
"2021-03-22","10465","","","","0","","","","","",""
"2021-03-23","10670","","","","0","","","","","",""
"2021-03-24","10767","","","","0","","","","","",""
"2021-03-25","10734","","","","0","","","","","",""
"2021-03-26","10327","3.182","","","0","","","1.7","2.1","",""
"2021-03-29","10267","","","","0","","","","","",""
"2021-03-30","10207","","","","0","","","","","",""
"2021-03-31","10141","","155434","172196","0","156722","160686","","","78543","49785"
"2021-04-01","10413","","","","0","","","","","",""
"2021-04-02","10487","3.354","","","0","","","2.65","1.5","",""
"2021-04-06","10588","","","","0","","","","","",""
"2021-04-07","10688","","","","0","","","","","",""
"2021-04-08","10613","","","","0","","","","","",""
"2021-04-09","10683","3.268","","","0","","","3.3","1.3","",""
"2021-04-12","10639","","","","0","","","","","",""
"2021-04-13","10687","","","","0","","","","","",""
"2021-04-14","10704","","","","0","","","","","",""
"2021-04-15","10612","","","","0","","","","","",""
"2021-04-16","10431","3.096","","","0","","","3.4","1.6","",""
"2021-04-19","10376","","","","0","","","","","",""
"2021-04-20","10405","","","","0","","","","","",""
"2021-04-21","10608","","","","0","","","","","",""
"2021-04-22","10729","","","","0","","","","","",""
"2021-04-23","10848","3.096","","","0","","","3.3","2","",""
"2021-04-26","10587","","","","0","","","","","",""
"2021-04-27","10599","","","","0","","","","","",""
"2021-04-28","10458","","","","0","","","","","",""
"2021-04-29","10488","","","","0","","","","","",""
"2021-04-30","10410","2.58","144334","160030","0","148155","150342","3.2","2.4","95834","66276"
"2021-05-06","10971","","","","0","","","","","",""
"2021-05-07","11028","3.268","","","0","","","3.1","1.9","",""
"2021-05-10","10951","","","","0","","","","","",""
"2021-05-11","10846","","","","0","","","","","",""
"2021-05-12","11097","","","","0","","","","","",""
"2021-05-13","10975","","","","0","","","","","",""
"2021-05-14","10704","1.935","","","0","","","3","2.9","",""
"2021-05-17","10607","","","","0","","","","","",""
"2021-05-18","10742","","","","0","","","","","",""
"2021-05-19","10608","","","","0","","","","","",""
"2021-05-20","10466","","","","0","","","","","",""
"2021-05-21","10219","2.5155","","","0","","","3.03","2.8","",""
"2021-05-24","10282","","","","0","","","","","",""
"2021-05-25","10371","","","","0","","","","","",""
"2021-05-26","10436","","","","0","","","","","",""
"2021-05-27","10205","","","","0","","","","","",""
"2021-05-28","10441","2.365","","","0","","","3.28","1.8","",""
"2021-05-31","10441","","149526","134345","0","142872","154670","","","116311","68996"
"2021-06-01","10460","","","","0","","","","","",""
"2021-06-02","10719","","","","0","","","","","",""
"2021-06-03","10938","","","","0","","","","","",""
"2021-06-04","10826","1.634","","","0","","","3.93","0.6","",""
"2021-06-07","10879","","","","0","","","","","",""
"2021-06-08","10655","","","","0","","","","","",""
"2021-06-09","10658","","","","0","","","","","",""
"2021-06-10","10732","","","","0","","","","","",""
"2021-06-11","10563","1.3115","","","0","","","2.84","2.4","",""
"2021-06-15","10211","","","","0","","","","","",""
"2021-06-16","9939","","","","0","","","","","",""
"2021-06-17","9856","","","","0","","","","","",""
"2021-06-18","9542","2.064","","","0","","","3.38","1.4","",""
"2021-06-21","9598","","","","0","","","","","",""
"2021-06-22","9627","","","","0","","","","","",""
"2021-06-23","9766","","","","0","","","","","",""
"2021-06-24","9749","","","","0","","","","","",""
"2021-06-25","9898","2.4768","","","0","","","4.88","1.2","",""
"2021-06-28","9977","","","","0","","","","","",""
"2021-06-29","9842","","","","0","","","","","",""
"2021-06-30","9958","","154471","132676","0","147949","158866","","","126598","57573"
"2021-07-01","10201","","","","0","","","","","",""
"2021-07-02","10314","2.8165","","","300","","","5.4","2.3","",""
"2021-07-05","10311","","","","0","","","","","",""
"2021-07-06","10319","","","","0","","","","","",""
"2021-07-07","10104","","","","0","","","","","",""
"2021-07-08","10030","","","","0","","","","","",""
"2021-07-09","10103","2.838","","","0","","","6.07","1.7","",""
"2021-07-12","10142","","","","0","","","","","",""
"2021-07-13","10305","","","","0","","","","","",""
"2021-07-14","10477","","","","0","","","","","",""
"2021-07-15","10574","","","","0","","","","","",""
"2021-07-16","10585","2.365","","","0","","","5.9","1.8","",""
"2021-07-19","10622","","","","0","","","","","",""
"2021-07-20","10767","","","","0","","","","","",""
"2021-07-21","10632","","","","0","","","","","",""
"2021-07-22","10438","","","","0","","","","","",""
"2021-07-23","10471","1.677","","","0","","","5.6","1.9","",""
"2021-07-26","10337","","","","0","","","","","",""
"2021-07-27","10482","","","","0","","","","","",""
"2021-07-28","10322","","","","0","","","","","",""
"2021-07-29","10295","","","","0","","","","","",""
"2021-07-30","10165","1.591","","","1000","","","4.9","1.6","",""
"2021-07-31","","","147498","124716","","152871","151815","","","107772","47546"
"2021-08-02","9994","","","","0","","","","","",""
"2021-08-03","10068","","","","0","","","","","",""
"2021-08-04","10267","","","","2500","","","","","",""
"2021-08-05","10260","","","","0","","","","","",""
"2021-08-06","10218","0.946","","","100","","","5.3","1.9","",""
"2021-08-09","10185","","","","0","","","","","",""
"2021-08-10","10237","","","","0","","","","","",""
"2021-08-11","10551","","","","0","","","","","",""
"2021-08-12","10584","","","","0","","","","","",""
"2021-08-13","10666","2.279","","","0","","","5.4","2.1","",""
"2021-08-16","10727","","","","0","","","","","",""
"2021-08-17","10831","","","","0","","","","","",""
"2021-08-18","10722","","","","0","","","","","",""
"2021-08-19","10690","","","","0","","","","","",""
"2021-08-20","10675","2.193","","","0","","","5.6","2.3","",""
"2021-08-23","10655","","","","0","","","","","",""
"2021-08-24","10744","","","","15000","","","","","",""
"2021-08-25","10893","","","","1000","","","","","",""
"2021-08-26","10834","","","","0","","","","","",""
"2021-08-27","10745","2.4725","","","0","","","6","1.8","",""
"2021-08-30","10705","","","","0","","","","","",""
"2021-08-31","10837","","117993","104939","0","124056","121677","","","101323","27061"
"2021-09-01","10668","","","","1000","","","","","",""
"2021-09-02","10688","","","","5000","","","","","",""
"2021-09-03","10937","2.15","","","0","","","5.5","2.3","",""
"2021-09-06","10905","","","","0","","","","","",""
"2021-09-07","10904","","","","0","","","","","",""
"2021-09-08","10894","","","","0","","","","","",""
"2021-09-09","10874","","","","2000","","","","","",""
"2021-09-10","10684","1.849","","","500","","","5.48","1.3","",""
"2021-09-13","10701","","","","0","","","","","",""
"2021-09-14","10736","","","","0","","","","","",""
"2021-09-15","10925","","","","0","","","","","",""
"2021-09-16","10951","","","","0","","","","","",""
"2021-09-17","10706","1.247","","","0","","","6.3","1","",""
"2021-09-22","10812","","","","0","","","","","",""
"2021-09-23","11146","","","","0","","","","","",""
"2021-09-24","11152","1.849","","","0","","","6.98","1.3","",""
"2021-09-27","11045","","","","0","","","","","",""
"2021-09-28","11070","","","","0","","","","","",""
"2021-09-29","11125","","","","0","","","","","",""
"2021-09-30","11493","","139331","135812","0","141095","143631","","","103791","34601"
"2021-10-01","","2.021","","","","","","8.4","1.5","",""
"2021-10-08","12026","2.881","","","0","","","","","",""
"2021-10-11","12244","","","","0","","","","","",""
"2021-10-12","12294","","","","0","","","","","",""
"2021-10-13","12332","","","","0","","","","","",""
"2021-10-14","12199","","","","0","","","","","",""
"2021-10-15","12285","2.666","","","0","","","9.6","4.47","",""
"2021-10-18","12321","","","","0","","","","","",""
"2021-10-19","12486","","","","0","","","","","",""
"2021-10-20","12481","","","","0","","","","","",""
"2021-10-21","12460","","","","0","","","","","",""
"2021-10-22","12237","1.247","","","0","","","8.5","2.3","",""
"2021-10-25","12399","","","","0","","","","","",""
"2021-10-26","12668","","","","0","","","","","",""
"2021-10-27","12672","","","","0","","","","","",""
"2021-10-28","12518","","","","0","","","","","",""
"2021-10-29","12820","1.763","","","0","","","7.74","1.76","",""
"2021-10-31","","","147962","156615","","157944","152406","","","81986","51296"
"2021-11-01","12576","","","","0","","","","","",""
"2021-11-02","12682","","","","0","","","","","",""
"2021-11-03","12884","","","","0","","","","","",""
"2021-11-04","12632","","","","0","","","","","",""
"2021-11-05","12574","2.193","","","0","","","7.2","2.73","",""
"2021-11-08","12378","","","","0","","","","","",""
"2021-11-09","12022","","","","0","","","","","",""
"2021-11-10","12396","","","","0","","","","","",""
"2021-11-11","12517","","","","0","","","","","",""
"2021-11-12","12511","2.0425","","","0","","","5.78","3.46","",""
"2021-11-15","12606","","","","0","","","","","",""
"2021-11-16","12633","","","","0","","","","","",""
"2021-11-17","12757","","","","0","","","","","",""
"2021-11-18","12815","","","","0","","","","","",""
"2021-11-19","12861","2.3435","","","0","","","4.85","3.27","",""
"2021-11-22","12473","","","","0","","","","","",""
"2021-11-23","12427","","","","0","","","","","",""
"2021-11-24","12610","","","","0","","","","","",""
"2021-11-25","12691","","","","0","","","","","",""
"2021-11-26","12636","1.3975","","","0","","","3.3","2.94","",""
"2021-11-29","12559","","","","0","","","","","",""
"2021-11-30","12324","","147038","155135","0","146739","151631","","","90810","43734"
"2021-12-01","12389","","","","0","","","","","",""
"2021-12-02","12290","","","","0","","","","","",""
"2021-12-03","12700","1.28","","","0","","","2.98","1.6","",""
"2021-12-06","12783","","","","0","","","","","",""
"2021-12-07","13006","","","","0","","","","","",""
"2021-12-08","12829","","","","0","","","","","",""
"2021-12-09","12719","","","","0","","","","","",""
"2021-12-10","12632","2.56","","","0","","","4.7","1","",""
"2021-12-13","12376","","","","0","","","","","",""
"2021-12-14","11863","","","","0","","","","","",""
"2021-12-15","11775","","","","0","","","","","",""
"2021-12-16","11918","","","","0","","","","","",""
"2021-12-17","12175","2.64","","","0","","","5.3","2.04","",""
"2021-12-20","11869","","","","0","","","","","",""
"2021-12-21","11982","","","","0","","","","","",""
"2021-12-22","12003","","","","0","","","","","",""
"2021-12-23","11982","","","","0","","","","","",""
"2021-12-24","12222","2.8","","","0","","","5.95","2.15","",""
"2021-12-27","12176","","","","0","","","","","",""
"2021-12-28","12294","","","","0","","","","","",""
"2021-12-29","12164","","","","0","","","","","",""
"2021-12-30","12268","","","","0","","","","","",""
"2021-12-31","12298","2.6","148163","140696","0","143856","152553","6.55","2","99220","39951"
"2022-01-04","12039","","","","0","","","","","",""
"2022-01-05","11797","","","","0","","","","","",""
"2022-01-06","11671","","","","0","","","","","",""
"2022-01-07","11930","1.66","","","0","","","6.3","1.91","",""
"2022-01-10","11968","","","","0","","","","","",""
"2022-01-11","11985","","","","0","","","","","",""
"2022-01-12","11953","","","","0","","","","","",""
"2022-01-13","11894","","","","0","","","","","",""
"2022-01-14","11802","1.32","","","0","","","6.6","1.02","",""
"2022-01-17","11728","","","","200","","","","","",""
"2022-01-18","11911","","","","0","","","","","",""
"2022-01-19","12046","","","","0","","","","","",""
"2022-01-20","12270","","","","0","","","","","",""
"2022-01-21","12424","0.84","","","0","","","7.3","1.14","",""
"2022-01-24","12265","","","","0","","","","","",""
"2022-01-25","12105","","","","0","","","","","",""
"2022-01-26","12145","","","","0","","","","","",""
"2022-01-27","12248","","","","0","","","","","",""
"2022-01-28","12478","0.52","","","0","","","5.98","2.04","",""
"2022-01-29","","","","","0","","","","","",""
"2022-01-30","","","","","0","","","","","",""
"2022-01-31","","","123268","113003","","131627","126895","","","90021","35248"
"2022-02-04","","0.52","","","","","","","","",""
"2022-02-07","12562","","","","0","","","","","",""
"2022-02-08","12273","","","","0","","","","","",""
"2022-02-09","12045","","","","0","","","","","",""
"2022-02-10","12012","","","","0","","","","","",""
"2022-02-11","11933","1","","","0","","","6.15","2.63","",""
"2022-02-14","11988","","","","0","","","","","",""
"2022-02-15","11916","","","","0","","","","","",""
"2022-02-16","11930","","","","0","","","","","",""
"2022-02-17","11851","","","","0","","","","","",""
"2022-02-18","11937","1.16","","","0","","","6.5","0.81","",""
"2022-02-21","12314","","","","0","","","","","",""
"2022-02-22","12431","","","","0","","","","","",""
"2022-02-23","12577","","","","0","","","","","",""
"2022-02-24","13323","","","","0","","","","","",""
"2022-02-25","13001","1.36","","","0","","","5.8","2.06","",""
"2022-02-28","12760","","97094","101075","0","104849","100227","","","89372","47546"
"2022-03-01","13091","","","","0","","","","","",""
"2022-03-02","13138","","","","0","","","","","",""
"2022-03-03","13443","","","","0","","","","","",""
"2022-03-04","13031","1.4","","","0","","","5.37","1.83","",""
"2022-03-07","13298","","","","10000","","","","","",""
"2022-03-08","13389","","","","0","","","","","",""
"2022-03-09","13590","","","","0","","","","","",""
"2022-03-10","13068","","","","3000","","","","","",""
"2022-03-11","12922","1.72","","","0","","","5.9","1.19","",""
"2022-03-14","12670","","","","0","","","","","",""
"2022-03-15","12392","","","","0","","","","","",""
"2022-03-16","12696","","","","0","","","","","",""
"2022-03-17","12381","","","","0","","","","","",""
"2022-03-18","12722","1.24","","","0","","","6.25","0.89","",""
"2022-03-21","12672","","","","0","","","","","",""
"2022-03-22","12619","","","","0","","","","","",""
"2022-03-23","12621","","","","0","","","","","",""
"2022-03-24","12872","","","","0","","","","","",""
"2022-03-25","12890","1.28","","","0","","","6.35","1.18","",""
"2022-03-28","12726","","","","0","","","","","",""
"2022-03-29","12599","","","","0","","","","","",""
"2022-03-30","12484","","","","0","","","","","",""
"2022-03-31","12605","","150795","124427","0","144668","155433","","","84414","52639"
"2022-04-01","12446","1.2","","","8000","","","6.2","1.35","",""
"2022-04-02","","","","","0","","","","","",""
"2022-04-06","12936","","","","0","","","","","",""
"2022-04-07","12748","","","","0","","","","","",""
"2022-04-08","12630","0.88","","","0","","","6.5","0.58","",""
"2022-04-11","12529","","","","0","","","","","",""
"2022-04-12","12878","","","","0","","","","","",""
"2022-04-13","12915","","","","0","","","","","",""
"2022-04-14","13132","","","","0","","","","","",""
"2022-04-15","13393","1.2","","","0","","","6.1","0.4","",""
"2022-04-18","13308","","","","0","","","","","",""
"2022-04-19","13411","","","","0","","","","","",""
"2022-04-20","13353","","","","0","","","","","",""
"2022-04-21","13456","","","","0","","","","","",""
"2022-04-22","13468","1.24","","","0","","","6.3","1.14","",""
"2022-04-24","","","","","0","","","","","",""
"2022-04-25","13410","","","","0","","","","","",""
"2022-04-26","13617","","","","0","","","","","",""
"2022-04-27","13740","","","","5000","","","","","",""
"2022-04-28","13946","","","","12000","","","","","",""
"2022-04-29","13993","0.32","","","0","","","5.9","0.62","",""
"2022-04-30","","","127923","113555","","129771","131514","","","89635","61331"
"2022-05-05","13632","","","","0","","","","","",""
"2022-05-06","13539","0","","","0","","","5.55","0.35","",""
"2022-05-07","","","","","0","","","","","",""
"2022-05-09","13515","","","","7000","","","","","",""
"2022-05-10","13497","","","","0","","","","","",""
"2022-05-11","13452","","","","5000","","","","","",""
"2022-05-12","13408","","","","0","","","","","",""
"2022-05-13","13669","0.88","","","0","","","5.15","0.92","",""
"2022-05-16","13531","","","","0","","","","","",""
"2022-05-17","13385","","","","0","","","","","",""
"2022-05-18","13370","","","","0","","","","","",""
"2022-05-19","13467","","","","0","","","","","",""
"2022-05-20","13520","0.38","","","1000","","","4.5","1.03","",""
"2022-05-23","13496","","","","0","","","","","",""
"2022-05-24","13540","","","","0","","","","","",""
"2022-05-25","13628","","","","0","","","","","",""
"2022-05-26","13639","","","","2000","","","","","",""
"2022-05-27","13948","0.32","","","0","","","3.35","1.47","",""
"2022-05-30","13985","","","","0","","","","","",""
"2022-05-31","14088","","91442","76861","1500","100474","93711","","","77027","48003"
"2022-06-01","14056","","","","3000","","","","","",""
"2022-06-02","14133","","","","0","","","","","",""
"2022-06-03","","1","","","","","","3.1","1.25","",""
"2022-06-06","14092","","","","2000","","","","","",""
"2022-06-07","14224","","","","0","","","","","",""
"2022-06-08","14444","","","","1000","","","","","",""
"2022-06-09","14259","","","","6000","","","","","",""
"2022-06-10","14448","1.6","","","1000","","","2.55","2.03","",""
"2022-06-13","14311","","","","0","","","","","",""
"2022-06-14","14378","","","","100","","","","","",""
"2022-06-15","13974","","","","2000","","","","","",""
"2022-06-16","13707","","","","300","","","","","",""
"2022-06-17","13567","1.16","","","0","","","1.68","1.83","",""
"2022-06-20","13375","","","","0","","","","","",""
"2022-06-21","13101","","","","0","","","","","",""
"2022-06-22","12755","","","","0","","","","","",""
"2022-06-23","12501","","","","0","","","","","",""
"2022-06-24","11757","1.36","","","0","","","1.16","1.88","",""
"2022-06-27","11825","","","","0","","","","","",""
"2022-06-28","12164","","","","0","","","","","",""
"2022-06-29","12109","","","","0","","","","","",""
"2022-06-30","12053","","124410","119992","1000","116943","127618","","","104882","49750"
"2022-07-01","11650","0.36","","","1000","","","0.9","0.62","",""
"2022-07-04","11573","","","","0","","","","","",""
"2022-07-05","11083","","","","100","","","","","",""
"2022-07-06","10554","","","","1600","","","","","",""
"2022-07-07","10356","","","","8000","","","","","",""
"2022-07-08","10755","0.3","","","2600","","","0.65","0.55","",""
"2022-07-11","10815","","","","0","","","","","",""
"2022-07-12","10735","","","","700","","","","","",""
"2022-07-13","10618","","","","0","","","","","",""
"2022-07-14","10948","","","","2000","","","","","",""
"2022-07-15","10831","0.86","","","1500","","","0.43","1.08","",""
"2022-07-18","11105","","","","1000","","","","","",""
"2022-07-19","10810","","","","0","","","","","",""
"2022-07-20","10846","","","","0","","","","","",""
"2022-07-21","10936","","","","0","","","","","",""
"2022-07-22","11005","0.92","","","0","","","0.59","0.59","",""
"2022-07-25","11152","","","","25000","","","","","",""
"2022-07-26","11489","","","","50000","","","","","",""
"2022-07-27","11561","","","","0","","","","","",""
"2022-07-28","11998","","","","0","","","","","",""
"2022-07-29","12066","0.8","","","0","","","0.55","0.84","",""
"2022-07-31","","","118886","116874","","111706","122014","","","111570","43588"
"2022-08-01","11887","","","","0","","","","","",""
"2022-08-02","11990","","","","0","","","","","",""
"2022-08-03","11985","","","","0","","","","","",""
"2022-08-04","11629","","","","2000","","","","","",""
"2022-08-05","11799","1.996","","","0","","","1.17","1.38","",""
"2022-08-08","11983","","","","0","","","","","",""
"2022-08-09","11958","","","","0","","","","","",""
"2022-08-10","11889","","","","0","","","","","",""
"2022-08-11","12179","","","","0","","","","","",""
"2022-08-12","12407","1.444","","","0","","","1.71","1","",""
"2022-08-15","12008","","","","0","","","","","",""
"2022-08-16","11677","","","","0","","","","","",""
"2022-08-17","11109","","","","0","","","","","",""
"2022-08-18","10849","","","","0","","","","","",""
"2022-08-19","10877","1.32","","","0","","","1.53","1.78","",""
"2022-08-22","11005","","","","0","","","","","",""
"2022-08-23","11032","","","","0","","","","","",""
"2022-08-24","11406","","","","0","","","","","",""
"2022-08-25","11338","","","","0","","","","","",""
"2022-08-26","11198","0.56","","","0","","","1.09","1.03","",""
"2022-08-29","11085","","","","0","","","","","",""
"2022-08-30","11017","","","","500","","","","","",""
"2022-08-31","11108","","","","0","","","","","",""
"2022-09-01","10670","","","","0","","","","","",""
"2022-09-02","10507","1.092","","","0","","","1.19","0.99","",""
"2022-09-05","10711","","","","0","","","","","",""
"2022-09-06","10732","","","","0","","","","","",""
"2022-09-07","10331","","","","200","","","","","",""
"2022-09-08","10278","","","","0","","","","","",""
"2022-09-09","10361","1.228","","","0","","","1.23","1.19","",""
"2022-09-13","10566","","","","0","","","","","",""
"2022-09-14","10504","","","","0","","","","","",""
"2022-09-15","10400","","","","0","","","","","",""
"2022-09-16","10349","0.88","","","0","","","1.62","0.49","",""
"2022-09-19","10269","","","","0","","","","","",""
"2022-09-20","10281","","","","0","","","","","",""
"2022-09-21","10464","","","","0","","","","","",""
"2022-09-22","10542","","","","0","","","","","",""
"2022-09-23","10590","0.8","","","0","","","1.69","0.73","",""
"2022-09-26","10278","","","","9000","","","","","",""
"2022-09-27","10562","","","","0","","","","","",""
"2022-09-28","10746","","","","0","","","","","",""
