date,close,菜粕：产量：中国（周）,主要油厂：菜粕：库存：中国（周）,菜粕：沿海油厂：提货量：中国（月）,菜粕：颗粒：消费量：南通（周）
"2015-10-02","","5.16","","",""
"2015-10-09","","5.27","2.1","",""
"2015-10-16","","3.83","1.3","",""
"2015-10-23","","3.76","1.2","",""
"2015-10-30","","4.2","1.75","",""
"2015-11-06","","4.97","2.6","",""
"2015-11-13","","4.79","3.7","",""
"2015-11-20","","3.92","5.65","",""
"2015-11-27","","2.96","4.8","",""
"2015-12-04","","3.39","5.17","",""
"2015-12-11","","3.26","6.01","",""
"2015-12-18","","2.88","5.9","",""
"2015-12-25","","3.97","6.59","",""
"2016-01-01","","3.39","8.55","",""
"2016-01-04","1870","","","",""
"2016-01-05","1883","","","",""
"2016-01-06","1872","","","",""
"2016-01-07","1893","","","",""
"2016-01-08","1909","3.94","7.9","",""
"2016-01-11","1895","","","",""
"2016-01-12","1898","","","",""
"2016-01-13","1886","","","",""
"2016-01-14","1909","","","",""
"2016-01-15","1910","3.75","7.1","",""
"2016-01-18","1974","","","",""
"2016-01-19","1962","","","",""
"2016-01-20","1957","","","",""
"2016-01-21","1944","","","",""
"2016-01-22","1965","3.81","5.3","",""
"2016-01-25","1954","","","",""
"2016-01-26","1959","","","",""
"2016-01-27","1964","","","",""
"2016-01-28","1963","","","",""
"2016-01-29","1932","2.66","5.2","",""
"2016-02-01","1952","","","",""
"2016-02-02","1962","","","",""
"2016-02-03","1958","","","",""
"2016-02-04","1945","","","",""
"2016-02-05","1921","1.92","","",""
"2016-02-12","","0.63","","",""
"2016-02-15","1893","","","",""
"2016-02-16","1913","","","",""
"2016-02-17","1900","","","",""
"2016-02-18","1904","","","",""
"2016-02-19","1897","1.4","8","",""
"2016-02-22","1929","","","",""
"2016-02-23","1918","","","",""
"2016-02-24","1884","","","",""
"2016-02-25","1880","","","",""
"2016-02-26","1870","4.94","9.2","",""
"2016-02-29","1836","","","",""
"2016-03-01","1848","","","",""
"2016-03-02","1859","","","",""
"2016-03-03","1887","","","",""
"2016-03-04","1909","4.38","7.5","",""
"2016-03-07","1965","","","",""
"2016-03-08","1927","","","",""
"2016-03-09","1930","","","",""
"2016-03-10","1897","","","",""
"2016-03-11","1915","4.41","7.85","",""
"2016-03-14","1915","","","",""
"2016-03-15","1887","","","",""
"2016-03-16","1873","","","",""
"2016-03-17","1901","","","",""
"2016-03-18","1891","3.64","8.45","",""
"2016-03-21","1926","","","",""
"2016-03-22","1975","","","",""
"2016-03-23","1977","","","",""
"2016-03-24","2009","","","",""
"2016-03-25","2012","3.21","8.75","",""
"2016-03-28","1990","","","",""
"2016-03-29","1981","","","",""
"2016-03-30","1984","","","",""
"2016-03-31","1943","","","",""
"2016-04-01","1946","3.47","9","",""
"2016-04-05","1971","","","",""
"2016-04-06","1955","","","",""
"2016-04-07","1961","","","",""
"2016-04-08","1952","3.03","9.38","",""
"2016-04-11","1984","","","",""
"2016-04-12","2025","","","",""
"2016-04-13","2050","","","",""
"2016-04-14","2070","","","",""
"2016-04-15","2065","3.97","9.46","",""
"2016-04-18","2098","","","",""
"2016-04-19","2110","","","",""
"2016-04-20","2185","","","",""
"2016-04-21","2251","","","",""
"2016-04-22","2137","3.32","8.55","",""
"2016-04-25","2139","","","",""
"2016-04-26","2181","","","",""
"2016-04-27","2192","","","",""
"2016-04-28","2160","","","",""
"2016-04-29","2151","4.84","9.7","",""
"2016-05-03","2230","","","",""
"2016-05-04","2192","","","",""
"2016-05-05","2217","","","",""
"2016-05-06","2176","5.06","9.45","",""
"2016-05-09","2204","","","",""
"2016-05-10","2174","","","",""
"2016-05-11","2272","","","",""
"2016-05-12","2300","","","",""
"2016-05-13","2240","4.61","9.8","",""
"2016-05-16","2272","","","",""
"2016-05-17","2329","","","",""
"2016-05-18","2363","","","",""
"2016-05-19","2383","","","",""
"2016-05-20","2409","4.61","8.49","",""
"2016-05-23","2347","","","",""
"2016-05-24","2259","","","",""
"2016-05-25","2253","","","",""
"2016-05-26","2346","","","",""
"2016-05-27","2341","4.35","8.25","",""
"2016-05-30","2436","","","",""
"2016-05-31","2426","","","",""
"2016-06-01","2399","","","",""
"2016-06-02","2498","","","",""
"2016-06-03","2553","4.06","8.7","",""
"2016-06-06","2567","","","",""
"2016-06-07","2581","","","",""
"2016-06-08","2590","","","",""
"2016-06-10","","2.8","7.73","",""
"2016-06-13","2694","","","",""
"2016-06-14","2655","","","",""
"2016-06-15","2712","","","",""
"2016-06-16","2620","","","",""
"2016-06-17","2657","2.12","6.42","",""
"2016-06-20","2684","","","",""
"2016-06-21","2661","","","",""
"2016-06-22","2675","","","",""
"2016-06-23","2635","","","",""
"2016-06-24","2632","3.83","5.9","",""
"2016-06-27","2738","","","",""
"2016-06-28","2814","","","",""
"2016-06-29","2818","","","",""
"2016-06-30","2889","","","",""
"2016-07-01","2908","3.78","5.59","",""
"2016-07-04","2930","","","",""
"2016-07-05","2814","","","",""
"2016-07-06","2724","","","",""
"2016-07-07","2630","","","",""
"2016-07-08","2528","4.25","5.69","",""
"2016-07-11","2540","","","",""
"2016-07-12","2579","","","",""
"2016-07-13","2688","","","",""
"2016-07-14","2702","","","",""
"2016-07-15","2578","2.67","4.83","",""
"2016-07-18","2538","","","",""
"2016-07-19","2589","","","",""
"2016-07-20","2517","","","",""
"2016-07-21","2554","","","",""
"2016-07-22","2450","2.52","3.69","",""
"2016-07-25","2458","","","",""
"2016-07-26","2485","","","",""
"2016-07-27","2492","","","",""
"2016-07-28","2492","","","",""
"2016-07-29","2474","3.91","3.23","",""
"2016-08-01","2509","","","",""
"2016-08-02","2466","","","",""
"2016-08-03","2469","","","",""
"2016-08-04","2453","","","",""
"2016-08-05","2502","4.18","3.12","",""
"2016-08-08","2357","","","",""
"2016-08-09","2384","","","",""
"2016-08-10","2442","","","",""
"2016-08-11","2408","","","",""
"2016-08-12","2390","4.12","5.45","",""
"2016-08-15","2431","","","",""
"2016-08-16","2419","","","",""
"2016-08-17","2412","","","",""
"2016-08-18","2359","","","",""
"2016-08-19","2309","5.03","4.26","",""
"2016-08-22","2325","","","",""
"2016-08-23","2312","","","",""
"2016-08-24","2278","","","",""
"2016-08-25","2319","","","",""
"2016-08-26","2294","4.21","3.54","",""
"2016-08-29","2280","","","",""
"2016-08-30","2268","","","",""
"2016-08-31","2236","","","",""
"2016-09-01","2214","","","",""
"2016-09-02","2213","4.34","3.3","",""
"2016-09-05","2185","","","",""
"2016-09-06","2223","","","",""
"2016-09-07","2266","","","",""
"2016-09-08","2273","","","",""
"2016-09-09","2262","4.59","1.56","",""
"2016-09-12","2270","","","",""
"2016-09-13","2258","","","",""
"2016-09-14","2221","","","",""
"2016-09-16","","5.31","1.59","",""
"2016-09-19","2290","","","",""
"2016-09-20","2305","","","",""
"2016-09-21","2308","","","",""
"2016-09-22","2276","","","",""
"2016-09-23","2241","4.04","1.34","",""
"2016-09-26","2223","","","",""
"2016-09-27","2200","","","",""
"2016-09-28","2203","","","",""
"2016-09-29","2214","","","",""
"2016-09-30","2171","3.85","1.78","",""
"2016-10-07","","1.92","1.35","",""
"2016-10-10","2148","","","",""
"2016-10-11","2170","","","",""
"2016-10-12","2144","","","",""
"2016-10-13","2135","","","",""
"2016-10-14","2174","3.12","0.72","",""
"2016-10-17","2219","","","",""
"2016-10-18","2228","","","",""
"2016-10-19","2195","","","",""
"2016-10-20","2253","","","",""
"2016-10-21","2266","3.83","1.57","",""
"2016-10-24","2286","","","",""
"2016-10-25","2259","","","",""
"2016-10-26","2291","","","",""
"2016-10-27","2351","","","",""
"2016-10-28","2340","3.5","1.82","",""
"2016-10-31","2305","","","",""
"2016-11-01","2298","","","",""
"2016-11-02","2196","","","",""
"2016-11-03","2192","","","",""
"2016-11-04","2166","1.24","1.67","",""
"2016-11-07","2210","","","",""
"2016-11-08","2233","","","",""
"2016-11-09","2198","","","",""
"2016-11-10","2325","","","",""
"2016-11-11","2405","1.18","0.61","",""
"2016-11-14","2263","","","",""
"2016-11-15","2247","","","",""
"2016-11-16","2315","","","",""
"2016-11-17","2318","","","",""
"2016-11-18","2295","1.04","0.13","",""
"2016-11-21","2383","","","",""
"2016-11-22","2414","","","",""
"2016-11-23","2412","","","",""
"2016-11-24","2377","","","",""
"2016-11-25","2393","1.95","0.14","",""
"2016-11-28","2469","","","",""
"2016-11-29","2508","","","",""
"2016-11-30","2450","","","",""
"2016-12-01","2456","","","",""
"2016-12-02","2422","3.44","0.2","",""
"2016-12-05","2447","","","",""
"2016-12-06","2446","","","",""
"2016-12-07","2468","","","",""
"2016-12-08","2429","","","",""
"2016-12-09","2388","4.24","1.16","",""
"2016-12-12","2443","","","",""
"2016-12-13","2470","","","",""
"2016-12-14","2418","","","",""
"2016-12-15","2426","","","",""
"2016-12-16","2431","4.15","0.33","",""
"2016-12-19","2429","","","",""
"2016-12-20","2343","","","",""
"2016-12-21","2327","","","",""
"2016-12-22","2306","","","",""
"2016-12-23","2318","3.99","2.55","",""
"2016-12-26","2281","","","",""
"2016-12-27","2320","","","",""
"2016-12-28","2342","","","",""
"2016-12-29","2336","","","",""
"2016-12-30","2308","3.07","2.16","",""
"2017-01-03","2278","","","",""
"2017-01-04","2310","","","",""
"2017-01-05","2301","","","",""
"2017-01-06","2296","3.06","3.7","",""
"2017-01-09","2290","","","",""
"2017-01-10","2291","","","",""
"2017-01-11","2331","","","",""
"2017-01-12","2324","","","",""
"2017-01-13","2386","3.26","3.5","",""
"2017-01-16","2426","","","",""
"2017-01-17","2435","","","",""
"2017-01-18","2446","","","",""
"2017-01-19","2464","","","",""
"2017-01-20","2432","4.98","5.43","",""
"2017-01-23","2432","","","",""
"2017-01-24","2443","","","",""
"2017-01-25","2391","","","",""
"2017-01-26","2414","","","",""
"2017-01-27","","1.15","","",""
"2017-02-03","2405","2.32","6.5","",""
"2017-02-06","2452","","","",""
"2017-02-07","2450","","","",""
"2017-02-08","2493","","","",""
"2017-02-09","2480","","","",""
"2017-02-10","2518","4.04","6.73","",""
"2017-02-13","2506","","","",""
"2017-02-14","2480","","","",""
"2017-02-15","2465","","","",""
"2017-02-16","2478","","","",""
"2017-02-17","2430","5.1","6.3","",""
"2017-02-20","2438","","","",""
"2017-02-21","2467","","","",""
"2017-02-22","2429","","","",""
"2017-02-23","2384","","","",""
"2017-02-24","2394","4.29","11.22","",""
"2017-02-27","2411","","","",""
"2017-02-28","2396","","","",""
"2017-03-01","2426","","","",""
"2017-03-02","2459","","","",""
"2017-03-03","2450","5.43","5.91","",""
"2017-03-06","2488","","","",""
"2017-03-07","2480","","","",""
"2017-03-08","2423","","","",""
"2017-03-09","2421","","","",""
"2017-03-10","2384","6.53","7.88","",""
"2017-03-13","2395","","","",""
"2017-03-14","2358","","","",""
"2017-03-15","2388","","","",""
"2017-03-16","2381","","","",""
"2017-03-17","2370","3.86","7.3","",""
"2017-03-20","2419","","","",""
"2017-03-21","2399","","","",""
"2017-03-22","2407","","","",""
"2017-03-23","2354","","","",""
"2017-03-24","2338","4.53","7.5","",""
"2017-03-27","2341","","","",""
"2017-03-28","2338","","","",""
"2017-03-29","2360","","","",""
"2017-03-30","2339","","","",""
"2017-03-31","2334","2.86","7.5","",""
"2017-04-05","2316","","","",""
"2017-04-06","2319","","","",""
"2017-04-07","2289","4.29","6.8","",""
"2017-04-10","2326","","","",""
"2017-04-11","2332","","","",""
"2017-04-12","2365","","","",""
"2017-04-13","2408","","","",""
"2017-04-14","2410","5.21","5.61","",""
"2017-04-17","2419","","","",""
"2017-04-18","2405","","","",""
"2017-04-19","2449","","","",""
"2017-04-20","2441","","","",""
"2017-04-21","2436","6.04","5.85","",""
"2017-04-24","2464","","","",""
"2017-04-25","2460","","","",""
"2017-04-26","2403","","","",""
"2017-04-27","2392","","","",""
"2017-04-28","2399","5.7","7.38","",""
"2017-05-02","2477","","","",""
"2017-05-03","2467","","","",""
"2017-05-04","2473","","","",""
"2017-05-05","2449","4.65","7.7","",""
"2017-05-08","2420","","","",""
"2017-05-09","2414","","","",""
"2017-05-10","2430","","","",""
"2017-05-11","2431","","","",""
"2017-05-12","2372","5.01","6.2","",""
"2017-05-15","2358","","","",""
"2017-05-16","2346","","","",""
"2017-05-17","2373","","","",""
"2017-05-18","2327","","","",""
"2017-05-19","2323","5.68","6.25","",""
"2017-05-22","2345","","","",""
"2017-05-23","2322","","","",""
"2017-05-24","2330","","","",""
"2017-05-25","2330","","","",""
"2017-05-26","2293","6.07","6.55","",""
"2017-05-31","2187","","","",""
"2017-06-01","2205","","","",""
"2017-06-02","2207","5.01","6.53","",""
"2017-06-05","2219","","","",""
"2017-06-06","2218","","","",""
"2017-06-07","2223","","","",""
"2017-06-08","2232","","","",""
"2017-06-09","2237","5.58","6.12","",""
"2017-06-12","2235","","","",""
"2017-06-13","2221","","","",""
"2017-06-14","2243","","","",""
"2017-06-15","2238","","","",""
"2017-06-16","2253","5.31","4.35","",""
"2017-06-19","2272","","","",""
"2017-06-20","2275","","","",""
"2017-06-21","2273","","","",""
"2017-06-22","2232","","","",""
"2017-06-23","2219","4.14","4.12","",""
"2017-06-26","2228","","","",""
"2017-06-27","2230","","","",""
"2017-06-28","2224","","","",""
"2017-06-29","2234","","","",""
"2017-06-30","2216","5.65","5.12","",""
"2017-07-03","2328","","","",""
"2017-07-04","2341","","","",""
"2017-07-05","2344","","","",""
"2017-07-06","2343","","","",""
"2017-07-07","2349","5.69","5.76","",""
"2017-07-10","2406","","","",""
"2017-07-11","2411","","","",""
"2017-07-12","2416","","","",""
"2017-07-13","2393","","","",""
"2017-07-14","2340","5.31","5.51","",""
"2017-07-17","2335","","","",""
"2017-07-18","2339","","","",""
"2017-07-19","2334","","","",""
"2017-07-20","2345","","","",""
"2017-07-21","2358","6.61","5.52","",""
"2017-07-24","2289","","","",""
"2017-07-25","2330","","","",""
"2017-07-26","2276","","","",""
"2017-07-27","2285","","","",""
"2017-07-28","2291","5.01","4.47","",""
"2017-07-31","2333","","","",""
"2017-08-01","2317","","","",""
"2017-08-02","2312","","","",""
"2017-08-03","2279","","","",""
"2017-08-04","2182","4.76","3.34","",""
"2017-08-07","2190","","","",""
"2017-08-08","2229","","","",""
"2017-08-09","2242","","","",""
"2017-08-10","2252","","","",""
"2017-08-11","2177","6.11","3.5","",""
"2017-08-14","2166","","","",""
"2017-08-15","2157","","","",""
"2017-08-16","2140","","","",""
"2017-08-17","2152","","","",""
"2017-08-18","2150","4.82","3.5","",""
"2017-08-21","2165","","","",""
"2017-08-22","2184","","","",""
"2017-08-23","2182","","","",""
"2017-08-24","2176","","","",""
"2017-08-25","2177","4.88","2.04","",""
"2017-08-28","2194","","","",""
"2017-08-29","2177","","","",""
"2017-08-30","2155","","","",""
"2017-08-31","2151","","","",""
"2017-09-01","2153","6.48","3.17","",""
"2017-09-04","2166","","","",""
"2017-09-05","2170","","","",""
"2017-09-06","2177","","","",""
"2017-09-07","2192","","","",""
"2017-09-08","2163","5.67","4.65","",""
"2017-09-11","2172","","","",""
"2017-09-12","2166","","","",""
"2017-09-13","2123","","","",""
"2017-09-14","2146","","","",""
"2017-09-15","2159","5.28","4.91","",""
"2017-09-18","2172","","","",""
"2017-09-19","2157","","","",""
"2017-09-20","2162","","","",""
"2017-09-21","2184","","","",""
"2017-09-22","2248","4.99","3.85","",""
"2017-09-25","2258","","","",""
"2017-09-26","2244","","","",""
"2017-09-27","2243","","","",""
"2017-09-28","2220","","","",""
"2017-09-29","2174","4.26","2.67","",""
"2017-10-06","","2.55","","",""
"2017-10-09","2213","","","",""
"2017-10-10","2213","","","",""
"2017-10-11","2207","","","",""
"2017-10-12","2204","","","",""
"2017-10-13","2284","3.55","2","",""
"2017-10-16","2276","","","",""
"2017-10-17","2269","","","",""
"2017-10-18","2264","","","",""
"2017-10-19","2275","","","",""
"2017-10-20","2273","3.33","","",""
"2017-10-23","2249","","","",""
"2017-10-24","2242","","","",""
"2017-10-25","2254","","","",""
"2017-10-26","2224","","","",""
"2017-10-27","2209","4.65","2.13","",""
"2017-10-30","2216","","","",""
"2017-10-31","2192","","","",""
"2017-11-01","2199","","","",""
"2017-11-02","2207","","","",""
"2017-11-03","2202","2.7","1.87","",""
"2017-11-06","2193","","","",""
"2017-11-07","2215","","","",""
"2017-11-08","2222","","","",""
"2017-11-09","2236","","","",""
"2017-11-10","2206","4.08","2.12","",""
"2017-11-13","2227","","","",""
"2017-11-14","2226","","","",""
"2017-11-15","2256","","","",""
"2017-11-16","2284","","","",""
"2017-11-17","2277","5.05","3.94","",""
"2017-11-20","2328","","","",""
"2017-11-21","2343","","","",""
"2017-11-22","2327","","","",""
"2017-11-23","2319","","","",""
"2017-11-24","2333","3.95","4.7","",""
"2017-11-27","2310","","","",""
"2017-11-28","2314","","","",""
"2017-11-29","2311","","","",""
"2017-11-30","2301","","","",""
"2017-12-01","2281","2.43","6.05","",""
"2017-12-04","2341","","","",""
"2017-12-05","2329","","","",""
"2017-12-06","2355","","","",""
"2017-12-07","2373","","","",""
"2017-12-08","2367","2.58","6.35","",""
"2017-12-11","2347","","","",""
"2017-12-12","2345","","","",""
"2017-12-13","2350","","","",""
"2017-12-14","2326","","","",""
"2017-12-15","2324","2.55","5.7","",""
"2017-12-18","2339","","","",""
"2017-12-19","2333","","","",""
"2017-12-20","2315","","","",""
"2017-12-21","2300","","","",""
"2017-12-22","2299","3.33","5.18","",""
"2017-12-25","2304","","","",""
"2017-12-26","2328","","","",""
"2017-12-27","2336","","","",""
"2017-12-28","2327","","","",""
"2017-12-29","2290","3.73","6.73","",""
"2018-01-02","2288","","","",""
"2018-01-03","2294","","","",""
"2018-01-04","2283","","","",""
"2018-01-05","2293","3.61","8.85","",""
"2018-01-08","2280","","","",""
"2018-01-09","2296","","","",""
"2018-01-10","2287","","","",""
"2018-01-11","2270","","","",""
"2018-01-12","2246","3.6","9.85","",""
"2018-01-15","2270","","","",""
"2018-01-16","2269","","","",""
"2018-01-17","2280","","","",""
"2018-01-18","2275","","","",""
"2018-01-19","2294","4.28","6.25","",""
"2018-01-22","2302","","","",""
"2018-01-23","2305","","","",""
"2018-01-24","2283","","","",""
"2018-01-25","2315","","","",""
"2018-01-26","2298","3.17","6.46","",""
"2018-01-29","2340","","","",""
"2018-01-30","2343","","","",""
"2018-01-31","2345","","","",""
"2018-02-01","2338","","","",""
"2018-02-02","2311","2.46","5.7","",""
"2018-02-05","2313","","","",""
"2018-02-06","2303","","","",""
"2018-02-07","2335","","","",""
"2018-02-08","2338","","","",""
"2018-02-09","2334","2.29","7.5","",""
"2018-02-12","2380","","","",""
"2018-02-13","2371","","","",""
"2018-02-14","2380","","","",""
"2018-02-16","","2.75","","",""
"2018-02-22","2464","","","",""
"2018-02-23","2461","0.91","7.45","",""
"2018-02-26","2466","","","",""
"2018-02-27","2463","","","",""
"2018-02-28","2493","","","",""
"2018-03-01","2506","","","",""
"2018-03-02","2578","3.45","6.7","",""
"2018-03-05","2570","","","",""
"2018-03-06","2565","","","",""
"2018-03-07","2553","","","",""
"2018-03-08","2548","","","",""
"2018-03-09","2537","5.05","6.02","",""
"2018-03-12","2517","","","",""
"2018-03-13","2517","","","",""
"2018-03-14","2525","","","",""
"2018-03-15","2494","","","",""
"2018-03-16","2510","5.81","7.85","",""
"2018-03-19","2484","","","",""
"2018-03-20","2477","","","",""
"2018-03-21","2475","","","",""
"2018-03-22","2461","","","",""
"2018-03-23","2502","5.7","7.33","",""
"2018-03-26","2518","","","",""
"2018-03-27","2481","","","",""
"2018-03-28","2489","","","",""
"2018-03-29","2475","","","",""
"2018-03-30","2561","3.26","7.1","",""
"2018-04-02","2589","","","",""
"2018-04-03","2578","","","",""
"2018-04-04","2623","","","",""
"2018-04-06","","2.7","6.85","",""
"2018-04-09","2712","","","",""
"2018-04-10","2686","","","",""
"2018-04-11","2686","","","",""
"2018-04-12","2663","","","",""
"2018-04-13","2675","3.23","5.78","",""
"2018-04-16","2660","","","",""
"2018-04-17","2697","","","",""
"2018-04-18","2664","","","",""
"2018-04-19","2657","","","",""
"2018-04-20","2664","3.73","4.92","",""
"2018-04-23","2653","","","",""
"2018-04-24","2645","","","",""
"2018-04-25","2662","","","",""
"2018-04-26","2650","","","",""
"2018-04-27","2646","3.95","4.3","",""
"2018-05-02","2676","","","",""
"2018-05-03","2680","","","",""
"2018-05-04","2650","4.76","5.6","",""
"2018-05-07","2623","","","",""
"2018-05-08","2559","","","",""
"2018-05-09","2561","","","",""
"2018-05-10","2573","","","",""
"2018-05-11","2528","3.01","6.1","",""
"2018-05-14","2500","","","",""
"2018-05-15","2495","","","",""
"2018-05-16","2444","","","",""
"2018-05-17","2445","","","",""
"2018-05-18","2444","3.49","5.1","",""
"2018-05-21","2443","","","",""
"2018-05-22","2441","","","",""
"2018-05-23","2475","","","",""
"2018-05-24","2533","","","",""
"2018-05-25","2516","4.46","5.75","",""
"2018-05-28","2526","","","",""
"2018-05-29","2559","","","",""
"2018-05-30","2531","","","",""
"2018-05-31","2505","","","",""
"2018-06-01","2498","5.23","5.9","",""
"2018-06-04","2506","","","",""
"2018-06-05","2480","","","",""
"2018-06-06","2481","","","",""
"2018-06-07","2459","","","",""
"2018-06-08","2379","5.78","5.2","",""
"2018-06-11","2370","","","",""
"2018-06-12","2367","","","",""
"2018-06-13","2379","","","",""
"2018-06-14","2384","","","",""
"2018-06-15","2380","5.01","5.6","",""
"2018-06-19","2454","","","",""
"2018-06-20","2451","","","",""
"2018-06-21","2440","","","",""
"2018-06-22","2380","4.97","6.8","",""
"2018-06-25","2407","","","",""
"2018-06-26","2439","","","",""
"2018-06-27","2489","","","",""
"2018-06-28","2489","","","",""
"2018-06-29","2532","5.14","5.9","",""
"2018-07-02","2588","","","",""
"2018-07-03","2569","","","",""
"2018-07-04","2538","","","",""
"2018-07-05","2553","","","",""
"2018-07-06","2545","4.92","5.1","",""
"2018-07-09","2537","","","",""
"2018-07-10","2527","","","",""
"2018-07-11","2516","","","",""
"2018-07-12","2502","","","",""
"2018-07-13","2490","5.28","2.61","",""
"2018-07-16","2508","","","",""
"2018-07-17","2534","","","",""
"2018-07-18","2500","","","",""
"2018-07-19","2518","","","",""
"2018-07-20","2524","5.86","4","",""
"2018-07-23","2513","","","",""
"2018-07-24","2520","","","",""
"2018-07-25","2520","","","",""
"2018-07-26","2528","","","",""
"2018-07-27","2508","5.94","3.95","",""
"2018-07-30","2538","","","",""
"2018-07-31","2534","","","",""
"2018-08-01","2474","","","",""
"2018-08-02","2476","","","",""
"2018-08-03","2441","5.94","4.8","",""
"2018-08-06","2486","","","",""
"2018-08-07","2501","","","",""
"2018-08-08","2544","","","",""
"2018-08-09","2544","","","",""
"2018-08-10","2549","5.78","4.29","",""
"2018-08-13","2489","","","",""
"2018-08-14","2534","","","",""
"2018-08-15","2557","","","",""
"2018-08-16","2518","","","",""
"2018-08-17","2504","5.78","4.36","",""
"2018-08-20","2479","","","",""
"2018-08-21","2471","","","",""
"2018-08-22","2484","","","",""
"2018-08-23","2410","","","",""
"2018-08-24","2413","6.55","4.73","",""
"2018-08-27","2348","","","",""
"2018-08-28","2356","","","",""
"2018-08-29","2360","","","",""
"2018-08-30","2385","","","",""
"2018-08-31","2378","6.55","4.28","",""
"2018-09-03","2385","","","",""
"2018-09-04","2357","","","",""
"2018-09-05","2360","","","",""
"2018-09-06","2375","","","",""
"2018-09-07","2337","5.78","3.35","",""
"2018-09-10","2386","","","",""
"2018-09-11","2404","","","",""
"2018-09-12","2384","","","",""
"2018-09-13","2334","","","",""
"2018-09-14","2344","7.32","3.4","",""
"2018-09-17","2336","","","",""
"2018-09-18","2353","","","",""
"2018-09-19","2357","","","",""
"2018-09-20","2383","","","",""
"2018-09-21","2390","7.32","3.75","",""
"2018-09-25","2452","","","",""
"2018-09-26","2464","","","",""
"2018-09-27","2487","","","",""
"2018-09-28","2508","7.43","","",""
"2018-10-05","","5.73","","",""
"2018-10-08","2581","","","",""
"2018-10-09","2609","","","",""
"2018-10-10","2623","","","",""
"2018-10-11","2605","","","",""
"2018-10-12","2593","5.31","0.68","",""
"2018-10-15","2590","","","",""
"2018-10-16","2593","","","",""
"2018-10-17","2580","","","",""
"2018-10-18","2567","","","",""
"2018-10-19","2570","4.25","0.15","",""
"2018-10-22","2511","","","",""
"2018-10-23","2505","","","",""
"2018-10-24","2534","","","",""
"2018-10-25","2514","","","",""
"2018-10-26","2558","4.87","0.43","",""
"2018-10-29","2543","","","",""
"2018-10-30","2482","","","",""
"2018-10-31","2494","","","",""
"2018-11-01","2460","","","",""
"2018-11-02","2346","3.39","0.73","",""
"2018-11-05","2378","","","",""
"2018-11-06","2378","","","",""
"2018-11-07","2393","","","",""
"2018-11-08","2335","","","",""
"2018-11-09","2326","4.05","1.35","",""
"2018-11-12","2326","","","",""
"2018-11-13","2326","","","",""
"2018-11-14","2316","","","",""
"2018-11-15","2285","","","",""
"2018-11-16","2356","4.05","3.47","",""
"2018-11-19","2347","","","",""
"2018-11-20","2336","","","",""
"2018-11-21","2381","","","",""
"2018-11-22","2363","","","",""
"2018-11-23","2316","5.29","3.7","",""
"2018-11-26","2233","","","",""
"2018-11-27","2196","","","",""
"2018-11-28","2198","","","",""
"2018-11-29","2196","","","",""
"2018-11-30","2192","3.77","3","",""
"2018-12-03","2202","","","",""
"2018-12-04","2169","","","",""
"2018-12-05","2205","","","",""
"2018-12-06","2239","","","",""
"2018-12-07","2257","4.27","2.85","",""
"2018-12-10","2223","","","",""
"2018-12-11","2227","","","",""
"2018-12-12","2227","","","",""
"2018-12-13","2222","","","",""
"2018-12-14","2177","5.37","4.1","",""
"2018-12-17","2165","","","",""
"2018-12-18","2172","","","",""
"2018-12-19","2171","","","",""
"2018-12-20","2175","","","",""
"2018-12-21","2174","5.28","3.3","",""
"2018-12-24","2111","","","",""
"2018-12-25","2107","","","",""
"2018-12-26","2108","","","",""
"2018-12-27","2102","","","",""
"2018-12-28","2097","5.78","3.75","",""
"2019-01-02","2123","","","",""
"2019-01-03","2139","","","",""
"2019-01-04","2177","5.89","3.8","",""
"2019-01-07","2176","","","",""
"2019-01-08","2171","","","",""
"2019-01-09","2179","","","",""
"2019-01-10","2170","","","",""
"2019-01-11","2139","6.44","2.2","",""
"2019-01-14","2100","","","",""
"2019-01-15","2110","","","",""
"2019-01-16","2091","","","",""
"2019-01-17","2103","","","",""
"2019-01-18","2115","5.45","","",""
"2019-01-21","2145","","","",""
"2019-01-22","2159","","","",""
"2019-01-23","2148","","","",""
"2019-01-24","2158","","","",""
"2019-01-25","2138","2.55","3.1","",""
"2019-01-28","2136","","","",""
"2019-01-29","2112","","","",""
"2019-01-30","2108","","","",""
"2019-01-31","2133","","","",""
"2019-02-01","2131","3.1","2.45","",""
"2019-02-08","","2.97","","",""
"2019-02-11","2185","","","",""
"2019-02-12","2208","","","",""
"2019-02-13","2204","","","",""
"2019-02-14","2192","","","",""
"2019-02-15","2163","1.79","2.65","",""
"2019-02-18","2158","","","",""
"2019-02-19","2154","","","",""
"2019-02-20","2114","","","",""
"2019-02-21","2116","","","",""
"2019-02-22","2115","3.88","2.75","",""
"2019-02-25","2098","","","",""
"2019-02-26","2108","","","",""
"2019-02-27","2074","","","",""
"2019-02-28","2079","","","",""
"2019-03-01","2172","4.33","3.25","",""
"2019-03-04","2146","","","",""
"2019-03-05","2158","","","",""
"2019-03-06","2177","","","",""
"2019-03-07","2180","","","",""
"2019-03-08","2236","4.33","3.45","",""
"2019-03-11","2226","","","",""
"2019-03-12","2173","","","",""
"2019-03-13","2170","","","",""
"2019-03-14","2181","","","",""
"2019-03-15","2193","3.66","","",""
"2019-03-18","2213","","","",""
"2019-03-19","2220","","","",""
"2019-03-20","2210","","","",""
"2019-03-21","2208","","","",""
"2019-03-22","2230","3.01","5.05","",""
"2019-03-25","2214","","","",""
"2019-03-26","2216","","","",""
"2019-03-27","2236","","","",""
"2019-03-28","2177","","","",""
"2019-03-29","2164","3","3.75","",""
"2019-04-01","2148","","","",""
"2019-04-02","2194","","","",""
"2019-04-03","2222","","","",""
"2019-04-04","2220","","","",""
"2019-04-05","","3.97","3.95","",""
"2019-04-08","2221","","","",""
"2019-04-09","2176","","","",""
"2019-04-10","2179","","","",""
"2019-04-11","2215","","","",""
"2019-04-12","2193","2.42","","",""
"2019-04-15","2227","","","",""
"2019-04-16","2231","","","",""
"2019-04-17","2214","","","",""
"2019-04-18","2212","","","",""
"2019-04-19","2230","3.55","3.45","",""
"2019-04-22","2226","","","",""
"2019-04-23","2221","","","",""
"2019-04-24","2210","","","",""
"2019-04-25","2181","","","",""
"2019-04-26","2172","2.65","3.05","",""
"2019-04-29","2185","","","",""
"2019-04-30","2183","","","",""
"2019-05-03","","1.76","3.35","",""
"2019-05-06","2184","","","",""
"2019-05-07","2209","","","",""
"2019-05-08","2215","","","",""
"2019-05-09","2270","","","",""
"2019-05-10","2261","0.77","3.45","",""
"2019-05-13","2267","","","",""
"2019-05-14","2261","","","",""
"2019-05-15","2289","","","",""
"2019-05-16","2336","","","",""
"2019-05-17","2335","1.87","2.75","",""
"2019-05-20","2358","","","",""
"2019-05-21","2418","","","",""
"2019-05-22","2407","","","",""
"2019-05-23","2412","","","",""
"2019-05-24","2417","3.29","3.75","",""
"2019-05-27","2460","","","",""
"2019-05-28","2478","","","",""
"2019-05-29","2592","","","",""
"2019-05-30","2510","","","",""
"2019-05-31","2519","3.39","4.15","",""
"2019-06-03","2541","","","",""
"2019-06-04","2570","","","",""
"2019-06-05","2533","","","",""
"2019-06-06","2478","","","",""
"2019-06-07","","2.93","2.95","",""
"2019-06-10","2468","","","",""
"2019-06-11","2466","","","",""
"2019-06-12","2460","","","",""
"2019-06-13","2523","","","",""
"2019-06-14","2523","3.31","3.5","",""
"2019-06-17","2565","","","",""
"2019-06-18","2526","","","",""
"2019-06-19","2475","","","",""
"2019-06-20","2488","","","",""
"2019-06-21","2531","0.9","2.45","",""
"2019-06-24","2580","","","",""
"2019-06-25","2600","","","",""
"2019-06-26","2575","","","",""
"2019-06-27","2565","","","",""
"2019-06-28","2580","1.67","1.95","",""
"2019-07-01","2511","","","",""
"2019-07-02","2477","","","",""
"2019-07-03","2468","","","",""
"2019-07-04","2460","","","",""
"2019-07-05","2454","2.66","2.45","",""
"2019-07-08","2443","","","",""
"2019-07-09","2412","","","",""
"2019-07-10","2433","","","",""
"2019-07-11","2430","","","",""
"2019-07-12","2432","1.38","2.35","",""
"2019-07-15","2487","","","",""
"2019-07-16","2428","","","",""
"2019-07-17","2446","","","",""
"2019-07-18","2442","","","",""
"2019-07-19","2435","1.66","3.35","",""
"2019-07-22","2389","","","",""
"2019-07-23","2412","","","",""
"2019-07-24","2381","","","",""
"2019-07-25","2387","","","",""
"2019-07-26","2362","2.07","2.75","",""
"2019-07-29","2375","","","",""
"2019-07-30","2392","","","",""
"2019-07-31","2408","","","",""
"2019-08-01","2381","","","",""
"2019-08-02","2414","1.85","6.57","",""
"2019-08-05","2470","","","",""
"2019-08-06","2461","","","",""
"2019-08-07","2495","","","",""
"2019-08-08","2462","","","",""
"2019-08-09","2491","3.41","9.1","",""
"2019-08-12","2489","","","",""
"2019-08-13","2519","","","",""
"2019-08-14","2467","","","",""
"2019-08-15","2456","","","",""
"2019-08-16","2444","2.2","8.97","",""
"2019-08-19","2307","","","",""
"2019-08-20","2320","","","",""
"2019-08-21","2333","","","",""
"2019-08-22","2364","","","",""
"2019-08-23","2378","1.27","9.52","",""
"2019-08-26","2403","","","",""
"2019-08-27","2365","","","",""
"2019-08-28","2384","","","",""
"2019-08-29","2396","","","",""
"2019-08-30","2354","2.09","9.02","",""
"2019-09-02","2395","","","",""
"2019-09-03","2407","","","",""
"2019-09-04","2381","","","",""
"2019-09-05","2336","","","",""
"2019-09-06","2280","4.02","5.4","",""
"2019-09-09","2269","","","",""
"2019-09-10","2274","","","",""
"2019-09-11","2244","","","",""
"2019-09-12","2260","","","",""
"2019-09-13","","3.47","5.43","",""
"2019-09-16","2251","","","",""
"2019-09-17","2260","","","",""
"2019-09-18","2265","","","",""
"2019-09-19","2272","","","",""
"2019-09-20","2267","1.82","5.2","",""
"2019-09-23","2272","","","",""
"2019-09-24","2273","","","",""
"2019-09-25","2285","","","",""
"2019-09-26","2266","","","",""
"2019-09-27","2252","1.76","4.25","",""
"2019-09-30","2282","","","",""
"2019-10-04","","2.92","4.65","",""
"2019-10-08","2313","","","",""
"2019-10-09","2355","","","",""
"2019-10-10","2355","","","",""
"2019-10-11","2377","0.55","3.75","",""
"2019-10-14","2349","","","",""
"2019-10-15","2351","","","",""
"2019-10-16","2354","","","",""
"2019-10-17","2350","","","",""
"2019-10-18","2360","1.65","3.98","",""
"2019-10-21","2421","","","",""
"2019-10-22","2397","","","",""
"2019-10-23","2392","","","",""
"2019-10-24","2362","","","",""
"2019-10-25","2349","2.12","2.12","",""
"2019-10-28","2322","","","",""
"2019-10-29","2324","","","",""
"2019-10-30","2323","","","",""
"2019-10-31","2292","","","",""
"2019-11-01","2287","2.12","3.26","",""
"2019-11-04","2276","","","",""
"2019-11-05","2269","","","",""
"2019-11-06","2234","","","",""
"2019-11-07","2240","","","",""
"2019-11-08","2246","2.12","3.73","",""
"2019-11-11","2197","","","",""
"2019-11-12","2190","","","",""
"2019-11-13","2190","","","",""
"2019-11-14","2175","","","",""
"2019-11-15","2179","1.68","3.73","",""
"2019-11-18","2202","","","",""
"2019-11-19","2201","","","",""
"2019-11-20","2196","","","",""
"2019-11-21","2210","","","",""
"2019-11-22","2185","2.12","4.03","",""
"2019-11-25","2214","","","",""
"2019-11-26","2220","","","",""
"2019-11-27","2197","","","",""
"2019-11-28","2207","","","",""
"2019-11-29","2195","1.79","3.83","",""
"2019-12-02","2199","","","",""
"2019-12-03","2237","","","",""
"2019-12-04","2231","","","",""
"2019-12-05","2229","","","",""
"2019-12-06","2232","1.79","1.63","",""
"2019-12-09","2241","","","",""
"2019-12-10","2279","","","",""
"2019-12-11","2291","","","",""
"2019-12-12","2244","","","",""
"2019-12-13","2288","1.54","1.43","",""
"2019-12-16","2287","","","",""
"2019-12-17","2290","","","",""
"2019-12-18","2290","","","",""
"2019-12-19","2274","","","",""
"2019-12-20","2273","1.54","1.48","",""
"2019-12-23","2287","","","",""
"2019-12-24","2272","","","",""
"2019-12-25","2276","","","",""
"2019-12-26","2260","","","",""
"2019-12-27","2275","1.68","1.83","",""
"2019-12-30","2322","","","",""
"2019-12-31","2327","","","",""
"2020-01-02","2327","","","",""
"2020-01-03","2329","1.35","2.83","",""
"2020-01-06","2308","","","",""
"2020-01-07","2337","","","",""
"2020-01-08","2318","","","",""
"2020-01-09","2314","","","",""
"2020-01-10","2263","0.61","1.78","",""
"2020-01-13","2269","","","",""
"2020-01-14","2248","","","",""
"2020-01-15","2275","","","",""
"2020-01-16","2271","","","",""
"2020-01-17","2261","1.35","1.53","",""
"2020-01-20","2274","","","",""
"2020-01-21","2304","","","",""
"2020-01-22","2249","","","",""
"2020-01-23","2234","","","",""
"2020-01-24","","1.54","","",""
"2020-01-31","","0.58","2.03","5.649",""
"2020-02-03","2163","","","",""
"2020-02-04","2243","","","",""
"2020-02-05","2231","","","",""
"2020-02-06","2229","","","",""
"2020-02-07","2232","1.02","2.33","",""
"2020-02-10","2253","","","",""
"2020-02-11","2246","","","",""
"2020-02-12","2241","","","",""
"2020-02-13","2294","","","",""
"2020-02-14","2293","2.01","2.63","",""
"2020-02-17","2318","","","",""
"2020-02-18","2295","","","",""
"2020-02-19","2294","","","",""
"2020-02-20","2293","","","",""
"2020-02-21","2294","1.43","2.98","",""
"2020-02-24","2243","","","",""
"2020-02-25","2264","","","",""
"2020-02-26","2265","","","",""
"2020-02-27","2298","","","",""
"2020-02-28","2240","0.77","2.23","",""
"2020-02-29","","","","7.09",""
"2020-03-02","2370","","","",""
"2020-03-03","2377","","","",""
"2020-03-04","2372","","","",""
"2020-03-05","2374","","","",""
"2020-03-06","2334","2.09","1.73","",""
"2020-03-09","2269","","","",""
"2020-03-10","2296","","","",""
"2020-03-11","2290","","","",""
"2020-03-12","2279","","","",""
"2020-03-13","2308","2.23","2.26","",""
"2020-03-16","2305","","","",""
"2020-03-17","2332","","","",""
"2020-03-18","2317","","","",""
"2020-03-19","2295","","","",""
"2020-03-20","2361","2.12","2.89","",""
"2020-03-23","2477","","","",""
"2020-03-24","2410","","","",""
"2020-03-25","2449","","","",""
"2020-03-26","2398","","","",""
"2020-03-27","2504","2.56","2.95","",""
"2020-03-30","2519","","","",""
"2020-03-31","2508","","","10.2",""
"2020-04-01","2391","","","",""
"2020-04-02","2380","","","",""
"2020-04-03","2325","2.45","3.48","",""
"2020-04-07","2358","","","",""
"2020-04-08","2379","","","",""
"2020-04-09","2390","","","",""
"2020-04-10","2387","3.82","4.33","",""
"2020-04-13","2369","","","",""
"2020-04-14","2375","","","",""
"2020-04-15","2392","","","",""
"2020-04-16","2334","","","",""
"2020-04-17","2347","3.82","3.43","",""
"2020-04-20","2314","","","",""
"2020-04-21","2322","","","",""
"2020-04-22","2350","","","",""
"2020-04-23","2373","","","",""
"2020-04-24","2372","3.05","1.5","",""
"2020-04-27","2412","","","",""
"2020-04-28","2353","","","",""
"2020-04-29","2333","","","",""
"2020-04-30","2328","","","12.95",""
"2020-05-01","","3.33","1.2","",""
"2020-05-06","2375","","","",""
"2020-05-07","2375","","","",""
"2020-05-08","2339","3.66","1.85","",""
"2020-05-11","2322","","","",""
"2020-05-12","2324","","","",""
"2020-05-13","2314","","","",""
"2020-05-14","2298","","","",""
"2020-05-15","2294","2.81","1.7","",""
"2020-05-18","2331","","","",""
"2020-05-19","2310","","","",""
"2020-05-20","2323","","","",""
"2020-05-21","2295","","","",""
"2020-05-22","2306","3.66","2.2","",""
"2020-05-25","2333","","","",""
"2020-05-26","2329","","","",""
"2020-05-27","2345","","","",""
"2020-05-28","2355","","","",""
"2020-05-29","2365","3.66","3.4","",""
"2020-05-31","","","","11.39",""
"2020-06-01","2334","","","",""
"2020-06-02","2334","","","",""
"2020-06-03","2343","","","",""
"2020-06-04","2382","","","",""
"2020-06-05","2394","3","5.4","",""
"2020-06-08","2370","","","",""
"2020-06-09","2375","","","",""
"2020-06-10","2365","","","",""
"2020-06-11","2330","","","",""
"2020-06-12","2358","2.78","2.9","",""
"2020-06-15","2320","","","",""
"2020-06-16","2333","","","",""
"2020-06-17","2325","","","",""
"2020-06-18","2334","","","",""
"2020-06-19","2321","2.78","2.6","",""
"2020-06-22","2346","","","",""
"2020-06-23","2332","","","",""
"2020-06-24","2331","","","",""
"2020-06-26","","2.78","2.8","",""
"2020-06-29","2309","","","",""
"2020-06-30","2320","","","11",""
"2020-07-01","2372","","","",""
"2020-07-02","2382","","","",""
"2020-07-03","2382","2.14","2.7","",""
"2020-07-06","2387","","","",""
"2020-07-07","2384","","","",""
"2020-07-08","2384","","","",""
"2020-07-09","2387","","","",""
"2020-07-10","2387","3.47","2.7","",""
"2020-07-13","2331","","","",""
"2020-07-14","2326","","","",""
"2020-07-15","2333","","","",""
"2020-07-16","2363","","","",""
"2020-07-17","2372","3.03","2.47","",""
"2020-07-20","2430","","","",""
"2020-07-21","2437","","","",""
"2020-07-22","2442","","","",""
"2020-07-23","2444","","","",""
"2020-07-24","2454","3.47","1.81","",""
"2020-07-27","2464","","","",""
"2020-07-28","2394","","","",""
"2020-07-29","2403","","","",""
"2020-07-30","2378","","","",""
"2020-07-31","2392","3.47","3","13.59",""
"2020-08-03","2398","","","",""
"2020-08-04","2382","","","",""
"2020-08-05","2349","","","",""
"2020-08-06","2362","","","",""
"2020-08-07","2327","3.47","2.5","",""
"2020-08-10","2348","","","",""
"2020-08-11","2313","","","",""
"2020-08-12","2323","","","",""
"2020-08-13","2335","","","",""
"2020-08-14","2325","3.47","2.6","",""
"2020-08-17","2329","","","",""
"2020-08-18","2294","","","",""
"2020-08-19","2288","","","",""
"2020-08-20","2285","","","",""
"2020-08-21","2274","2.92","2.6","",""
"2020-08-24","2276","","","",""
"2020-08-25","2323","","","",""
"2020-08-26","2344","","","",""
"2020-08-27","2341","","","",""
"2020-08-28","2348","2.92","1.5","",""
"2020-08-31","2363","","","15.22",""
"2020-09-01","2335","","","",""
"2020-09-02","2334","","","",""
"2020-09-03","2332","","","",""
"2020-09-04","2374","3.03","0.8","",""
"2020-09-07","2379","","","",""
"2020-09-08","2385","","","",""
"2020-09-09","2362","","","",""
"2020-09-10","2358","","","",""
"2020-09-11","2428","3.03","0.43","",""
"2020-09-14","2457","","","",""
"2020-09-15","2443","","","",""
"2020-09-16","2397","","","",""
"2020-09-17","2398","","","",""
"2020-09-18","2468","3.03","0","",""
"2020-09-21","2454","","","",""
"2020-09-22","2419","","","",""
"2020-09-23","2398","","","",""
"2020-09-24","2390","","","",""
"2020-09-25","2373","3.41","0","",""
"2020-09-28","2365","","","",""
"2020-09-29","2325","","","",""
"2020-09-30","2323","","","16.01",""
"2020-10-02","","3.36","","",""
"2020-10-09","2446","3.03","0","",""
"2020-10-12","2530","","","",""
"2020-10-13","2512","","","",""
"2020-10-14","2494","","","",""
"2020-10-15","2495","","","",""
"2020-10-16","2501","2.81","0","",""
"2020-10-19","2493","","","",""
"2020-10-20","2532","","","",""
"2020-10-21","2523","","","",""
"2020-10-22","2516","","","",""
"2020-10-23","2479","3.3","0.43","",""
"2020-10-26","2498","","","",""
"2020-10-27","2491","","","",""
"2020-10-28","2495","","","",""
"2020-10-29","2452","","","",""
"2020-10-30","2448","3.03","0","",""
"2020-10-31","","","","13.25",""
"2020-11-02","2456","","","",""
"2020-11-03","2460","","","",""
"2020-11-04","2483","","","",""
"2020-11-05","2586","","","",""
"2020-11-06","2573","2.7","0","",""
"2020-11-09","2510","","","",""
"2020-11-10","2471","","","",""
"2020-11-11","2523","","","",""
"2020-11-12","2497","","","",""
"2020-11-13","2485","2.37","0","",""
"2020-11-16","2456","","","",""
"2020-11-17","2469","","","",""
"2020-11-18","2490","","","",""
"2020-11-19","2528","","","",""
"2020-11-20","2559","2.7","0","",""
"2020-11-23","2595","","","",""
"2020-11-24","2555","","","",""
"2020-11-25","2558","","","",""
"2020-11-26","2554","","","",""
"2020-11-27","2530","2.7","0","",""
"2020-11-30","2570","","","9.48",""
"2020-12-01","2507","","","",""
"2020-12-02","2465","","","",""
"2020-12-03","2463","","","",""
"2020-12-04","2471","2.7","0.5","",""
"2020-12-07","2478","","","",""
"2020-12-08","2464","","","",""
"2020-12-09","2469","","","",""
"2020-12-10","2505","","","",""
"2020-12-11","2446","2.7","0.45","",""
"2020-12-14","2482","","","",""
"2020-12-15","2525","","","",""
"2020-12-16","2571","","","",""
"2020-12-17","2592","","","",""
"2020-12-18","2622","3.47","0.85","",""
"2020-12-21","2722","","","",""
"2020-12-22","2731","","","",""
"2020-12-23","2759","","","",""
"2020-12-24","2741","","","",""
"2020-12-25","2745","3.14","1.8","",""
"2020-12-28","2747","","","",""
"2020-12-29","2708","","","",""
"2020-12-30","2793","","","",""
"2020-12-31","2883","","","10.14",""
"2021-01-01","","3.47","2.5","",""
"2021-01-04","2872","","","",""
"2021-01-05","2873","","","",""
"2021-01-06","2911","","","",""
"2021-01-07","2895","","","",""
"2021-01-08","2926","3.08","2.2","",""
"2021-01-11","2986","","","",""
"2021-01-12","3010","","","",""
"2021-01-13","3154","","","",""
"2021-01-14","3131","","","",""
"2021-01-15","3095","3.08","4.15","",""
"2021-01-18","3062","","","",""
"2021-01-19","3052","","","",""
"2021-01-20","2918","","","",""
"2021-01-21","2940","","","",""
"2021-01-22","2861","3.08","4.25","",""
"2021-01-25","2810","","","",""
"2021-01-26","2803","","","",""
"2021-01-27","2872","","","",""
"2021-01-28","2841","","","",""
"2021-01-29","2857","2.47","4.02","",""
"2021-01-31","","","","11.65",""
"2021-02-01","2867","","","",""
"2021-02-02","2810","","","",""
"2021-02-03","2788","","","",""
"2021-02-04","2871","","","",""
"2021-02-05","2919","3.08","4.72","",""
"2021-02-08","2886","","","",""
"2021-02-09","2942","","","",""
"2021-02-10","2906","","","",""
"2021-02-12","","2.09","","",""
"2021-02-18","2937","","","",""
"2021-02-19","2918","2.97","5.92","",""
"2021-02-22","2964","","","",""
"2021-02-23","3038","","","",""
"2021-02-24","3048","","","",""
"2021-02-25","3043","","","",""
"2021-02-26","2907","3.19","5.8","",""
"2021-02-28","","","","7",""
"2021-03-01","2874","","","",""
"2021-03-02","2817","","","",""
"2021-03-03","2868","","","",""
"2021-03-04","2838","","","",""
"2021-03-05","2876","3.52","6.2","",""
"2021-03-08","2954","","","",""
"2021-03-09","2874","","","",""
"2021-03-10","2803","","","",""
"2021-03-11","2709","","","",""
"2021-03-12","2732","3.52","6","",""
"2021-03-15","2780","","","",""
"2021-03-16","2808","","","",""
"2021-03-17","2843","","","",""
"2021-03-18","2831","","","",""
"2021-03-19","2861","4.02","6.6","",""
"2021-03-22","2863","","","",""
"2021-03-23","2824","","","",""
"2021-03-24","2856","","","",""
"2021-03-25","2890","","","",""
"2021-03-26","2933","4.07","7.2","",""
"2021-03-29","2891","","","",""
"2021-03-30","2879","","","",""
"2021-03-31","2832","","","14",""
"2021-04-01","2981","","","",""
"2021-04-02","2989","4.29","7.2","",""
"2021-04-06","2942","","","",""
"2021-04-07","2969","","","",""
"2021-04-08","2961","","","",""
"2021-04-09","2977","4.18","8.66","",""
"2021-04-12","2905","","","",""
"2021-04-13","2867","","","",""
"2021-04-14","2799","","","",""
"2021-04-15","2792","","","",""
"2021-04-16","2798","3.96","8.45","","75636"
"2021-04-19","2943","","","",""
"2021-04-20","2984","","","",""
"2021-04-21","3015","","","",""
"2021-04-22","3047","","","",""
"2021-04-23","3052","3.96","8.14","","9364"
"2021-04-26","3055","","","",""
"2021-04-27","3080","","","",""
"2021-04-28","3033","","","",""
"2021-04-29","3024","","","",""
"2021-04-30","3020","3.3","7.91","9.84","17000"
"2021-05-06","3119","","","",""
"2021-05-07","3174","4.18","8.68","","11967"
"2021-05-10","3143","","","",""
"2021-05-11","3089","","","",""
"2021-05-12","3190","","","",""
"2021-05-13","3094","","","",""
"2021-05-14","3008","2.48","7.62","","7378"
"2021-05-17","3001","","","",""
"2021-05-18","3013","","","",""
"2021-05-19","2989","","","",""
"2021-05-20","2982","","","",""
"2021-05-21","2920","3.22","7.39","","94282"
"2021-05-24","2939","","","",""
"2021-05-25","2938","","","",""
"2021-05-26","2931","","","",""
"2021-05-27","2894","","","",""
"2021-05-28","2963","3.03","7.92","","13298"
"2021-05-31","2943","","","15.6",""
"2021-06-01","2960","","","",""
"2021-06-02","2996","","","",""
"2021-06-03","3025","","","",""
"2021-06-04","2935","2.09","7.31","","8829"
"2021-06-07","3036","","","",""
"2021-06-08","3047","","","",""
"2021-06-09","3044","","","",""
"2021-06-10","3047","","","",""
"2021-06-11","3047","1.68","5.74","","26241"
"2021-06-15","2906","","","",""
"2021-06-16","2891","","","",""
"2021-06-17","2869","","","",""
"2021-06-18","2792","2.64","4.8","","11390"
"2021-06-21","2809","","","",""
"2021-06-22","2816","","","",""
"2021-06-23","2814","","","",""
"2021-06-24","2831","","","",""
"2021-06-25","2830","3.17","3.89","","34066"
"2021-06-28","2883","","","",""
"2021-06-29","2891","","","",""
"2021-06-30","2920","","","17.39",""
"2021-07-01","3048","","","",""
"2021-07-02","3108","3.6","3.46","","10959"
"2021-07-05","3082","","","",""
"2021-07-06","3067","","","",""
"2021-07-07","2997","","","",""
"2021-07-08","2988","","","",""
"2021-07-09","2980","3.63","3.12","","16923"
"2021-07-12","3001","","","",""
"2021-07-13","3023","","","",""
"2021-07-14","3046","","","",""
"2021-07-15","3069","","","",""
"2021-07-16","3060","3.03","3.35","","33501"
"2021-07-19","3086","","","",""
"2021-07-20","3101","","","",""
"2021-07-21","3078","","","",""
"2021-07-22","3007","","","",""
"2021-07-23","2947","2.15","2.73","","45833"
"2021-07-26","2896","","","",""
"2021-07-27","2908","","","",""
"2021-07-28","2919","","","",""
"2021-07-29","2965","","","",""
"2021-07-30","3012","2.04","1.85","","40814"
"2021-07-31","","","","12.715",""
"2021-08-02","3007","","","",""
"2021-08-03","3013","","","",""
"2021-08-04","2976","","","",""
"2021-08-05","2937","","","",""
"2021-08-06","2955","1.21","0.25","","47389"
"2021-08-09","3010","","","",""
"2021-08-10","3029","","","",""
"2021-08-11","3016","","","",""
"2021-08-12","2934","","","",""
"2021-08-13","3025","2.92","0.42","","27282"
"2021-08-16","2969","","","",""
"2021-08-17","2991","","","",""
"2021-08-18","2991","","","",""
"2021-08-19","2924","","","",""
"2021-08-20","2885","2.81","1.03","","44003"
"2021-08-23","2857","","","",""
"2021-08-24","2862","","","",""
"2021-08-25","2849","","","",""
"2021-08-26","2892","","","",""
"2021-08-27","2883","3.16","1.46","","51036"
"2021-08-30","2894","","","",""
"2021-08-31","2887","","","10.48",""
"2021-09-01","2849","","","",""
"2021-09-02","2871","","","",""
"2021-09-03","2848","2.75","1.45","","12131"
"2021-09-06","2851","","","",""
"2021-09-07","2888","","","",""
"2021-09-08","2822","","","",""
"2021-09-09","2788","","","",""
"2021-09-10","2824","2.37","1.05","","4900"
"2021-09-13","2868","","","",""
"2021-09-14","2892","","","",""
"2021-09-15","2901","","","",""
"2021-09-16","2924","","","",""
"2021-09-17","2939","1.6","0.46","","66000"
"2021-09-22","2895","","","",""
"2021-09-23","2901","","","",""
"2021-09-24","2871","2.37","0.58","","16000"
"2021-09-27","2883","","","",""
"2021-09-28","2821","","","",""
"2021-09-29","2802","","","",""
"2021-09-30","2771","","","9.83",""
"2021-10-01","","2.59","","","68800"
"2021-10-08","2681","3.69","1.02","","16000"
"2021-10-11","2700","","","",""
"2021-10-12","2688","","","",""
"2021-10-13","2620","","","",""
"2021-10-14","2638","","","",""
"2021-10-15","2626","3.41","1.91","","8800"
"2021-10-18","2585","","","",""
"2021-10-19","2599","","","",""
"2021-10-20","2614","","","",""
"2021-10-21","2609","","","",""
"2021-10-22","2646","1.6","1.44","","8800"
"2021-10-25","2657","","","",""
"2021-10-26","2628","","","",""
"2021-10-27","2628","","","",""
"2021-10-28","2655","","","",""
"2021-10-29","2647","2.26","1.22","","6000"
"2021-10-31","","","","9.48",""
"2021-11-01","2553","","","",""
"2021-11-02","2522","","","",""
"2021-11-03","2532","","","",""
"2021-11-04","2570","","","",""
"2021-11-05","2496","2.81","1.6","","2000"
"2021-11-08","2545","","","",""
"2021-11-09","2587","","","",""
"2021-11-10","2628","","","",""
"2021-11-11","2669","","","",""
"2021-11-12","2689","2.61","2.2","","5000"
"2021-11-15","2702","","","",""
"2021-11-16","2750","","","",""
"2021-11-17","2746","","","",""
"2021-11-18","2749","","","",""
"2021-11-19","2792","3","2.6","","7800"
"2021-11-22","2710","","","",""
"2021-11-23","2759","","","",""
"2021-11-24","2764","","","",""
"2021-11-25","2738","","","",""
"2021-11-26","2688","1.89","1.78","","2400"
"2021-11-29","2715","","","",""
"2021-11-30","2680","","","5.52",""
"2021-12-01","2670","","","",""
"2021-12-02","2688","","","",""
"2021-12-03","2734","1.86","2.4","","3000"
"2021-12-06","2717","","","",""
"2021-12-07","2700","","","",""
"2021-12-08","2695","","","",""
"2021-12-09","2798","","","",""
"2021-12-10","2831","3.71","3.8","","6600"
"2021-12-13","2815","","","",""
"2021-12-14","2854","","","",""
"2021-12-15","2958","","","",""
"2021-12-16","2891","","","",""
"2021-12-17","2924","3.83","4.8","","4200"
"2021-12-20","2904","","","",""
"2021-12-21","2893","","","",""
"2021-12-22","2896","","","",""
"2021-12-23","2955","","","",""
"2021-12-24","2983","4.06","5.3","","5000"
"2021-12-27","2936","","","",""
"2021-12-28","2963","","","",""
"2021-12-29","2931","","","",""
"2021-12-30","2935","","","",""
"2021-12-31","2912","3.77","5.3","10.03","4000"
"2022-01-04","2981","","","",""
"2022-01-05","2996","","","",""
"2022-01-06","2918","","","",""
"2022-01-07","2938","2.41","6.63","","4500"
"2022-01-10","2941","","","",""
"2022-01-11","2930","","","",""
"2022-01-12","2956","","","",""
"2022-01-13","2946","","","",""
"2022-01-14","2890","1.91","6.33","","6800"
"2022-01-17","2868","","","",""
"2022-01-18","2872","","","",""
"2022-01-19","2899","","","",""
"2022-01-20","2959","","","",""
"2022-01-21","3004","1.22","5.5","","20520"
"2022-01-24","3022","","","",""
"2022-01-25","3033","","","",""
"2022-01-26","3055","","","",""
"2022-01-27","3153","","","",""
"2022-01-28","3161","0.75","4.63","","10350"
"2022-01-31","","","","8.56",""
"2022-02-04","","0.75","4.63","","7659"
"2022-02-07","3425","","","",""
"2022-02-08","3390","","","",""
"2022-02-09","3420","","","",""
"2022-02-10","3444","","","",""
"2022-02-11","3423","1.45","4.56","","5000"
"2022-02-14","3423","","","",""
"2022-02-15","3416","","","",""
"2022-02-16","3428","","","",""
"2022-02-17","3486","","","",""
"2022-02-18","3505","1.68","3.65","","7405"
"2022-02-21","3502","","","",""
"2022-02-22","3592","","","",""
"2022-02-23","3641","","","",""
"2022-02-24","3825","","","",""
"2022-02-25","3612","1.97","3.24","","16204"
"2022-02-28","3587","","","6.94",""
"2022-03-01","3655","","","",""
"2022-03-02","3686","","","",""
"2022-03-03","3694","","","",""
"2022-03-04","3688","2.03","2.97","","23852"
"2022-03-07","3913","","","",""
"2022-03-08","4052","","","",""
"2022-03-09","4131","","","",""
"2022-03-10","4069","","","",""
"2022-03-11","4084","2.49","3.71","","16745"
"2022-03-14","4038","","","",""
"2022-03-15","3910","","","",""
"2022-03-16","4021","","","",""
"2022-03-17","3982","","","",""
"2022-03-18","4093","1.8","3.5","","10134"
"2022-03-21","4134","","","",""
"2022-03-22","4285","","","",""
"2022-03-23","4000","","","",""
"2022-03-24","3959","","","",""
"2022-03-25","3940","1.86","3.25","","44120"
"2022-03-28","3906","","","",""
"2022-03-29","3911","","","",""
"2022-03-30","3831","","","",""
"2022-03-31","3848","","","4.7",""
"2022-04-01","3624","1.74","2.96","","30860"
"2022-04-06","3660","","","",""
"2022-04-07","3709","","","",""
"2022-04-08","3745","1.28","3.05","","18920"
"2022-04-11","3765","","","",""
"2022-04-12","3735","","","",""
"2022-04-13","3687","","","",""
"2022-04-14","3771","","","",""
"2022-04-15","3760","1.74","3.2","","8000"
"2022-04-18","3803","","","",""
"2022-04-19","3866","","","",""
"2022-04-20","3836","","","",""
"2022-04-21","3862","","","",""
"2022-04-22","3749","1.8","5.12","","10600"
"2022-04-25","3597","","","",""
"2022-04-26","3667","","","",""
"2022-04-27","3728","","","",""
"2022-04-28","3825","","","",""
"2022-04-29","3835","0.46","5","","6500"
"2022-04-30","","","","1.79",""
"2022-05-05","3799","","","",""
"2022-05-06","3645","0","4.41","","25560"
"2022-05-09","3551","","","",""
"2022-05-10","3611","","","",""
"2022-05-11","3609","","","",""
"2022-05-12","3597","","","",""
"2022-05-13","3685","1.28","4.8","","7440"
"2022-05-16","3761","","","",""
"2022-05-17","3759","","","",""
"2022-05-18","3752","","","",""
"2022-05-19","3730","","","",""
"2022-05-20","3796","0.55","4.26","","48121"
"2022-05-23","3755","","","",""
"2022-05-24","3629","","","",""
"2022-05-25","3664","","","",""
"2022-05-26","3653","","","",""
"2022-05-27","3712","0.46","4.23","","5300"
"2022-05-30","3763","","","",""
"2022-05-31","3781","","","2.22",""
"2022-06-01","3671","","","",""
"2022-06-02","3710","","","",""
"2022-06-03","","1.45","5.25","","10210"
"2022-06-06","3734","","","",""
"2022-06-07","3655","","","",""
"2022-06-08","3767","","","",""
"2022-06-09","3748","","","",""
"2022-06-10","3851","1.68","6.45","","23250"
"2022-06-13","3721","","","",""
"2022-06-14","3687","","","",""
"2022-06-15","3662","","","",""
"2022-06-16","3661","","","",""
"2022-06-17","3744","2.14","6.34","","26500"
"2022-06-20","3648","","","",""
"2022-06-21","3621","","","",""
"2022-06-22","3554","","","",""
"2022-06-23","3425","","","",""
"2022-06-24","3327","1.39","6.09","","20600"
"2022-06-27","3356","","","",""
"2022-06-28","2838","","","",""
"2022-06-29","2815","","","",""
"2022-06-30","2831","","","2.26",""
"2022-07-01","2834","1.97","5.44","","20900"
"2022-07-04","2769","","","",""
"2022-07-05","2767","","","",""
"2022-07-06","2688","","","",""
"2022-07-07","2780","","","",""
"2022-07-08","2823","0.52","4.74","","22800"
"2022-07-11","2880","","","",""
"2022-07-12","2852","","","",""
"2022-07-13","2819","","","",""
"2022-07-14","2839","","","",""
"2022-07-15","2751","0.43","4.9","","18800"
"2022-07-18","2863","","","",""
"2022-07-19","2785","","","",""
"2022-07-20","2703","","","",""
"2022-07-21","2695","","","",""
"2022-07-22","2636","1.24","4.65","","43900"
"2022-07-25","2625","","","",""
"2022-07-26","2683","","","",""
"2022-07-27","2714","","","",""
"2022-07-28","2768","","","",""
"2022-07-29","2752","1.33","3.96","","15200"
"2022-07-31","","","","7.19",""
"2022-08-01","2761","","","",""
"2022-08-02","2721","","","",""
"2022-08-03","2718","","","",""
"2022-08-04","2729","","","",""
"2022-08-05","2852","1.16","4.87","","28200"
"2022-08-08","2811","","","",""
"2022-08-09","2792","","","",""
"2022-08-10","2837","","","",""
"2022-08-11","2845","","","",""
"2022-08-12","2906","2.9","5.2","","25000"
"2022-08-15","2830","","","",""
"2022-08-16","2829","","","",""
"2022-08-17","2827","","","",""
"2022-08-18","2770","","","",""
"2022-08-19","2833","2.09","3.87","","44900"
"2022-08-22","2848","","","",""
"2022-08-23","2980","","","",""
"2022-08-24","3019","","","",""
"2022-08-25","2976","","","",""
"2022-08-26","2910","1.91","3.05","","41100"
"2022-08-29","2894","","","",""
"2022-08-30","2867","","","",""
"2022-08-31","2901","","","8.71",""
"2022-09-01","2887","","","",""
"2022-09-02","2927","0.81","2.66","","25490"
"2022-09-05","2946","","","",""
"2022-09-06","2914","","","",""
"2022-09-07","2953","","","",""
"2022-09-08","2939","","","",""
"2022-09-09","2957","1.58","2.63","","63520"
"2022-09-13","3149","","","",""
"2022-09-14","3132","","","",""
"2022-09-15","3073","","","",""
"2022-09-16","3079","1.78","2.2","","57000"
"2022-09-19","3067","","","",""
"2022-09-20","3044","","","",""
"2022-09-21","3065","","","",""
"2022-09-22","3108","","","",""
"2022-09-23","3085","1.28","1.27","","57500"
"2022-09-26","3053","","","",""
"2022-09-27","3104","","","",""
"2022-09-28","3169","","","",""
"2022-09-30","","1.16","","",""
